biblio_id;judul_buku;kode_ddc;ddc_bersih;program_studi_ddc;program_studi_prediksi;confidence;multilabel_list
1;3000 huruf mandarin;495.1;495;Umum;Umum;100.0;Umum
2;302 Rangkaian Elektronika;621.381;621;Teknik Elektro;Teknik Elektro;100.0;Teknik Elektro
3;36 kesalahan terbesar para penjual;380.1;380;Administrasi Niaga;Administrasi Niaga;88.16;Administrasi Niaga
4;40 Manfaat Shalat Berjamaah;297.2;297;Umum;Umum;100.0;Umum
5;A guide to graphic print production;006.6;6;Teknik Informatika & Komputer;Teknik Grafika & Penerbitan;89.6;Teknik Grafika & Penerbitan
6;A Practical english course;425;425;Umum;Umum;100.0;Umum
7;A Tale from Lombok : Danawasari;42.649;649;Umum;Umum;100.0;Umum
8;A user's guide to electrical PPE;621.319;621;Teknik Elektro;Teknik Elektro;92.94;Teknik Elektro
9;Accounting principles : Pengantar akuntansi buku 1;657;657;Akuntansi;Akuntansi;100.0;Akuntansi
11;Administrasi Kepegawaian;351.1;351;Umum;Umum;63.96;Umum, Administrasi Niaga
12;Advanced Engineering Economics;65815;658;Administrasi Niaga;Administrasi Niaga;97.82;Administrasi Niaga
13;Ahli sunnah meryawali ahmadiyah;297.86;297;Umum;Umum;100.0;Umum
14;Ajaran Mahatma Gandhi;923.2;923;Umum;Umum;100.0;Umum
15;Akuntansi Biaya;657.42;657;Akuntansi;Akuntansi;98.09;Akuntansi
16;Akuntansi Biaya : Perencanaan Dan Pengendalian;657.42;657;Akuntansi;Akuntansi;96.66;Akuntansi
17;Akuntansi biaya jilid 1;657.42;657;Akuntansi;Akuntansi;100.0;Akuntansi
18;Akuntansi intermediate;657.044;657;Akuntansi;Akuntansi;97.42;Akuntansi
20;Akuntansi Keuangan lanjutan;657;657;Akuntansi;Akuntansi;100.0;Akuntansi
21;Akuntansi manajerial : Suatu pengantar;657;657;Akuntansi;Akuntansi;84.08;Akuntansi, Administrasi Niaga
22;Angel of mine;813;813;Umum;Umum;100.0;Umum
23;Antena weirless...;621.382 4;621;Teknik Elektro;Teknik Elektro;93.32;Teknik Elektro
24;Apics training aid : Inventory management an introduction;658.5;658;Administrasi Niaga;Administrasi Niaga;100.0;Administrasi Niaga
25;Aplikasi program terintegrasi dengan VB 6.0;005.74;5;Teknik Informatika & Komputer;Teknik Informatika & Komputer;99.72;Teknik Informatika & Komputer
26;Aplikasi web dengan PHP dan Mysql;004.678;4;Teknik Informatika & Komputer;Teknik Informatika & Komputer;100.0;Teknik Informatika & Komputer
27;Aqidah ahlussunah wal jamaah;297.5;297;Umum;Umum;100.0;Umum
28;Arsitektur;721;721;Teknik Grafika & Penerbitan;Teknik Grafika & Penerbitan;94.79;Teknik Grafika & Penerbitan
29;Auditing;657.45;657;Akuntansi;Akuntansi;100.0;Akuntansi
30;Australia traineeship system : Occupational health and safety;363.11;363;Umum;Umum;99.37;Umum
31;Automotive control engineering;629.8;629;Teknik Mesin;Teknik Mesin;82.45;Teknik Mesin, Teknik Informatika & Komputer
32;Banking and finance on the internet;332;332;Akuntansi;Akuntansi;93.27;Akuntansi
33;Basic and applied thermodynamics;536.7;536;Teknik Elektro;Teknik Elektro;91.32;Teknik Elektro
34;BAsic Engineering circuit analysis;621.319 2;621;Teknik Elektro;Teknik Elektro;100.0;Teknik Elektro
35;Basic Hidrolics;627.042;627;Teknik Sipil;Teknik Sipil;78.4;Teknik Sipil, Teknik Mesin
36;Belajar bahasa Korea;495.7;495;Umum;Umum;100.0;Umum
39;Belajar Cepat  Microsoft Word 2007;005.3;5;Teknik Informatika & Komputer;Teknik Informatika & Komputer;97.68;Teknik Informatika & Komputer
40;Belajar otodidak word,exel,power point 2007;005.1;5;Teknik Informatika & Komputer;Teknik Informatika & Komputer;100.0;Teknik Informatika & Komputer
41;Berbagai makalah Sistem informasi;026.04;26;Teknik Informatika & Komputer;Teknik Informatika & Komputer;79.92;Teknik Informatika & Komputer
42;Bisnis;650;650;Administrasi Niaga;Administrasi Niaga;100.0;Administrasi Niaga
45;Breaking down;813;813;Umum;Umum;100.0;Umum
46;Builder's detail sheets;691.18;691;Teknik Sipil;Teknik Sipil;91.39;Teknik Sipil
47;Buku Pedoman Transistor;621.382;621;Teknik Elektro;Teknik Elektro;95.31;Teknik Elektro
48;Buku Pegangan tentang Teknik Beton;624;624;Teknik Sipil;Teknik Sipil;100.0;Teknik Sipil
49;Buku pintar penyuntingan naskah Edisi 2;808;808;Umum;Umum;97.91;Umum
50;Business Governence and society;332.3;332;Akuntansi;Akuntansi;73.92;Akuntansi, Umum
51;Business Research Methods;658.007 2;658;Administrasi Niaga;Administrasi Niaga;94.8;Administrasi Niaga
52;Capita selekta aliran-aliran sempalan di Indonesia;297.259;297;Umum;Umum;97.27;Umum
53;Cara cepat memahami akuntansi perbankan syariah berdasarkan PSAK dan PAPSI;657.833 3;657;Akuntansi;Akuntansi;100.0;Akuntansi
54;Cara mudah membangun website interactif...;005.269;5;Teknik Informatika & Komputer;Teknik Informatika & Komputer;100.0;Teknik Informatika & Komputer
55;Catur;794.1;794;Umum;Umum;94.29;Umum
56;Cellular Radio : Analog and Digital Systems;621.384;621;Teknik Elektro;Teknik Elektro;94.37;Teknik Elektro
57;Cendrawasih the unhappy bird of paradise;428.6499;428;Umum;Umum;100.0;Umum
58;Cepat mahir gui matlab;005.1;5;Teknik Informatika & Komputer;Teknik Informatika & Komputer;99.5;Teknik Informatika & Komputer
59;Chicken Soup for The Teenage Soul III;813;813;Umum;Umum;100.0;Umum
60;Circuit analysis;621.381;621;Teknik Elektro;Teknik Elektro;90.79;Teknik Elektro
61;Cloud computing explained;006.78;6;Teknik Informatika & Komputer;Teknik Informatika & Komputer;100.0;Teknik Informatika & Komputer
62;Coal Tar Products & Related Dyes;661.803;661;Teknik Mesin;Teknik Mesin;77.07;Teknik Mesin
63;Coal-fired power generation handbook;621.312;621;Teknik Elektro;Teknik Elektro;71.72;Teknik Elektro, Teknik Mesin
64;Common mistakes in english;421;421;Umum;Umum;100.0;Umum
65;Communication system;621.382;621;Teknik Elektro;Teknik Elektro;93.31;Teknik Elektro
66;Computer Literacy : A hands On Approach;001.642;1;Teknik Informatika & Komputer;Teknik Informatika & Komputer;100.0;Teknik Informatika & Komputer
67;Comunication system;621382;621;Teknik Elektro;Teknik Elektro;100.0;Teknik Elektro
68;Construction management fundamentals;624.063;624;Teknik Sipil;Teknik Sipil;90.99;Teknik Sipil
69;Construction of lower-cost housing;690.032;690;Teknik Sipil;Teknik Sipil;87.48;Teknik Sipil
70;Construction Planning, Equipment, And Methods;624;624;Teknik Sipil;Teknik Sipil;92.0;Teknik Sipil
71;Control systems engineering;621.317;621;Teknik Elektro;Teknik Elektro;55.71;Teknik Elektro, Teknik Mesin, Teknik Informatika & Komputer
72;Daftar Analisa Upah & Bahan BOW;658.3;658;Administrasi Niaga;Administrasi Niaga;98.52;Administrasi Niaga
74;Daftar Analisa Upah Dan Bahan;658.3;658;Administrasi Niaga;Administrasi Niaga;93.84;Administrasi Niaga
75;Daftar analisa upah dan bahan : BOW;658.3;658;Administrasi Niaga;Administrasi Niaga;99.68;Administrasi Niaga
76;Daftar analisa upah dan bangunan;658.3;658;Administrasi Niaga;Administrasi Niaga;86.86;Administrasi Niaga
77;Daftar istilah-istilah untuk kerekayasaan;401.4;401;Umum;Umum;52.13;Umum
78;Dasar Penyusunan Anggaran Biaya Bangunan;658.2;658;Administrasi Niaga;Administrasi Niaga;100.0;Administrasi Niaga
79;Dasar perencanaan pemilihan elemen mesin;621.83;621;Teknik Mesin;Teknik Mesin;95.3;Teknik Mesin
80;Dasar-dasar bahasa Jepang;495.6;495;Umum;Umum;99.54;Umum
81;Dasar-dasar fisika;530;530;Teknik Elektro;Teknik Elektro;100.0;Teknik Elektro
82;Dasar-dasar fisika Jil.2;530;530;Teknik Elektro;Teknik Elektro;93.75;Teknik Elektro
83;Dasar-dasar pemasaran;380.1;380;Administrasi Niaga;Administrasi Niaga;96.45;Administrasi Niaga
84;Dasar-dasar perpajakan dan akuntansi pajak;336.2;336;Akuntansi;Akuntansi;100.0;Akuntansi
85;Data stuctures algoritms and software principles in C;005.133;5;Teknik Informatika & Komputer;Teknik Informatika & Komputer;100.0;Teknik Informatika & Komputer
86;dBase III for Every Business;005.42;5;Teknik Informatika & Komputer;Teknik Informatika & Komputer;100.0;Teknik Informatika & Komputer
87;Dbase III Plus Applications Generator dBase III Plus;001.2;1;Teknik Informatika & Komputer;Teknik Informatika & Komputer;100.0;Teknik Informatika & Komputer
88;dBase IV : Advancing the Wordwide Standard in Data Management Application Development;005.7565;5;Teknik Informatika & Komputer;Teknik Informatika & Komputer;97.36;Teknik Informatika & Komputer
89;Diantara dua batas;813;813;Umum;Umum;100.0;Umum
90;Dictionary of energy technology;620.93;620;Teknik Mesin;Teknik Mesin;89.03;Teknik Mesin
91;Digital electronics;621.382;621;Teknik Elektro;Teknik Elektro;100.0;Teknik Elektro
92;Diktat manajemen perawatan;620.009;620;Teknik Mesin;Teknik Mesin;87.68;Teknik Mesin
93;Disk operating system technical reference Version 3.1 : Programming Famili;005.7;5;Teknik Informatika & Komputer;Teknik Informatika & Komputer;100.0;Teknik Informatika & Komputer
94;Eclipse;813;813;Umum;Umum;100.0;Umum
95;Ekonomi Industri : Kumpulan Kuliah;338.5;338;Administrasi Niaga;Administrasi Niaga;97.53;Administrasi Niaga
96;Ekonomi uang perbankan dasar keuangan;332.1;332;Akuntansi;Akuntansi;100.0;Akuntansi
97;electronic devices and circuit theory;621.381;621;Teknik Elektro;Teknik Elektro;100.0;Teknik Elektro
98;Electronics And Radio Engineering;621.384;621;Teknik Elektro;Teknik Elektro;96.67;Teknik Elektro
100;Elektronika Digital;621.381;621;Teknik Elektro;Teknik Elektro;94.97;Teknik Elektro
101;Elektronika praktis;621.381;621;Teknik Elektro;Teknik Elektro;100.0;Teknik Elektro
102;Elemen Mesin : elemen kontruksi bangunan mesin;621.82;621;Teknik Mesin;Teknik Mesin;98.0;Teknik Mesin
103;Elementary Fluid Mechanics;539.12;539;Teknik Elektro;Teknik Elektro;100.0;Teknik Elektro
104;Employes involment and total quality management;658.562;658;Administrasi Niaga;Administrasi Niaga;93.64;Administrasi Niaga
105;Energi;333.79;333;Administrasi Niaga;Administrasi Niaga;100.0;Administrasi Niaga
106;Engineering Electromagnetics : William H. Hayt;530141;530;Teknik Elektro;Teknik Elektro;98.43;Teknik Elektro
107;Engineering material and metalurgy;669.028;669;Teknik Sipil;Teknik Sipil;77.72;Teknik Sipil, Teknik Mesin
108;Engineering thermodynamics;536.7;536;Teknik Elektro;Teknik Elektro;75.58;Teknik Elektro, Teknik Mesin
109;English for specific purpose dialogues for secretaries 2;428.651;428;Umum;Umum;100.0;Umum
110;enterprise risk management;658.15;658;Administrasi Niaga;Administrasi Niaga;100.0;Administrasi Niaga
111;Entrepreneurship untuk sd;338.04;338;Administrasi Niaga;Administrasi Niaga;86.02;Administrasi Niaga
112;ESQ;152.4;152;Umum;Umum;100.0;Umum
113;Essentials of Business Ethics : creating an organization of high integrity and superior performance;174.4;174;Umum;Umum;95.08;Umum
114;Exploring drafting worksheets : Basic fundamentals;6042;604;Teknik Mesin;Teknik Mesin;89.06;Teknik Mesin
115;Failur mechanisms in semiconductor devices;621.381;621;Teknik Elektro;Teknik Elektro;93.41;Teknik Elektro
116;Faktor-faktor penting dalam pemilihan...;621.4;621;Teknik Mesin;Teknik Mesin;80.1;Teknik Mesin, Teknik Elektro
117;Financial management;658.15;658;Administrasi Niaga;Administrasi Niaga;100.0;Administrasi Niaga
118;Financial Reporting : An Accounting revolution;657.3;657;Akuntansi;Akuntansi;97.38;Akuntansi
119;Fisika untuk Universitas;530;530;Teknik Elektro;Teknik Elektro;100.0;Teknik Elektro
120;Flexographic image reproduction first specifications & tolerances;704.9;704;Teknik Grafika & Penerbitan;Teknik Grafika & Penerbitan;90.48;Teknik Grafika & Penerbitan
121;Fondations of computer science;004;4;Teknik Informatika & Komputer;Teknik Informatika & Komputer;92.43;Teknik Informatika & Komputer
122;Foundamental of financial manajemen;658.15;658;Administrasi Niaga;Administrasi Niaga;100.0;Administrasi Niaga
123;Fundamental of thermal fluid sciences;543.26;543;Teknik Sipil;Teknik Sipil;86.58;Teknik Sipil
124;Fundamentals of human resource management;658.15;658;Administrasi Niaga;Administrasi Niaga;95.84;Administrasi Niaga
126;Geografi Amerika;910.01;910;Umum;Umum;94.96;Umum
127;Getting Started Setting Up Your System : A Tutorial Guide Reference GUide;005.7;5;Teknik Informatika & Komputer;Teknik Informatika & Komputer;99.49;Teknik Informatika & Komputer
128;Getting the most out of your drill press;621952;621;Teknik Mesin;Teknik Mesin;91.66;Teknik Mesin
129;graphic design referenced;741.6;741;Teknik Grafika & Penerbitan;Teknik Grafika & Penerbitan;95.94;Teknik Grafika & Penerbitan
130;Groundwater Hydrology;551.49;551;Sains;Sains;94.81;Sains
131;Hak Asasi Manusia;342.08;342;Umum;Umum;100.0;Umum
132;Hambatan-ha,batan yang mempengaruhi proses belajar mahasiswa;670.1;670;Teknik Mesin;Teknik Mesin;66.74;Teknik Mesin, Umum
134;Handbook of software quality assurance;005.12;5;Teknik Informatika & Komputer;Teknik Informatika & Komputer;94.13;Teknik Informatika & Komputer
135;He lave me, he lave me not;485;485;Umum;Umum;97.92;Umum
136;He Love me, he loves me not;813;813;Umum;Umum;100.0;Umum
137;Heat & mass...transfer;621.402;621;Teknik Mesin;Teknik Mesin;63.49;Teknik Mesin, Teknik Elektro
138;Hidrografi-Satuan Sistetik Gama I;526.99;526;Sains;Sains;85.85;Sains
139;Hidrolika 1;532;532;Teknik Elektro;Teknik Elektro;90.53;Teknik Elektro
140;How to cheat in photoshop;006.69;6;Teknik Informatika & Komputer;Teknik Informatika & Komputer;89.94;Teknik Informatika & Komputer
141;Html, xhtml, and css 7nd complete;005.262;5;Teknik Informatika & Komputer;Teknik Informatika & Komputer;91.18;Teknik Informatika & Komputer
142;Hubungan media yang efektif;659;659;Administrasi Niaga;Administrasi Niaga;76.37;Administrasi Niaga, Umum
143;Hukum anti monopoli;343.072;343;Umum;Umum;85.22;Umum
144;Hukum bisnis MICE;346.07;346;Umum;Umum;92.96;Umum
145;Hukum dan penerbitan;346.04;346;Umum;Umum;94.76;Umum
147;Humor sufi 5;808.882;808;Umum;Umum;100.0;Umum
148;IBM PC and XT User's Handbook;004.16;4;Teknik Informatika & Komputer;Teknik Informatika & Komputer;100.0;Teknik Informatika & Komputer
149;Ilmu Mekanika Teknik;531;531;Teknik Elektro;Teknik Elektro;86.68;Teknik Elektro
150;In Solitude antologi;811;811;Umum;Umum;93.65;Umum
151;Index on high speed automatic screw machine;621.944;621;Teknik Mesin;Teknik Mesin;98.84;Teknik Mesin
152;Industrial electronic;621.3;621;Teknik Elektro;Teknik Elektro;81.89;Teknik Elektro, Teknik Informatika & Komputer
153;Instalasi Listrik;621.32;621;Teknik Elektro;Teknik Elektro;97.42;Teknik Elektro
154;Instrospeksi;150.194;150;Umum;Umum;100.0;Umum
155;Intermediate Accounting;567;567;Sains;Sains;78.45;Sains, Akuntansi
157;Intermediate financial reforting an IFRS perspective;657.3;657;Akuntansi;Akuntansi;100.0;Akuntansi
158;Internet dengan Windows 95 : WSArchie, WSFtp, WSFinger,WSPing, mIRC danMosaic;005.3;5;Teknik Informatika & Komputer;Teknik Informatika & Komputer;100.0;Teknik Informatika & Komputer
159;Introduction to electronics;621.381;621;Teknik Elektro;Teknik Elektro;100.0;Teknik Elektro
160;Introspeksi;150.194;150;Umum;Umum;97.19;Umum
161;Islam agama global;297;297;Umum;Umum;100.0;Umum
162;Islamic finance and banking system;332.1;332;Akuntansi;Akuntansi;95.89;Akuntansi
163;Japan;915.2;915;Umum;Umum;94.8;Umum
164;Jaringan komputer dengan TCP IP;005.754;5;Teknik Informatika & Komputer;Teknik Informatika & Komputer;95.41;Teknik Informatika & Komputer
165;Java how to program;005.13;5;Teknik Informatika & Komputer;Teknik Informatika & Komputer;92.18;Teknik Informatika & Komputer
166;Jejak-jejak juang Falestina;956.94;956;Umum;Umum;99.4;Umum
167;Jejak-jejak juang Palestina;956.94;956;Umum;Umum;78.15;Umum, Teknik Mesin
168;John donne poetry and prose;821;821;Umum;Umum;96.41;Umum
169;Junior Atlas;912.9423;912;Umum;Umum;96.17;Umum
170;Kalkulus : Frank Ayres;515.35;515;Matematika;Matematika;98.13;Matematika
171;KAlkulus dan Geometri...;515.115;515;Matematika;Matematika;100.0;Matematika
172;Kalman Filtering : theory and practice using MATLAB;629.813 2;629;Teknik Mesin;Teknik Mesin;82.26;Teknik Mesin
173;Kamus Lengkap Perdagangan Internasional;413.1;413;Umum;Umum;67.61;Umum, Administrasi Niaga
174;Kapal keruk dan pengerukan;359;359;Umum;Umum;79.75;Umum
175;Kepemimpinan dalam proses belajar mengajar;303.34;303;Umum;Umum;100.0;Umum
176;Kepres No. 17 Tahun 2000 tentang pelaksanaan APBN dan Kepres No. 18 Tahun 2000;342.03;342;Umum;Umum;100.0;Umum
177;Kepribadian;155.2;155;Umum;Umum;100.0;Umum
178;Kepribadian : Teori klasik dan riset...;155.2;155;Umum;Umum;96.7;Umum
179;Kepribadian jilid 1;155.2;155;Umum;Umum;94.74;Umum
180;Kepribadian jilid 2;155.2;155;Umum;Umum;100.0;Umum
181;Kerangka;612.15;612;Umum;Umum;99.96;Umum
182;Kesehatan Populer Reumatik;616.723;616;Umum;Umum;98.22;Umum
183;Ketika cinta bertasbih;813;813;Umum;Umum;98.7;Umum
184;Keuangan perusahaan internasional;332.152;332;Akuntansi;Akuntansi;75.37;Akuntansi, Administrasi Niaga
185;Kewirausawan;338.16;338;Administrasi Niaga;Administrasi Niaga;93.66;Administrasi Niaga
186;Komunikasi data;004.6;4;Teknik Informatika & Komputer;Teknik Informatika & Komputer;100.0;Teknik Informatika & Komputer
187;Kreativitas;153.35;153;Umum;Umum;97.97;Umum
188;Kuda-Kuda : Konstruksi kayu;694;694;Teknik Sipil;Teknik Sipil;92.18;Teknik Sipil
189;LAb View;006;6;Teknik Informatika & Komputer;Teknik Informatika & Komputer;93.69;Teknik Informatika & Komputer
190;Lab View for everyone;006;6;Teknik Informatika & Komputer;Teknik Informatika & Komputer;87.6;Teknik Informatika & Komputer
191;Law and the built environment;346.420;346;Umum;Umum;95.03;Umum
192;Ledakan Amarah;649.6;649;Umum;Umum;94.4;Umum
193;Lembaran Kerja Prektek Acuan dan Perancah;000.82;0;Teknik Informatika & Komputer;Teknik Informatika & Komputer;66.82;Teknik Informatika & Komputer, Teknik Sipil
194;Machin Fundamentals;671.35;671;Teknik Mesin;Teknik Mesin;96.17;Teknik Mesin
195;Makroekonomi;339;339;Administrasi Niaga;Administrasi Niaga;100.0;Administrasi Niaga
198;Makroekonomi modern;339;339;Administrasi Niaga;Administrasi Niaga;100.0;Administrasi Niaga
200;Manajemen;658;658;Administrasi Niaga;Administrasi Niaga;100.0;Administrasi Niaga
201;Manajemen keuangan 1;658.15;658;Administrasi Niaga;Administrasi Niaga;100.0;Administrasi Niaga
202;MAnajemen keuangan internasional jilid 1,2;658.15;658;Administrasi Niaga;Administrasi Niaga;100.0;Administrasi Niaga
203;Manajemen lembaga keuangan;658.1;658;Administrasi Niaga;Administrasi Niaga;86.06;Administrasi Niaga
204;Manajemen Pembelanjaan Dan Kebijaksanaan;658.1;658;Administrasi Niaga;Administrasi Niaga;100.0;Administrasi Niaga
205;Manajemen Perilaku Organisasi : Pendayagunaan Sumber Daya Manusia;658;658;Administrasi Niaga;Administrasi Niaga;100.0;Administrasi Niaga
206;Manajemen prilaku organisasi;658;658;Administrasi Niaga;Administrasi Niaga;93.56;Administrasi Niaga
207;Manajemen proyek jilid 1;658;658;Administrasi Niaga;Administrasi Niaga;100.0;Administrasi Niaga
208;Manajemen Strategi : Suatu pendekatan sistem;658.4;658;Administrasi Niaga;Administrasi Niaga;100.0;Administrasi Niaga
209;Manual rigging : Punggah;630.134;630;Umum;Umum;61.53;Umum, Teknik Mesin
210;Manufaturing processes;670;670;Teknik Mesin;Teknik Mesin;99.83;Teknik Mesin
211;Marketing strategy : A decision folured approach;658.802;658;Administrasi Niaga;Administrasi Niaga;100.0;Administrasi Niaga
213;Materials Technology for Technician 3;620.11;620;Teknik Mesin;Teknik Mesin;100.0;Teknik Mesin
214;MAthemakes for economics;510;510;Matematika;Matematika;88.09;Matematika
215;Mathematics 2 Checkbook;510;510;Matematika;Matematika;100.0;Matematika
216;Mekanika Tanah dalam Praktek Rekayasa jilid 2;624.15;624;Teknik Sipil;Teknik Sipil;100.0;Teknik Sipil
217;Mekanika Teknik : Analis perpindahan pada struktur dengan exel dan calculator;620.5;620;Teknik Mesin;Teknik Mesin;77.43;Teknik Mesin, Teknik Sipil
218;Mekanika teknik II Jilid 1 : Soal dan penyelesaian;620.1;620;Teknik Mesin;Teknik Mesin;94.45;Teknik Mesin
219;Menangani lalulintas;363.233 2;363;Umum;Umum;93.08;Umum
220;Mendayagunakan peran-peran keorganisasian : Tinjauan atas teori motivasi dan efektivitas peran untuk mengoptimalkan potensi karyawan;351.1;351;Umum;Umum;71.92;Umum, Administrasi Niaga
221;Mengenal hukum : Suatu pengantar;340;340;Umum;Umum;86.89;Umum
222;Menguasai Autocad 2009;005.73;5;Teknik Informatika & Komputer;Teknik Informatika & Komputer;100.0;Teknik Informatika & Komputer
223;Menguasai java programming;005.3;5;Teknik Informatika & Komputer;Teknik Informatika & Komputer;100.0;Teknik Informatika & Komputer
224;Merakit PLC dengan mikrokontroler;629.89;629;Teknik Mesin;Teknik Mesin;80.63;Teknik Mesin, Teknik Informatika & Komputer
225;Merangkai Komputer Pribadi;621.39;621;Teknik Elektro;Teknik Elektro;80.65;Teknik Elektro, Teknik Informatika & Komputer
226;Merenungi kiprah polri dalam tragedi trisakti;959.8;959;Umum;Umum;100.0;Umum
227;Merintis RI yang manusiawi;959.8;959;Umum;Umum;100.0;Umum
228;Metode Harga Pokok Proses;657.42;657;Akuntansi;Akuntansi;100.0;Akuntansi
229;Metode pengukuran teknik;530.160;530;Teknik Elektro;Teknik Elektro;99.69;Teknik Elektro
230;Microsoft office 2000 6 in 1;005.369;5;Teknik Informatika & Komputer;Teknik Informatika & Komputer;95.25;Teknik Informatika & Komputer
231;Microsoft Office access 2007;005.369;5;Teknik Informatika & Komputer;Teknik Informatika & Komputer;100.0;Teknik Informatika & Komputer
232;Microsoft office power point 2007;003.369;3;Teknik Informatika & Komputer;Teknik Informatika & Komputer;98.31;Teknik Informatika & Komputer
233;Microsoft Outlock 98;005.369;5;Teknik Informatika & Komputer;Teknik Informatika & Komputer;92.67;Teknik Informatika & Komputer
234;Microsoft windows NT;005.3;5;Teknik Informatika & Komputer;Teknik Informatika & Komputer;100.0;Teknik Informatika & Komputer
235;Microsoft word 2007;005.369;5;Teknik Informatika & Komputer;Teknik Informatika & Komputer;95.63;Teknik Informatika & Komputer
236;Mikrkontroller;005.12;5;Teknik Informatika & Komputer;Teknik Informatika & Komputer;80.2;Teknik Informatika & Komputer, Teknik Elektro
237;Mikroprosesor intel;004.165;4;Teknik Informatika & Komputer;Teknik Informatika & Komputer;95.2;Teknik Informatika & Komputer
238;Mimpi-mimpi lintang;813;813;Umum;Umum;100.0;Umum
240;Modern control engineering;620.1;620;Teknik Mesin;Teknik Mesin;83.33;Teknik Mesin, Teknik Informatika & Komputer
241;Modular programme for supevisory development : Safety and health;363.11;363;Umum;Umum;100.0;Umum
242;Namaku Hiroko;813;813;Umum;Umum;100.0;Umum
243;New English Course 2 : Progress Quizzes;428.076;428;Umum;Umum;100.0;Umum
244;New Moon;813;813;Umum;Umum;96.38;Umum
245;Occupational health and safety back care education pragram;363.11;363;Umum;Umum;98.92;Umum
247;Online Marketing;658.872;658;Administrasi Niaga;Administrasi Niaga;98.98;Administrasi Niaga
248;Op Amps and linear integrated circuits;621.381 73;621;Teknik Elektro;Teknik Elektro;100.0;Teknik Elektro
249;Open-Channel Hydraulics;5321;532;Teknik Elektro;Teknik Elektro;73.49;Teknik Elektro, Teknik Sipil
250;Operating systems;005.43;5;Teknik Informatika & Komputer;Teknik Informatika & Komputer;97.77;Teknik Informatika & Komputer
251;Optimal Control;621.831;621;Teknik Mesin;Teknik Mesin;89.01;Teknik Mesin
252;Organisasi dan manajemen2;658;658;Administrasi Niaga;Administrasi Niaga;100.0;Administrasi Niaga
253;Organizational behavior;658;658;Administrasi Niaga;Administrasi Niaga;95.81;Administrasi Niaga
254;Pajak dan strategi bisnis;336.241;336;Akuntansi;Akuntansi;94.93;Akuntansi
256;Pangeran Sambernyowo;959.8;959;Umum;Umum;98.47;Umum
257;PC 99 system design guide;005.369;5;Teknik Informatika & Komputer;Teknik Informatika & Komputer;100.0;Teknik Informatika & Komputer
258;Pemahaman dan implementasi hukum ketenaga kerjaan;340;340;Umum;Umum;92.77;Umum
259;Pemprograman virus dan sfiwer;005.3;5;Teknik Informatika & Komputer;Teknik Informatika & Komputer;100.0;Teknik Informatika & Komputer
260;Pemrograman bahasa asembly;005.136;5;Teknik Informatika & Komputer;Teknik Informatika & Komputer;100.0;Teknik Informatika & Komputer
261;Pengantar akuntansi 1;657;657;Akuntansi;Akuntansi;100.0;Akuntansi
262;Pengantar akuntansi buku 2;657;657;Akuntansi;Akuntansi;97.27;Akuntansi
263;Pengantar akuntansi syariah;657;657;Akuntansi;Akuntansi;99.88;Akuntansi
264;Pengantar Analisis Mengenai Dampak Lingkungan Hidup;363.7;363;Umum;Umum;67.43;Umum, Teknik Sipil
265;Pengantar jaringan komputer;004.65;4;Teknik Informatika & Komputer;Teknik Informatika & Komputer;100.0;Teknik Informatika & Komputer
266;Pengantar psikologi umum;150;150;Umum;Umum;92.52;Umum
268;Penuntun pengelolaan hardisk;005;5;Teknik Informatika & Komputer;Teknik Informatika & Komputer;100.0;Teknik Informatika & Komputer
269;Penuntun praktis  perencanaan teknik jalan raya;625.7;625;Teknik Sipil;Teknik Sipil;100.0;Teknik Sipil
270;Penyusunan standar pola kemitraan di unit penelitian dan pengabdian kepada masyarakat Politeknik Negeri Jakarta;001.4;1;Teknik Informatika & Komputer;Teknik Informatika & Komputer;73.67;Teknik Informatika & Komputer
271;Peranan rumpun gema perempuan dalam upaya...;153.8;153;Umum;Umum;100.0;Umum
273;Perekonomian Indonesia : Teori temuan empiris;338.958;338;Administrasi Niaga;Administrasi Niaga;100.0;Administrasi Niaga
274;Perencanaa teknik mesin;621.092;621;Teknik Mesin;Teknik Mesin;99.57;Teknik Mesin
275;Permainan air;797.21;797;Umum;Umum;92.24;Umum
276;Permulaan Belajar Menggambar : perspektif-Pemandangan alam benda bergerak-anatomi;741.2;741;Teknik Grafika & Penerbitan;Teknik Grafika & Penerbitan;82.15;Teknik Grafika & Penerbitan
277;PFS : Profesional File;005.74;5;Teknik Informatika & Komputer;Teknik Informatika & Komputer;100.0;Teknik Informatika & Komputer
278;PHP and MySQL web;005.276 2;5;Teknik Informatika & Komputer;Teknik Informatika & Komputer;100.0;Teknik Informatika & Komputer
279;Pig and lamb cutting : A step by step guide;641.366;641;Umum;Umum;89.8;Umum
280;PLC : Programablr logic control;629.89;629;Teknik Mesin;Teknik Mesin;82.67;Teknik Mesin, Teknik Informatika & Komputer
281;Pokok-pokok hukum hak tanggungan atas ...;346.0432;346;Umum;Umum;94.17;Umum
282;Pondasi tiang pancang;524.154;524;Sains;Sains;65.08;Sains, Teknik Sipil
283;Power electronics;621.382;621;Teknik Elektro;Teknik Elektro;93.54;Teknik Elektro
284;PPH;336.24;336;Akuntansi;Akuntansi;89.86;Akuntansi
285;Principles of production and inventory management course;658.5;658;Administrasi Niaga;Administrasi Niaga;97.86;Administrasi Niaga
286;Principles of service marketing and management;658.8;658;Administrasi Niaga;Administrasi Niaga;100.0;Administrasi Niaga
287;Production Planning and Inventory Control;658.787;658;Administrasi Niaga;Administrasi Niaga;97.19;Administrasi Niaga
288;Programming in visual basic net 2005;005.365;5;Teknik Informatika & Komputer;Teknik Informatika & Komputer;100.0;Teknik Informatika & Komputer
289;Proyek Elektronik 2;621.381.95;621;Teknik Elektro;Teknik Elektro;100.0;Teknik Elektro
290;Psikologi orang dewasa;155.6;155;Umum;Umum;100.0;Umum
291;Rangkaian Listrik;621.31;621;Teknik Elektro;Teknik Elektro;100.0;Teknik Elektro
292;Rangkaian listrik jilid 2;621.3;621;Teknik Elektro;Teknik Elektro;96.19;Teknik Elektro
293;Rencana Pebangunan Kelistrikan & Energi Terbarukan Dalam PJP II;621.319;621;Teknik Elektro;Teknik Elektro;75.43;Teknik Elektro, Teknik Mesin
294;Retail management : a strategic approach;658.8;658;Administrasi Niaga;Administrasi Niaga;100.0;Administrasi Niaga
295;Risalah Tentang Hukum Sihir dan Dukun;297.2;297;Umum;Umum;100.0;Umum
296;Riset Pemasaran terpadu;380.1;380;Administrasi Niaga;Administrasi Niaga;97.68;Administrasi Niaga
297;Robohnya surau kami;813;813;Umum;Umum;97.85;Umum
298;Robotika;629.892;629;Teknik Mesin;Teknik Mesin;80.34;Teknik Mesin, Teknik Informatika & Komputer
299;Rumah tanpa jendela;813;813;Umum;Umum;100.0;Umum
300;Selected solutions for mathematical applications for management, life, and social sciences;515;515;Matematika;Matematika;87.43;Matematika
301;Serat optik;621.382;621;Teknik Elektro;Teknik Elektro;100.0;Teknik Elektro
302;Seri Perencanaan Kuda-Kuda konstruksi Kayu;694;694;Teknik Sipil;Teknik Sipil;94.69;Teknik Sipil
303;Siapapun bisa hiragana & Katakana;495.6;495;Umum;Umum;97.56;Umum
304;Siapapun bisa hiragana dan katakana;495.6;495;Umum;Umum;100.0;Umum
305;Silviculture and Management of Teak;658;658;Administrasi Niaga;Administrasi Niaga;89.96;Administrasi Niaga
306;Sistem dan pemograman PLC;629.89;629;Teknik Mesin;Teknik Mesin;81.24;Teknik Mesin, Teknik Informatika & Komputer
307;Sistem Informasi Akuntansi dan Organisasi Perusahaan;658.151;658;Administrasi Niaga;Administrasi Niaga;81.06;Administrasi Niaga, Akuntansi
308;Sketsa pensil;741.24;741;Teknik Grafika & Penerbitan;Teknik Grafika & Penerbitan;93.23;Teknik Grafika & Penerbitan
311;SPI open accses;005.3;5;Teknik Informatika & Komputer;Teknik Informatika & Komputer;100.0;Teknik Informatika & Komputer
314;Statistik untuk bisnis;519.5;519;Matematika;Matematika;95.49;Matematika
315;Statistik untuk manajemen dan ekonomi jilid 1;519.5;519;Matematika;Matematika;87.54;Matematika
316;Strenght of material materials;620.112;620;Teknik Mesin;Teknik Mesin;83.47;Teknik Mesin
317;Struktur Beton Prategang : Teori Dan Prinsip Disain;624.183;624;Teknik Sipil;Teknik Sipil;100.0;Teknik Sipil
318;Struktur data menggunakan turbo pascal 6.0;005.712;5;Teknik Informatika & Komputer;Teknik Informatika & Komputer;100.0;Teknik Informatika & Komputer
319;Studi kelayakan bisnis;650;650;Administrasi Niaga;Administrasi Niaga;100.0;Administrasi Niaga
320;Study english lelts preparation;425;425;Umum;Umum;100.0;Umum
321;sukses finansial : Melalui pikiran yang kreatif;658.409;658;Administrasi Niaga;Administrasi Niaga;96.48;Administrasi Niaga
322;Sukses lewat komunikasi;302.2;302;Umum;Umum;97.81;Umum
323;Sutan Baginda;899.28;899;Umum;Umum;100.0;Umum
324;Systems analysis and design for the global enterprise;004.21;4;Teknik Informatika & Komputer;Teknik Informatika & Komputer;89.54;Teknik Informatika & Komputer
325;Tango;813;813;Umum;Umum;100.0;Umum
326;Tanya-Jawab Ekonomi Mikro;338.5;338;Administrasi Niaga;Administrasi Niaga;100.0;Administrasi Niaga
327;Tata Bahasa Inggris Modern : Modern English Grammar disertai cara membacanya;428;428;Umum;Umum;99.99;Umum
328;Tata Bahasa Jepang;495.6;495;Umum;Umum;97.57;Umum
329;TCP/IP for NT server;005.713;5;Teknik Informatika & Komputer;Teknik Informatika & Komputer;100.0;Teknik Informatika & Komputer
330;Teknik fotografi digital;771;771;Teknik Grafika & Penerbitan;Teknik Grafika & Penerbitan;97.37;Teknik Grafika & Penerbitan
331;Teknik digital;621.391;621;Teknik Elektro;Teknik Elektro;87.19;Teknik Elektro
332;Teknik Pembentukan dasar;620.11;620;Teknik Mesin;Teknik Mesin;100.0;Teknik Mesin
333;Teknik Penjualan;658.81;658;Administrasi Niaga;Administrasi Niaga;100.0;Administrasi Niaga
334;Teknik perancangan rangkaian sistem kontrol;005.11;5;Teknik Informatika & Komputer;Teknik Informatika & Komputer;82.99;Teknik Informatika & Komputer, Teknik Elektro
335;Teknik Telekomunikasi;621.281;621;Teknik Mesin;Teknik Mesin;63.15;Teknik Mesin, Teknik Elektro
336;Teknologi instalasi listrik;621.319;621;Teknik Elektro;Teknik Elektro;95.79;Teknik Elektro
337;Telaah buku teks bahasa Indonesia;418;418;Umum;Umum;98.97;Umum
338;Teori dan soal mekanika teknik II jilid 2;620.1;620;Teknik Mesin;Teknik Mesin;100.0;Teknik Mesin
339;Teori Metode Psychotronica : Energi Kesadaran;155.2;155;Umum;Umum;98.49;Umum
341;The big book motivating games;658.402;658;Administrasi Niaga;Administrasi Niaga;75.98;Administrasi Niaga, Umum
342;The cable and telecomunications;621.382;621;Teknik Elektro;Teknik Elektro;97.69;Teknik Elektro
343;The cashflow quadrant;158.1;158;Umum;Administrasi Niaga;71.07;Administrasi Niaga, Umum
344;The Exciting story of a Miracle at Niagara;428.6;428;Umum;Umum;83.33;Umum, Teknik Informatika & Komputer
345;the hands;813;813;Umum;Umum;100.0;Umum
346;The hunter valey;919.44;919;Umum;Umum;100.0;Umum
347;The Principles of Mechanical Engineering Science in SI Units;531.2;531;Teknik Elektro;Teknik Elektro;80.21;Teknik Elektro, Teknik Mesin
348;The Process of management;658;658;Administrasi Niaga;Administrasi Niaga;97.07;Administrasi Niaga
349;The Shack;813;813;Umum;Umum;100.0;Umum
350;The succesfull candidate pelamar kerja yang berhasil;658.311;658;Administrasi Niaga;Administrasi Niaga;83.72;Administrasi Niaga
351;The sweetey tabbo;813;813;Umum;Umum;100.0;Umum
352;The westwrn heritage;909.09821;909;Umum;Umum;91.53;Umum
353;Theory and problems of Fluid Mechanics and Hydraulics;532;532;Teknik Elektro;Teknik Elektro;90.33;Teknik Elektro
354;Theory of machines;621.8;621;Teknik Mesin;Teknik Mesin;83.82;Teknik Mesin
355;Thermodynamics;536.7;536;Teknik Elektro;Teknik Elektro;97.34;Teknik Elektro
356;Tipe bangunan irigasi : Standar bangunan irigasi;627.52;627;Teknik Sipil;Teknik Sipil;96.71;Teknik Sipil
357;TQM for sales and marketing management;658.8;658;Administrasi Niaga;Administrasi Niaga;100.0;Administrasi Niaga
358;Transaksi ekspor imfor;351.827;351;Umum;Umum;73.75;Umum, Administrasi Niaga
359;Transformasi laplace;515.723;515;Matematika;Matematika;96.61;Matematika
360;Transmisi tenaga listrik;621.319;621;Teknik Elektro;Teknik Elektro;100.0;Teknik Elektro
361;Tunangan ? hmm;808.3;808;Umum;Umum;100.0;Umum
363;Turbin uap : Steam turbines;621.165;621;Teknik Mesin;Teknik Mesin;100.0;Teknik Mesin
364;Understanding art a concise history;700;700;Teknik Grafika & Penerbitan;Teknik Grafika & Penerbitan;88.85;Teknik Grafika & Penerbitan
365;Using accsess 97;005.82;5;Teknik Informatika & Komputer;Teknik Informatika & Komputer;100.0;Teknik Informatika & Komputer
366;Vide Range readers;428.6;428;Umum;Umum;100.0;Umum
367;W & 2 Hitler ASAL USUL PERADABAN PESAWAT RUANG ANGKASA;813;813;Umum;Umum;92.88;Umum
368;Wachdog  : PC Data Scurity;003.5;3;Teknik Informatika & Komputer;Teknik Informatika & Komputer;95.73;Teknik Informatika & Komputer
369;Welder 1000 Questions...answer : Viva voce...;671.5;671;Teknik Mesin;Teknik Mesin;96.48;Teknik Mesin
370;Westermann tables for the metal trade : Materials-Numerical quantities-form;671;671;Teknik Mesin;Teknik Mesin;87.52;Teknik Mesin
371;Wide range reader;428.6;428;Umum;Umum;100.0;Umum
372;Worked Examples in Electrical Engineering : An Useful Book for all Electrical Engineering Students;621.31;621;Teknik Elektro;Teknik Elektro;100.0;Teknik Elektro
373;Essentials of Accounting;657;657;Akuntansi;Akuntansi;96.86;Akuntansi
374;Introductory Structural Analysis;624.171;624;Teknik Sipil;Teknik Sipil;92.0;Teknik Sipil
375;Advanced Algebra;510;510;Matematika;Matematika;100.0;Matematika
376;Electronics design circuits and systems;621.381;621;Teknik Elektro;Teknik Elektro;100.0;Teknik Elektro
377;Perencanaan Pembangunan;338.959;338;Administrasi Niaga;Administrasi Niaga;85.19;Administrasi Niaga
378;Engineering instrumentation and control;620.04;620;Teknik Mesin;Teknik Mesin;100.0;Teknik Mesin
379;Pengantar ekonomika;330;330;Administrasi Niaga;Administrasi Niaga;95.92;Administrasi Niaga
380;Essentials of Insurance Law : An outline of Legal Doctrines in Their Relation to Insurance Practices;346.086;346;Umum;Umum;94.12;Umum
381;Money, Credit and Banking;332.1;332;Akuntansi;Akuntansi;98.14;Akuntansi
382;Budget Principles and Procedure;658.154;658;Administrasi Niaga;Administrasi Niaga;100.0;Administrasi Niaga
383;Foreign exchange practice and policy;332.45;332;Akuntansi;Akuntansi;100.0;Akuntansi
384;Money In Motion : The Social Function of Banking;332.1;332;Akuntansi;Akuntansi;100.0;Akuntansi
385;The Cause of economic fluctuations : Possibilities of anticipation and control;338.54;338;Administrasi Niaga;Administrasi Niaga;94.27;Administrasi Niaga
386;A history of economic thought;330.09;330;Administrasi Niaga;Administrasi Niaga;99.13;Administrasi Niaga
387;A Course In Electrical Engineering;621.3;621;Teknik Elektro;Teknik Elektro;100.0;Teknik Elektro
388;Organization and Management in Industry and Business;658.001;658;Administrasi Niaga;Administrasi Niaga;100.0;Administrasi Niaga
389;Principles Of Economics;330.01;330;Administrasi Niaga;Administrasi Niaga;100.0;Administrasi Niaga
391;Reclaiming four future : an agenda for American labor;322.2'097;322;Umum;Umum;87.98;Umum
392;Survey of labor economics;331;331;Administrasi Niaga;Administrasi Niaga;99.72;Administrasi Niaga
393;Introduction to fiscal policy;336.3;336;Akuntansi;Akuntansi;88.72;Akuntansi
394;Monopoly;338.82;338;Administrasi Niaga;Administrasi Niaga;100.0;Administrasi Niaga
395;Price economics;338.52;338;Administrasi Niaga;Administrasi Niaga;100.0;Administrasi Niaga
396;The economics of prince determination;338.52;338;Administrasi Niaga;Administrasi Niaga;97.02;Administrasi Niaga
397;Wages;33121;331;Administrasi Niaga;Administrasi Niaga;91.78;Administrasi Niaga
398;Principles of Economics : An introductory volume;330.01;330;Administrasi Niaga;Administrasi Niaga;100.0;Administrasi Niaga
399;The statistical agencies of the federal gevernment;319;319;Umum;Umum;93.5;Umum
400;Basic Economics : A Macro & Micro analisys;330;330;Administrasi Niaga;Administrasi Niaga;97.19;Administrasi Niaga
401;Commercial LAW;346.07;346;Umum;Umum;100.0;Umum
402;Economic Doctrines;330.1;330;Administrasi Niaga;Administrasi Niaga;98.71;Administrasi Niaga
403;Introduction to investments;332.6;332;Akuntansi;Akuntansi;71.57;Akuntansi, Administrasi Niaga
404;Introduction to political science;320;320;Umum;Umum;89.25;Umum
405;Kent's Mechanical Engineer's Handbook : Power Volume;621.4;621;Teknik Mesin;Teknik Mesin;93.71;Teknik Mesin
406;Mechanical Engineer's Handbook;621.4;621;Teknik Mesin;Teknik Mesin;95.42;Teknik Mesin
409;Techniques of International Trade : Revision of Technical Procedure in Exporting and Importing;382;382;Administrasi Niaga;Administrasi Niaga;86.29;Administrasi Niaga
410;The Theory of International Trade : With Its Applications to Commercial Policy;382;382;Administrasi Niaga;Administrasi Niaga;86.25;Administrasi Niaga
411;American Monetary Policy;332.4609;332;Akuntansi;Akuntansi;86.19;Akuntansi
412;Collected economic papers;330.1;330;Administrasi Niaga;Administrasi Niaga;100.0;Administrasi Niaga
413;Economics of Income And Consumption;339.41;339;Administrasi Niaga;Administrasi Niaga;85.86;Administrasi Niaga
414;Fiscal policies and the American economy;336.3;336;Akuntansi;Akuntansi;78.34;Akuntansi
415;Introduction to business cyles;338.542;338;Administrasi Niaga;Administrasi Niaga;100.0;Administrasi Niaga
416;Portable GUI Development With C++;005.4'2;5;Teknik Informatika & Komputer;Teknik Informatika & Komputer;100.0;Teknik Informatika & Komputer
417;Principles of Industrial Management;65892;658;Administrasi Niaga;Administrasi Niaga;97.3;Administrasi Niaga
418;Soil Testing : For Engineers;631.43.001.53;631;Umum;Umum;75.31;Umum, Teknik Sipil
419;The Ethic of Competition and Other Essays;3386548;338;Administrasi Niaga;Administrasi Niaga;83.49;Administrasi Niaga
420;Business forecasting : Principles and practice;338.544;338;Administrasi Niaga;Administrasi Niaga;95.18;Administrasi Niaga
421;Capital and Employment;332.041;332;Akuntansi;Akuntansi;81.18;Akuntansi, Administrasi Niaga
422;Linking Auditing and Metaevaluation : Enhancing Quality in Applied Research;300.72;300;Umum;Umum;73.15;Umum, Teknik Informatika & Komputer
423;Principles of Business Law;34607;346;Umum;Umum;95.71;Umum
424;Statistical Theory In Research;001.422;1;Teknik Informatika & Komputer;Teknik Informatika & Komputer;75.81;Teknik Informatika & Komputer, Matematika
425;The rate of interest;332.113;332;Akuntansi;Akuntansi;78.71;Akuntansi, Administrasi Niaga
426;An Introduction to statistics;519.5;519;Matematika;Matematika;93.49;Matematika
427;An outline of statistics;519.5;519;Matematika;Matematika;89.64;Matematika
428;Elementary statisticalmethods;519.5;519;Matematika;Matematika;87.32;Matematika
429;Essay in the theory of employment;331.125;331;Administrasi Niaga;Administrasi Niaga;97.8;Administrasi Niaga
430;Money and Banking;332.1;332;Akuntansi;Akuntansi;100.0;Akuntansi
431;Price Practices and Price Policies : selected Writings;338.52;338;Administrasi Niaga;Administrasi Niaga;90.36;Administrasi Niaga
432;Tables for Statisticians;514.54.0212;514;Matematika;Matematika;86.14;Matematika
433;Economics Analysis : Distributed lags and investment analysis;338.9;338;Administrasi Niaga;Administrasi Niaga;95.5;Administrasi Niaga
434;The Economist in the Twentieth Century : And Other Lectures in Political Economy;330.904;330;Administrasi Niaga;Administrasi Niaga;89.15;Administrasi Niaga
435;Industrial Power System;621.31;621;Teknik Elektro;Teknik Elektro;100.0;Teknik Elektro
436;On the theory of Economic policy;338.9;338;Administrasi Niaga;Administrasi Niaga;100.0;Administrasi Niaga
437;Practical Plant Layout;65922;659;Administrasi Niaga;Administrasi Niaga;78.41;Administrasi Niaga
438;Analytical experimental physics;530;530;Teknik Elektro;Teknik Elektro;92.71;Teknik Elektro
439;Investment Analysis;332.6;332;Akuntansi;Akuntansi;97.69;Akuntansi
440;The Term of Trade A European Case Study;337.142;337;Administrasi Niaga;Administrasi Niaga;84.81;Administrasi Niaga
441;Theory and Problems of College Algebra;512;512;Matematika;Matematika;92.45;Matematika
442;Automation in Business and Industry;670.427;670;Teknik Mesin;Teknik Mesin;81.11;Teknik Mesin, Teknik Informatika & Komputer
443;Effective reading for college students;372.4;372;Umum;Umum;98.89;Umum
444;Experimental designs;530.13;530;Teknik Elektro;Teknik Elektro;79.68;Teknik Elektro
445;Prosperity without inflation;338.542;338;Administrasi Niaga;Administrasi Niaga;94.86;Administrasi Niaga
446;The batle for infesment survival;332.673;332;Akuntansi;Akuntansi;88.87;Akuntansi
447;The theory of wage determination : Proccedings of a conference held by the international econoic association;331.215;331;Administrasi Niaga;Administrasi Niaga;93.57;Administrasi Niaga
448;Tool Design;621.902;621;Teknik Mesin;Teknik Mesin;96.38;Teknik Mesin
449;Economics an introductory analyis;330;330;Administrasi Niaga;Administrasi Niaga;99.32;Administrasi Niaga
450;Rigid Frame Formulas;624.1773;624;Teknik Sipil;Teknik Sipil;100.0;Teknik Sipil
451;Strength Of Materials;620.112;620;Teknik Mesin;Teknik Mesin;89.28;Teknik Mesin
452;Strength Of Materials : Part I Elementary Theory and Problems;539.411 414;539;Teknik Elektro;Teknik Elektro;65.48;Teknik Elektro, Teknik Mesin
453;General Chemistry;540;540;Teknik Sipil;Teknik Sipil;92.95;Teknik Sipil
454;Machinery's Handbook Guide :  To the use of Tables and Formulas;621.802;621;Teknik Mesin;Teknik Mesin;93.43;Teknik Mesin
455;Machinery's Handbook Guide : To The Use of Tables and Formulas;621.802;621;Teknik Mesin;Teknik Mesin;88.4;Teknik Mesin
456;Machinery's Handbooks Guide : To The Use of Tables and Formulas;621.802;621;Teknik Mesin;Teknik Mesin;85.87;Teknik Mesin
457;Electonics and control;6213810;621;Teknik Elektro;Teknik Elektro;84.89;Teknik Elektro, Teknik Mesin
458;Physics;5301;530;Teknik Elektro;Teknik Elektro;87.27;Teknik Elektro
459;The Odes and Epodes of Horace;808.8143;808;Umum;Umum;97.9;Umum
460;Magnetic control of industrial motor;621317;621;Teknik Elektro;Teknik Elektro;77.01;Teknik Elektro, Teknik Mesin
461;Mathematics : Its power and utility;510;510;Matematika;Matematika;95.65;Matematika
462;Peraturan Konstruksi Indonesia NI-5 PKKI 1961;694.1;694;Teknik Sipil;Teknik Sipil;99.96;Teknik Sipil
463;Peraturan Konstruksi Kayu Indonesia NI-5 PKK 1961;694.598;694;Teknik Sipil;Teknik Sipil;95.21;Teknik Sipil
464;Principles of Manufacturing Materials and Processes;620.17;620;Teknik Mesin;Teknik Mesin;93.37;Teknik Mesin
465;Audio visual material : Their nature and use;371.335;371;Umum;Umum;98.31;Umum
466;Fasion sewing by the bishop method;646.3;646;Umum;Umum;76.01;Umum
467;Guide to the use of books and libraries;028.7;28;Teknik Informatika & Komputer;Teknik Informatika & Komputer;90.04;Teknik Informatika & Komputer
468;Industrial, instrumentation fundamentals;681.2;681;Teknik Mesin;Teknik Mesin;83.33;Teknik Mesin, Teknik Informatika & Komputer
469;Semiconductor and Conventional Strain Gages : Mills Dean;537.622;537;Teknik Elektro;Teknik Elektro;82.26;Teknik Elektro, Teknik Informatika & Komputer
470;The Measurement of Soil Properties in The Triaxial Test;624.131.4;624;Teknik Sipil;Teknik Sipil;96.86;Teknik Sipil
471;Alternating currents and electronics;621.3192;621;Teknik Elektro;Teknik Elektro;100.0;Teknik Elektro
472;Electronics for scientists : Principles and experiments for those who use instruments;621.3815;621;Teknik Elektro;Teknik Elektro;92.47;Teknik Elektro
473;Introduction To Microwaves;621.3813;621;Teknik Elektro;Teknik Elektro;88.25;Teknik Elektro
474;Lech Watesa Democrat or Dictator;943.8;943;Umum;Umum;100.0;Umum
475;Basic Pulse Circuits;621.381.34;621;Teknik Elektro;Teknik Elektro;100.0;Teknik Elektro
476;Calculus;515.1;515;Matematika;Matematika;90.41;Matematika
477;Concise inorganic chemistry;546;546;Teknik Sipil;Teknik Sipil;95.84;Teknik Sipil
478;Mesin Pengangkat;621.86;621;Teknik Mesin;Teknik Mesin;95.53;Teknik Mesin
479;Peubah kompleks dengan pengenalan pemetaan konformal dan penerapannya : teori dan soal-soal;515.9;515;Matematika;Matematika;94.43;Matematika
480;Statistical inference;519.5;519;Matematika;Matematika;85.87;Matematika
481;The testing and inspection of enginering material;620112;620;Teknik Mesin;Teknik Mesin;98.83;Teknik Mesin
482;Days of discovery;428.6;428;Umum;Umum;100.0;Umum
483;Light sensitive systems chemistry and application;771.5;771;Teknik Grafika & Penerbitan;Teknik Grafika & Penerbitan;81.2;Teknik Grafika & Penerbitan
484;Mechanism, Linkages, and mechanical controls;621.811;621;Teknik Mesin;Teknik Mesin;84.92;Teknik Mesin, Teknik Elektro
485;Mechanisms Linkages and Mechnical Controls;621841;621;Teknik Mesin;Teknik Mesin;88.76;Teknik Mesin
486;Mechanisms, Linkages, and Mechanical Controls;621.3811;621;Teknik Elektro;Teknik Mesin;65.19;Teknik Mesin, Teknik Elektro
488;Menisms, Linkages, and Mechanical Controls;621.811;621;Teknik Mesin;Teknik Mesin;78.49;Teknik Mesin, Teknik Elektro
489;Office Procedures and Administration;651.889;651;Administrasi Niaga;Administrasi Niaga;100.0;Administrasi Niaga
490;Office Procedures and Administration : College Course;651;651;Administrasi Niaga;Administrasi Niaga;94.64;Administrasi Niaga
491;Theori of structures;624.171;624;Teknik Sipil;Teknik Sipil;100.0;Teknik Sipil
492;Theory of Structures;624.171;624;Teknik Sipil;Teknik Sipil;92.01;Teknik Sipil
493;Accounting for ManagementCost Analysis, Planning, Control and Decision-Making;658.1;658;Administrasi Niaga;Administrasi Niaga;100.0;Administrasi Niaga
494;Basic Engineering Thermodynamics;621.4021;621;Teknik Mesin;Teknik Mesin;74.24;Teknik Mesin, Teknik Elektro
495;Case studies for Management Decisions;658.403;658;Administrasi Niaga;Administrasi Niaga;98.48;Administrasi Niaga
496;Materials of Construction;620.11;620;Teknik Mesin;Teknik Mesin;77.34;Teknik Mesin, Teknik Sipil
497;Metalcraft;621.9;621;Teknik Mesin;Teknik Mesin;70.7;Teknik Mesin, Teknik Elektro
498;Physic : Teachers' guide IV;530;530;Teknik Elektro;Teknik Elektro;85.28;Teknik Elektro
499;Principles of Industrial Electronics;621.38104;621;Teknik Elektro;Teknik Elektro;92.15;Teknik Elektro
500;Principlesof Linear Circuit;621381;621;Teknik Elektro;Teknik Elektro;100.0;Teknik Elektro
501;The structure and properties of materials : Electronic properties;620.112;620;Teknik Mesin;Teknik Mesin;78.75;Teknik Mesin, Teknik Elektro
502;Basic Electricity For Electronic Engineers;621.302;621;Teknik Elektro;Teknik Elektro;100.0;Teknik Elektro
503;Basic Fluid Power;621.2;621;Teknik Mesin;Teknik Mesin;66.55;Teknik Mesin, Teknik Elektro
504;Electronic Devices And Circuits;621.3813;621;Teknik Elektro;Teknik Elektro;99.64;Teknik Elektro
505;Engineering Science;620.1;620;Teknik Mesin;Teknik Mesin;99.17;Teknik Mesin
506;Goblolino the Witch's Cat;428.6;428;Umum;Umum;100.0;Umum
507;Principles of Contruction Management;658.5;658;Administrasi Niaga;Administrasi Niaga;95.08;Administrasi Niaga
508;Production and inventory control : Principles and teechniques;658.5;658;Administrasi Niaga;Administrasi Niaga;98.18;Administrasi Niaga
509;Radiant Reading;428.6;428;Umum;Umum;96.07;Umum
510;Radio Broadcasting : An Introduction To The Sound Medium;621.38416;621;Teknik Elektro;Teknik Elektro;84.95;Teknik Elektro
511;Soil Mechanics in Engineering Practice;624.151 36;624;Teknik Sipil;Teknik Sipil;79.56;Teknik Sipil, Teknik Mesin
512;The Process of Management:concepts, berhavior, and practice;658;658;Administrasi Niaga;Administrasi Niaga;100.0;Administrasi Niaga
513;The Wide Range Reader;428.6;428;Umum;Umum;98.65;Umum
514;Theory  and Problems of Lagrangian Dynamics;53131;531;Teknik Elektro;Teknik Elektro;88.63;Teknik Elektro
515;Control Engineering;629.8;629;Teknik Mesin;Teknik Mesin;100.0;Teknik Mesin
516;Design and Contruction of Concrete Shell Roofs;693.71;693;Teknik Sipil;Teknik Sipil;94.52;Teknik Sipil
517;Elements Of Strength Of Materials;539.411/414;539;Teknik Elektro;Teknik Elektro;84.15;Teknik Elektro
518;Fundamentals of Intergrated Circuits;621.389;621;Teknik Elektro;Teknik Elektro;100.0;Teknik Elektro
519;Machine  design;621.912;621;Teknik Mesin;Teknik Mesin;91.88;Teknik Mesin
520;Machine Design;621.912;621;Teknik Mesin;Teknik Mesin;96.55;Teknik Mesin
522;Modern Junior Dictionary : Specially adapted for Use in Australia and New Zealand;423.1;423;Umum;Umum;91.34;Umum
523;TV Servicing Guidebook Problems & Soulutions;621.3887;621;Teknik Elektro;Teknik Elektro;83.67;Teknik Elektro
524;Work Measurement : Some Research Studies;658.542;658;Administrasi Niaga;Administrasi Niaga;100.0;Administrasi Niaga
525;A Dictionary of Alloys;620.1803;620;Teknik Mesin;Teknik Mesin;78.15;Teknik Mesin, Teknik Sipil
526;Australian Sanitary Engineering Practice;628;628;Teknik Sipil;Teknik Sipil;92.53;Teknik Sipil
527;Automotive fundamentals;629.2;629;Teknik Mesin;Teknik Mesin;100.0;Teknik Mesin
528;Commerce made simple;380.1;380;Administrasi Niaga;Administrasi Niaga;94.85;Administrasi Niaga
529;Handbook Of Applied Hydraulics;626.022;626;Teknik Sipil;Teknik Sipil;73.47;Teknik Sipil, Teknik Mesin
530;Industrial Administration;658.5;658;Administrasi Niaga;Administrasi Niaga;92.02;Administrasi Niaga
531;Introduction to automatic control;629.8;629;Teknik Mesin;Teknik Mesin;94.85;Teknik Mesin
532;Manageril Finance;658.15;658;Administrasi Niaga;Administrasi Niaga;100.0;Administrasi Niaga
533;Microwave theory and applications : 21 laboratory experiments;621.3813;621;Teknik Elektro;Teknik Elektro;90.06;Teknik Elektro
534;Modern Transmission Systems;629.244;629;Teknik Mesin;Teknik Mesin;83.26;Teknik Mesin, Teknik Elektro
535;Mwtalwork Technology and practice;671;671;Teknik Mesin;Teknik Mesin;85.85;Teknik Mesin
536;O & M - A Management Service;658.4034;658;Administrasi Niaga;Administrasi Niaga;100.0;Administrasi Niaga
537;Office Management;650.014;650;Administrasi Niaga;Administrasi Niaga;98.23;Administrasi Niaga
538;The Gleaming Road;428.6;428;Umum;Umum;100.0;Umum
539;Australian Society a Sociological Introduction;3010994;301;Umum;Umum;89.93;Umum
540;Concepts in chemistry;540.1;540;Teknik Sipil;Teknik Sipil;98.3;Teknik Sipil
541;Electronics for Everybody;621.381;621;Teknik Elektro;Teknik Elektro;95.47;Teknik Elektro
542;Fundamental of Mechanical Design;621.912;621;Teknik Mesin;Teknik Mesin;100.0;Teknik Mesin
543;Material Science for Engineers;620.11;620;Teknik Mesin;Teknik Mesin;82.51;Teknik Mesin
544;Materials Science for Engineers;621.0391;621;Teknik Mesin;Teknik Mesin;67.57;Teknik Mesin, Teknik Sipil
545;Modern Junior Dictionary :  Specially adapted for use in Australia and New Zealand;423.1;423;Umum;Umum;100.0;Umum
546;Peraturan Perencanaan Geometrik Jalan Raya : Standard Specifications for Geometric DEsign of RUral Highways;625.7;625;Teknik Sipil;Teknik Sipil;88.78;Teknik Sipil
547;Potatoes and People : The Story of a Plant;633.491;633;Umum;Umum;89.85;Umum
548;Systematic Handling Analisis;658512;658;Administrasi Niaga;Administrasi Niaga;86.59;Administrasi Niaga
549;Teaching Business Subjects : The Modern Approach;651.07;651;Administrasi Niaga;Administrasi Niaga;78.21;Administrasi Niaga, Umum
550;The Basic Australian Accounting;657.042;657;Akuntansi;Akuntansi;90.66;Akuntansi
551;Theory of elasticity;539.31;539;Teknik Elektro;Teknik Elektro;80.22;Teknik Elektro
552;Accuracy and speed development in typewriting;652.307;652;Administrasi Niaga;Administrasi Niaga;90.14;Administrasi Niaga
553;Alat-alat Perkakas 2;6219;621;Teknik Mesin;Teknik Mesin;96.59;Teknik Mesin
554;Basic Engineering Thermodynamics in S1 Units;621.536.7;621;Teknik Mesin;Teknik Mesin;77.37;Teknik Mesin, Teknik Elektro
555;Basic Engineering Thermodynamics in SI Units;621.536.7;621;Teknik Mesin;Teknik Mesin;70.44;Teknik Mesin, Teknik Elektro
556;Colour Television Theory : Pal-System Principles and Receiver Circuitry;621.388.04;621;Teknik Elektro;Teknik Elektro;95.74;Teknik Elektro
557;Commerce today;657.2;657;Akuntansi;Akuntansi;87.05;Akuntansi
558;Design Manual : Soil Mechanics, Fundations, and Earth Structures;624.15136;624;Teknik Sipil;Teknik Sipil;100.0;Teknik Sipil
559;Fisika untuk Universitas II Listrik Magnit;530;530;Teknik Elektro;Teknik Elektro;100.0;Teknik Elektro
560;Fitting and Machining : Volume two;62178;621;Teknik Mesin;Teknik Mesin;93.41;Teknik Mesin
561;Fitting and Machining volume 2;621.78;621;Teknik Mesin;Teknik Mesin;90.55;Teknik Mesin
562;Handbook Of Heavy Construction;624.1;624;Teknik Sipil;Teknik Sipil;100.0;Teknik Sipil
566;Industrial Engineering Handbook;670.42;670;Teknik Mesin;Teknik Mesin;100.0;Teknik Mesin
575;Jigs and Fixture : Non-standar Clamping Devices;604.2;604;Teknik Mesin;Teknik Mesin;100.0;Teknik Mesin
576;Lectures on Electrical Engineering;621.3;621;Teknik Elektro;Teknik Elektro;100.0;Teknik Elektro
577;Peraturan Beton Bertulang Indonesia 1971 N.1-2;624;624;Teknik Sipil;Teknik Sipil;100.0;Teknik Sipil
578;Principles of Communication Systems;621.382;621;Teknik Elektro;Teknik Elektro;100.0;Teknik Elektro
579;Pump Application Engineering;621.65;621;Teknik Mesin;Teknik Mesin;100.0;Teknik Mesin
581;Robot Dynamics and Control;629.892;629;Teknik Mesin;Teknik Mesin;82.24;Teknik Mesin, Teknik Informatika & Komputer
582;Study guide with classic reading to accompany the social experience;301;301;Umum;Umum;82.76;Umum
583;The art of algebra;530;530;Teknik Elektro;Teknik Elektro;76.19;Teknik Elektro, Matematika
585;Algebra one;512;512;Matematika;Matematika;100.0;Matematika
586;Digital systems fundamentals;003.54;3;Teknik Informatika & Komputer;Teknik Informatika & Komputer;79.18;Teknik Informatika & Komputer, Teknik Elektro
587;Good Piping Practice;621.56;621;Teknik Mesin;Teknik Mesin;83.3;Teknik Mesin
588;Hydrology For Engineers;551.48;551;Sains;Sains;99.99;Sains
589;Integrated Electronics;621.381;621;Teknik Elektro;Teknik Elektro;100.0;Teknik Elektro
591;Introduction to Ergonomics;620.82;620;Teknik Mesin;Teknik Mesin;88.13;Teknik Mesin
592;Legal Regulation of Consumer Credit;346.73;346;Umum;Umum;83.48;Umum, Akuntansi
593;Management : The Basic Concepts;658.4;658;Administrasi Niaga;Administrasi Niaga;100.0;Administrasi Niaga
594;Modern Data Processing;001.6;1;Teknik Informatika & Komputer;Teknik Informatika & Komputer;100.0;Teknik Informatika & Komputer
595;Physics Concepts and Models;53001;530;Teknik Elektro;Teknik Elektro;91.51;Teknik Elektro
596;Plane and geodetic surveying for engineers;526.3;526;Sains;Sains;86.09;Sains
597;Pokok-pokok Intermediate accounting;657.044;657;Akuntansi;Akuntansi;100.0;Akuntansi
598;Production : Operations Management;658.56;658;Administrasi Niaga;Administrasi Niaga;100.0;Administrasi Niaga
599;Statistical Quality Control;658.562;658;Administrasi Niaga;Administrasi Niaga;89.54;Administrasi Niaga
600;The Australian Economy;330994;330;Administrasi Niaga;Administrasi Niaga;86.47;Administrasi Niaga
601;The limits to growth;574.534;574;Sains;Sains;79.45;Sains
602;Theory and problems of statistics in si units;519.5;519;Matematika;Matematika;91.02;Matematika
604;Video Recording : Record and Replay Systems;621.388332;621;Teknik Elektro;Teknik Elektro;89.59;Teknik Elektro
605;Water-Resources Engineering;621.22;621;Teknik Mesin;Teknik Mesin;62.17;Teknik Mesin, Teknik Sipil
606;Commercial background;380;380;Administrasi Niaga;Administrasi Niaga;92.96;Administrasi Niaga
607;Construction Technologyvolume 1;693.62;693;Teknik Sipil;Teknik Sipil;97.13;Teknik Sipil
608;Data system and management an introduction to system analysis and design;004;4;Teknik Informatika & Komputer;Teknik Informatika & Komputer;98.29;Teknik Informatika & Komputer
609;Essential of Communication Electronics;621.382;621;Teknik Elektro;Teknik Elektro;100.0;Teknik Elektro
610;Essentials of Communication Electronics;621.382;621;Teknik Elektro;Teknik Elektro;100.0;Teknik Elektro
612;Expressive typing;652.32;652;Administrasi Niaga;Administrasi Niaga;68.76;Administrasi Niaga, Umum
613;Fundamentals of automotive transmissions;629.244;629;Teknik Mesin;Teknik Mesin;100.0;Teknik Mesin
614;Ilmu pesawat;629.1;629;Teknik Mesin;Teknik Mesin;80.12;Teknik Mesin
615;Machine shop;621.773;621;Teknik Mesin;Teknik Mesin;100.0;Teknik Mesin
616;Machineshop : Operations and setup;621.773;621;Teknik Mesin;Teknik Mesin;90.51;Teknik Mesin
617;Machineshop : Operations and Setups;621.773;621;Teknik Mesin;Teknik Mesin;92.69;Teknik Mesin
619;Manual of tropical housing and building;613.113;613;Umum;Teknik Sipil;69.5;Teknik Sipil, Umum
620;Mechanical Engineer's Reference Book;621.8;621;Teknik Mesin;Teknik Mesin;93.16;Teknik Mesin
622;Outlines of Chemical Technology;661.1;661;Teknik Mesin;Teknik Mesin;84.55;Teknik Mesin
623;Party pare;641.568;641;Umum;Umum;86.77;Umum
624;Questionnaire Design and Attitude Measurement;001.433;1;Teknik Informatika & Komputer;Teknik Informatika & Komputer;76.26;Teknik Informatika & Komputer, Umum
625;Reading with Understanding;428076;428;Umum;Umum;91.23;Umum
626;Structural Steelwork Calculations and Detailing;693.97(083.3);693;Teknik Sipil;Teknik Sipil;100.0;Teknik Sipil
627;Structure and Fabric Part 1 and Part 2;62418;624;Teknik Sipil;Teknik Sipil;100.0;Teknik Sipil
628;Swimming and water safety textbook : American;797.21;797;Umum;Umum;93.77;Umum
629;Telecommunication systems engineering;621.3804;621;Teknik Elektro;Teknik Elektro;97.06;Teknik Elektro
630;The economic depelopment of Australia;380.994;380;Administrasi Niaga;Administrasi Niaga;90.28;Administrasi Niaga
631;The Procedure Handbook Of Arc Welding;71.5212;521;Sains;Sains;71.11;Sains, Teknik Mesin
633;The sociology of organizationnal change;658.406;658;Administrasi Niaga;Administrasi Niaga;78.5;Administrasi Niaga, Umum
634;Tomorow's sekretariy;651.374;651;Administrasi Niaga;Administrasi Niaga;100.0;Administrasi Niaga
635;Typing mailable copy;652.32;652;Administrasi Niaga;Administrasi Niaga;83.48;Administrasi Niaga, Umum
636;A Manual of Australian agriculture;681;681;Teknik Mesin;Teknik Mesin;69.46;Teknik Mesin, Umum
637;Accounting essentials;657;657;Akuntansi;Akuntansi;99.78;Akuntansi
638;AM-FM Broadcasting Equipment, Operations, and Maintenance;621.384;621;Teknik Elektro;Teknik Elektro;94.52;Teknik Elektro
639;Communication in Business;658.45;658;Administrasi Niaga;Administrasi Niaga;99.89;Administrasi Niaga
640;Construction Technology Volume 3;693.62;693;Teknik Sipil;Teknik Sipil;91.38;Teknik Sipil
642;CSE Commerce course 1 : Introduction to commerce;380;380;Administrasi Niaga;Administrasi Niaga;100.0;Administrasi Niaga
643;Diferential equations;515.38;515;Matematika;Matematika;95.02;Matematika
644;Differential equations;515.38;515;Matematika;Matematika;93.05;Matematika
645;Electronic Techniques : Shop Practices and Construction;621.281;621;Teknik Mesin;Teknik Mesin;62.6;Teknik Mesin, Teknik Elektro
646;Elizabeth I, Queen of England;900.42;900;Umum;Umum;100.0;Umum
647;English focus : English in mechanical engineering;420;420;Umum;Umum;82.67;Umum, Teknik Mesin
648;Food Purchasing Procedures of Small Foodservice Operators;657;657;Akuntansi;Akuntansi;79.78;Akuntansi
649;Guide to High Fidelity;621.3893;621;Teknik Elektro;Teknik Elektro;83.5;Teknik Elektro
650;Hi-FI for the Hobbyist;62138953;621;Teknik Elektro;Teknik Elektro;93.56;Teknik Elektro
651;Information Systems : Theory and Practice;658.403;658;Administrasi Niaga;Administrasi Niaga;100.0;Administrasi Niaga
652;Introductory electronics;621.381;621;Teknik Elektro;Teknik Elektro;100.0;Teknik Elektro
653;Machine Shop : Operation and Setup;621.773;621;Teknik Mesin;Teknik Mesin;86.59;Teknik Mesin
654;Managerial Accounting : Conceps for Planning, Control, Decision Making;658409;658;Administrasi Niaga;Administrasi Niaga;87.14;Administrasi Niaga
655;Managing Your Money;332024;332;Akuntansi;Akuntansi;71.99;Akuntansi, Administrasi Niaga
656;Metode penulisan skripsi dan tesis;150;150;Umum;Umum;78.75;Umum, Teknik Informatika & Komputer
658;Quality Control Handbook;658.562;658;Administrasi Niaga;Administrasi Niaga;100.0;Administrasi Niaga
661;Restaurant Frenc : For Hoteliers, Restaurateurs and Catering Studiets;448.002;448;Umum;Umum;82.79;Umum
662;Surveying for Construction;5289;528;Sains;Sains;74.51;Sains, Teknik Sipil
663;Switching Theory And Logical Design;621381;621;Teknik Elektro;Teknik Elektro;100.0;Teknik Elektro
664;Teori dan Analisis Pelat : Metode Klasik dan Numerik;624.177 65;624;Teknik Sipil;Teknik Sipil;85.82;Teknik Sipil
665;Theory and problem Physical science;501;501;Sains;Sains;69.1;Sains, Teknik Elektro
666;Thermodynamics and Heat Power;5367;536;Teknik Elektro;Teknik Elektro;83.59;Teknik Elektro
667;Alternate edition calculus with analytic geometry;515.15;515;Matematika;Matematika;93.48;Matematika
669;Basic television : Principles and servicing;621.388;621;Teknik Elektro;Teknik Elektro;100.0;Teknik Elektro
670;Civil Engineer's Reference Book;624;624;Teknik Sipil;Teknik Sipil;90.44;Teknik Sipil
671;Communication Systems : An Introduction to Signals and Noise in Electrical Communication;621.38'04;621;Teknik Elektro;Teknik Elektro;95.58;Teknik Elektro
673;Dare to discipline : A Psichologist offers urgentb advice to parent and teachers;155;155;Umum;Umum;97.95;Umum
674;Favorite Stories From Burma;428.649922;428;Umum;Umum;100.0;Umum
675;First Certificate English : Book 3 Use of English;421;421;Umum;Umum;96.97;Umum
676;Fist Certificate English : Book 4 Listening Comprehension;802;802;Umum;Umum;100.0;Umum
677;Fundamentals of Physical Matallurgy;669.9;669;Teknik Sipil;Teknik Sipil;83.74;Teknik Sipil
678;Motivation and Work Behavior;658.314;658;Administrasi Niaga;Administrasi Niaga;85.82;Administrasi Niaga
679;Operational Research;003;3;Teknik Informatika & Komputer;Teknik Informatika & Komputer;100.0;Teknik Informatika & Komputer
680;Peraturan Tras & Semen Merah Indonesia NI-20;691.5;691;Teknik Sipil;Teknik Sipil;97.08;Teknik Sipil
681;Teknik Pengecoran Logam : Tata Surdia;6732;673;Teknik Mesin;Teknik Mesin;78.96;Teknik Mesin
682;The Poems of Richard Wilbur;821;821;Umum;Umum;98.38;Umum
683;A First Course in Probability;519.21;519;Matematika;Matematika;98.76;Matematika
684;Alternating Current Machines;621.3133;621;Teknik Elektro;Teknik Elektro;82.32;Teknik Elektro, Teknik Mesin
685;An Introduction to management science : quatitative approaches to decision making;658.403;658;Administrasi Niaga;Administrasi Niaga;100.0;Administrasi Niaga
686;Building Service and Equipment;696.75;696;Teknik Sipil;Teknik Sipil;87.14;Teknik Sipil
687;Children and Television;305.2354;305;Umum;Umum;92.43;Umum
688;Costruction Technology Volume 3 : R. Chudley;683.62;683;Teknik Mesin;Teknik Mesin;61.84;Teknik Mesin, Teknik Sipil
689;Deformation and Fracture Mechanics of Engineering Materials;620112;620;Teknik Mesin;Teknik Mesin;100.0;Teknik Mesin
690;Electromechanical Energy Device and Power System;621.319;621;Teknik Elektro;Teknik Elektro;86.74;Teknik Elektro
691;Excel Made Easy;004.16;4;Teknik Informatika & Komputer;Teknik Informatika & Komputer;100.0;Teknik Informatika & Komputer
692;Fundamental of Classical Thermodynamics;5367;536;Teknik Elektro;Teknik Elektro;84.06;Teknik Elektro
693;handbook of Hydraulics : For the Solution of Hydraulic Engineering Problems;553.1;553;Sains;Sains;72.46;Sains
694;Introduction to Ceramics;666;666;Teknik Sipil;Teknik Sipil;80.8;Teknik Sipil
695;Introduction to statistics for the social sciences;519.5;519;Matematika;Matematika;86.12;Matematika
696;ManagementTrainer's Guide;658.28;658;Administrasi Niaga;Administrasi Niaga;96.53;Administrasi Niaga
697;Manual of water safety and life-seaving;363.123;363;Umum;Umum;73.19;Umum
698;Mechanics for engineers statics;531.21;531;Teknik Elektro;Teknik Elektro;70.25;Teknik Elektro, Teknik Mesin
699;Operation & Maintenance of Sewage Treatment Plants;628.1682;628;Teknik Sipil;Teknik Sipil;79.15;Teknik Sipil, Umum
700;Physical Chemistry;541.1;541;Teknik Sipil;Teknik Sipil;81.11;Teknik Sipil
702;Prinsip-prinsip Auditing : Kontrole;657.45;657;Akuntansi;Akuntansi;100.0;Akuntansi
703;Rangkaian Digital Dan Rancangan Logika : Digital Circuits And Logic Design;621.381.5;621;Teknik Elektro;Teknik Elektro;100.0;Teknik Elektro
704;Semiconductor Devices;621382;621;Teknik Elektro;Teknik Elektro;100.0;Teknik Elektro
705;Sukses anda terletak pada angka;658.4;658;Administrasi Niaga;Administrasi Niaga;100.0;Administrasi Niaga
706;Text Book of Water Supply and Sanitary Engineering;628;628;Teknik Sipil;Teknik Sipil;94.52;Teknik Sipil
707;The Declaration of Independence and the Constitution : Third Edition;973513;973;Umum;Umum;100.0;Umum
708;This is Electronics : Basic Principles;621.381;621;Teknik Elektro;Teknik Elektro;100.0;Teknik Elektro
709;Australian Capitalism : Towards a Socialist Critiques;330122;330;Administrasi Niaga;Administrasi Niaga;85.63;Administrasi Niaga
710;Berpikir praktis;153.42;153;Umum;Umum;100.0;Umum
711;Bilal Berkisah di Hari Tuanya;297.65;297;Umum;Umum;100.0;Umum
712;Building services and Equipment;696.75;696;Teknik Sipil;Teknik Sipil;100.0;Teknik Sipil
713;Business communication;382.383;382;Administrasi Niaga;Administrasi Niaga;92.1;Administrasi Niaga
714;Construction Technology volume 4;693.62;693;Teknik Sipil;Teknik Sipil;86.24;Teknik Sipil
715;Construction Tehnologi : Chartered Builder;69362;693;Teknik Sipil;Teknik Sipil;91.85;Teknik Sipil
716;English conversation for travelers;421.1;421;Umum;Umum;100.0;Umum
717;Financial Accounting An Introduction;657;657;Akuntansi;Akuntansi;100.0;Akuntansi
719;Home workshops;670.4;670;Teknik Mesin;Teknik Mesin;65.63;Teknik Mesin, Teknik Grafika & Penerbitan, Umum
720;Ilmu lingkungan;336.2;336;Akuntansi;Akuntansi;72.25;Akuntansi, Umum
721;Industrial Engineering and Management : A new Perspective;6585;658;Administrasi Niaga;Administrasi Niaga;92.79;Administrasi Niaga
722;Integrated Circuits : A User's Handbook;621.381;621;Teknik Elektro;Teknik Elektro;100.0;Teknik Elektro
723;Latihan-latihan akuntansi;657.076;657;Akuntansi;Akuntansi;100.0;Akuntansi
724;Maintenace Engineering Handbook;658.202;658;Administrasi Niaga;Administrasi Niaga;100.0;Administrasi Niaga
725;Maintenance Engineering Hanbook;658.202;658;Administrasi Niaga;Administrasi Niaga;100.0;Administrasi Niaga
726;Maintenance Engineering Handbook;658.202;658;Administrasi Niaga;Teknik Mesin;100.0;Teknik Mesin
734;Mechanical Engineering Design;621.912;621;Teknik Mesin;Teknik Mesin;94.12;Teknik Mesin
735;Mekanika bahan dan pengantar teori elastisitas;620.112;620;Teknik Mesin;Teknik Mesin;89.27;Teknik Mesin
736;Perihal cetak mencetak;686.2;686;Teknik Grafika & Penerbitan;Teknik Grafika & Penerbitan;100.0;Teknik Grafika & Penerbitan
737;Prihal cetak mencetak;686.2;686;Teknik Grafika & Penerbitan;Teknik Grafika & Penerbitan;86.74;Teknik Grafika & Penerbitan
738;Study guide in alternating cerrent circuits : A Personalized system of instruction;621.319;621;Teknik Elektro;Teknik Elektro;100.0;Teknik Elektro
739;Technology of Machine Tools;621.9;621;Teknik Mesin;Teknik Mesin;97.3;Teknik Mesin
740;Test Methods for Pest Control and Management Materials;658.7;658;Administrasi Niaga;Administrasi Niaga;85.21;Administrasi Niaga
741;The Economics of the Australian Service Sector;338.40994;338;Administrasi Niaga;Administrasi Niaga;95.13;Administrasi Niaga
742;The Language of Accounting in English;657;657;Akuntansi;Akuntansi;93.49;Akuntansi
743;The Language of Civil Engineering in Inglish;624.104;624;Teknik Sipil;Teknik Sipil;88.78;Teknik Sipil
744;The Language of Mechanical enggineering in English;621076;621;Teknik Mesin;Teknik Mesin;84.12;Teknik Mesin, Umum
745;The Language of Restaurants of and catering in english;641.57;641;Umum;Umum;90.69;Umum
746;The penguin book of english mandrigals for four voices;788.53;788;Umum;Umum;97.51;Umum
747;Theory and problems of organic chemistry;547;547;Teknik Sipil;Teknik Sipil;90.72;Teknik Sipil
748;Ulmu Mekanika Teknik D;531;531;Teknik Elektro;Teknik Elektro;72.97;Teknik Elektro, Teknik Mesin
749;Uraian Lengkap Methode Network Planning Jld.1,II;004.65;4;Teknik Informatika & Komputer;Teknik Informatika & Komputer;85.12;Teknik Informatika & Komputer
750;273 Rangkaian Elektronika : Rangkaian-rangkaian Elektronika Praktis untuk Hobbyist;621.381;621;Teknik Elektro;Teknik Elektro;100.0;Teknik Elektro
751;A course in Docks and harbour engineering;627.2;627;Teknik Sipil;Teknik Sipil;100.0;Teknik Sipil
752;Automated process control systems : Conceptts and hardware;629.8;629;Teknik Mesin;Teknik Mesin;83.33;Teknik Mesin, Teknik Informatika & Komputer
753;Better English;428.6;428;Umum;Umum;100.0;Umum
754;Chemistry;540;540;Teknik Sipil;Teknik Sipil;98.22;Teknik Sipil
756;Design of machine elements;621;621;Teknik Mesin;Teknik Mesin;85.84;Teknik Mesin
759;Design of prestessed concrete;624.183;624;Teknik Sipil;Teknik Sipil;99.73;Teknik Sipil
760;Elements of Quantity Surveying;692.5;692;Teknik Sipil;Teknik Sipil;94.11;Teknik Sipil
761;Engineering Mechanics Statics;620.103;620;Teknik Mesin;Teknik Mesin;88.78;Teknik Mesin
762;Engineering Mechanics, Statics;620.103;620;Teknik Mesin;Teknik Mesin;85.85;Teknik Mesin
763;Engineering Properties of Soil and Their Measurement;624131;624;Teknik Sipil;Teknik Sipil;94.18;Teknik Sipil
764;Experinces in Science for Young Children;001.37235;1;Teknik Informatika & Komputer;Teknik Informatika & Komputer;73.84;Teknik Informatika & Komputer, Umum
765;Favourite Stories From Cambodia;4286499;428;Umum;Umum;100.0;Umum
766;Fisika;530;530;Teknik Elektro;Teknik Elektro;94.02;Teknik Elektro
767;Fluid mechanics for civil engineers;532;532;Teknik Elektro;Teknik Elektro;72.58;Teknik Elektro, Teknik Sipil
768;Fourt International Conference In Organic Coatings Science and Technology;667.9;667;Teknik Sipil;Teknik Sipil;69.56;Teknik Sipil, Teknik Mesin
769;Fundamentals of Classical Thermodynamics;536.7;536;Teknik Elektro;Teknik Elektro;100.0;Teknik Elektro
770;Getting across : A guide to good speaking and writing;428.13;428;Umum;Umum;99.83;Umum
771;Getting the most ot of your Radial Saw;621935;621;Teknik Mesin;Teknik Mesin;96.05;Teknik Mesin
772;Getting the Most out of Your Table Saw;621.935;621;Teknik Mesin;Teknik Mesin;90.29;Teknik Mesin
773;Handbook of Line Communication : A Comprehensive text-Book Dealing With The Theoritical And Practical Aspects Of The Transmission Of Intelligence Over Lines;621.382;621;Teknik Elektro;Teknik Elektro;91.39;Teknik Elektro
774;Home Recording for Musicians;780;780;Umum;Umum;77.17;Umum
775;Introduction Pneumatics : text book;62151;621;Teknik Mesin;Teknik Mesin;98.24;Teknik Mesin
776;Introduction to Pneumatics;621.51;621;Teknik Mesin;Teknik Mesin;82.74;Teknik Mesin, Teknik Informatika & Komputer
778;Introduction to Pneumatics : Text book;621.51;621;Teknik Mesin;Teknik Mesin;93.05;Teknik Mesin
779;Introduction to Work Study;331;331;Administrasi Niaga;Administrasi Niaga;100.0;Administrasi Niaga
780;Longman Dictionary of Contemporary English;423;423;Umum;Umum;98.52;Umum
781;Manual for the preparation of Industrial Feasibility Studies;355.547;355;Umum;Umum;65.57;Umum, Administrasi Niaga
782;Occupational health and safety program guidelines for colleges and universities;363.11;363;Umum;Umum;100.0;Umum
783;Pengantar Evaluasi Proyek;65892;658;Administrasi Niaga;Administrasi Niaga;95.38;Administrasi Niaga
785;Pengantar teknik tenaga listrik;621.381;621;Teknik Elektro;Teknik Elektro;96.45;Teknik Elektro
786;Practical Work Finishing Methods;62192;621;Teknik Mesin;Teknik Mesin;89.92;Teknik Mesin
787;Princiles of air conditioning;629.134;629;Teknik Mesin;Teknik Mesin;92.5;Teknik Mesin
788;Seluk beluk bank komersial;332.1;332;Akuntansi;Akuntansi;100.0;Akuntansi
789;Springer international student edition;621.233;621;Teknik Mesin;Teknik Mesin;78.33;Teknik Mesin, Umum
790;Structural analysis : A unified classical and matrix aproach;624.171;624;Teknik Sipil;Teknik Sipil;93.34;Teknik Sipil
791;Tekenik Analisa Keuangan;65815;658;Administrasi Niaga;Administrasi Niaga;85.0;Administrasi Niaga
792;Testing Machine Tools;621.902;621;Teknik Mesin;Teknik Mesin;92.6;Teknik Mesin
794;The Mardudja aborigins : Living the dream in Australia's desert;306.089;306;Umum;Umum;100.0;Umum
795;the secretary's handbook;651.740;651;Administrasi Niaga;Administrasi Niaga;100.0;Administrasi Niaga
796;Theory and problems of modern physics;530.07;530;Teknik Elektro;Teknik Elektro;95.15;Teknik Elektro
798;Usaha Memanfaatkan Air Hujan untuk air minum;628.3;628;Teknik Sipil;Teknik Sipil;96.94;Teknik Sipil
800;Acoustic emission monitoring of pressurized systems;534;534;Teknik Elektro;Teknik Elektro;90.49;Teknik Elektro
801;Airport : Palnning & Design;629139;629;Teknik Mesin;Teknik Mesin;86.7;Teknik Mesin
802;Akunting Biaya jilid 1;657.42;657;Akuntansi;Akuntansi;100.0;Akuntansi
803;Berechnungstafeln fiir Platten und Wandscheiben Tables for The Analysis of Plates, Slabs and Diaphagms : Based on The Elastic Theory;624.177;624;Teknik Sipil;Teknik Sipil;95.89;Teknik Sipil
804;Berechnungstafeln fiir Platten und Wandscheiben Tables for the Analysis of Plates, Slabs and Diaphragms : Based on The Elastic Theory;624.177;624;Teknik Sipil;Teknik Sipil;91.24;Teknik Sipil
806;Berechnungstafeln fiir Platten und Wandscheiben Tables for The Analysis of Plates, Slabs and Diaphragms : Based on The Elestic Theory;624.177;624;Teknik Sipil;Teknik Sipil;96.73;Teknik Sipil
807;Building Production and Project Management;658404;658;Administrasi Niaga;Administrasi Niaga;86.79;Administrasi Niaga
808;Civil engineering procedure;624092;624;Teknik Sipil;Teknik Sipil;100.0;Teknik Sipil
809;Dasar-Dasar dan Mekanisme Perbankan;3321;332;Akuntansi;Akuntansi;96.96;Akuntansi
810;Digital and analog communication systems;621.39;621;Teknik Elektro;Teknik Elektro;92.55;Teknik Elektro
811;Electromagnetic fields;537;537;Teknik Elektro;Teknik Elektro;95.79;Teknik Elektro
812;Essentials of Quality Control;658.562;658;Administrasi Niaga;Administrasi Niaga;93.86;Administrasi Niaga
813;Finding Families : An Ecological Approach to Family Assessment in Adoption;362.734;362;Umum;Umum;91.84;Umum
814;Fisika dasar : gelombang dan optik;530;530;Teknik Elektro;Teknik Elektro;98.84;Teknik Elektro
815;Fisika dasar : listrik magnet dan termofisika listrik;530;530;Teknik Elektro;Teknik Elektro;97.54;Teknik Elektro
816;Food for health;641.1;641;Umum;Umum;95.06;Umum
817;Getting the most out of your Abrasive tools;621921;621;Teknik Mesin;Teknik Mesin;100.0;Teknik Mesin
818;Introductory Soil Mechanics & Foundations;621.131.52;621;Teknik Mesin;Teknik Sipil;92.29;Teknik Sipil
819;Introductory Soil Mechanics & Foundations : Geotechnical Engineering;624.131.52;624;Teknik Sipil;Teknik Sipil;100.0;Teknik Sipil
820;Introductory Soil Mechanics and Fundations : Geotechnical Engineering;624.131.52;624;Teknik Sipil;Teknik Sipil;87.8;Teknik Sipil
821;Irrigation engineering : Canals and barrages;626.8;626;Teknik Sipil;Teknik Sipil;99.9;Teknik Sipil
822;Kernel Lessons Intermediate Students'Book Part;428;428;Umum;Umum;98.31;Umum
823;Light and Lively;428.6;428;Umum;Umum;100.0;Umum
824;Managing Personal Finance;658.15;658;Administrasi Niaga;Administrasi Niaga;89.89;Administrasi Niaga
825;Materials Handbook : An Encyclopedia for Managers, Technical Professionals, Purchasing and Production Managers, Technicians, Supervisors, and Foreman;001.02462;1;Teknik Informatika & Komputer;Teknik Informatika & Komputer;86.09;Teknik Informatika & Komputer
826;Materials science and engineering;691.1;691;Teknik Sipil;Teknik Sipil;82.97;Teknik Sipil, Teknik Mesin
827;Mekanika teknik 2 : statika dan kegunaannya;620.1;620;Teknik Mesin;Teknik Mesin;94.18;Teknik Mesin
828;Menggambar dan Membaca Gambar Mesin (teori) : Untuk Pendidikan Teknik Menengah;604.2;604;Teknik Mesin;Teknik Mesin;100.0;Teknik Mesin
829;Meningkatkan kualitas organisasi;658.3;658;Administrasi Niaga;Administrasi Niaga;100.0;Administrasi Niaga
830;Occupational health and safety in vocational education;363.11;363;Umum;Umum;100.0;Umum
831;"Perhitungan Lentur dengan cara ""n"" : Disesuaikan Kepada Peraturan Beton Bertulang Indonesia 1971";624.012;624;Teknik Sipil;Teknik Sipil;83.61;Teknik Sipil
832;Physical and Geotechnicial Properties of Soils;624.131.43;624;Teknik Sipil;Teknik Sipil;95.02;Teknik Sipil
833;Plants' people & emveronment;581.52;581;Sains;Sains;82.73;Sains, Umum
834;Principles of electronic intrumentation;621.389;621;Teknik Elektro;Teknik Elektro;83.25;Teknik Elektro, Teknik Informatika & Komputer
835;Quality Cntrol Handbook;658.562;658;Administrasi Niaga;Administrasi Niaga;98.59;Administrasi Niaga
837;Saya guru yang baik;371.102;371;Umum;Umum;100.0;Umum
838;Sekayu;813;813;Umum;Umum;100.0;Umum
839;Soil Mechanics;624.151 3;624;Teknik Sipil;Teknik Sipil;95.07;Teknik Sipil
840;Soil mechanics and foundations : Geotechnical engineering;624.131;624;Teknik Sipil;Teknik Sipil;100.0;Teknik Sipil
841;Standard Handbook of Civil Engineering;624.022;624;Teknik Sipil;Teknik Sipil;96.98;Teknik Sipil
842;Statika 2;519.5;519;Matematika;Matematika;82.78;Matematika
843;SteelStructurea : for Diploma Students;624.1821;624;Teknik Sipil;Teknik Sipil;97.8;Teknik Sipil
844;Technician Electrical Principles 2;621.3;621;Teknik Elektro;Teknik Elektro;94.95;Teknik Elektro
845;Technician Engineering Drawing 1;621.744;621;Teknik Mesin;Teknik Mesin;100.0;Teknik Mesin
846;The Helping Relationship: Process and Skills;363.2;363;Umum;Umum;98.59;Umum
847;The Oregon Trail;813;813;Umum;Umum;100.0;Umum
848;Videotape on Trial: A View from the Jury Box;347.075;347;Umum;Umum;91.59;Umum
849;Water Supply and Sewerge;628.1;628;Teknik Sipil;Teknik Sipil;97.69;Teknik Sipil
850;A new introduction to financial accounting;657.48;657;Akuntansi;Akuntansi;100.0;Akuntansi
851;ADasar-dasar pengawetan;641.4;641;Umum;Umum;96.66;Umum
852;Analisis Kepemimpinan;658409;658;Administrasi Niaga;Administrasi Niaga;94.37;Administrasi Niaga
853;Analysis of waters associated with alternative fuel production;519.536;519;Matematika;Matematika;76.66;Matematika
854;Apakah cek itu;332.76;332;Akuntansi;Akuntansi;92.57;Akuntansi
855;Aplikasi wordstar untuk bisnis;657.5;657;Akuntansi;Akuntansi;77.19;Akuntansi, Administrasi Niaga
856;Architect's Data;721;721;Teknik Grafika & Penerbitan;Teknik Grafika & Penerbitan;97.78;Teknik Grafika & Penerbitan
857;Aspek-aspek perbankan;332.1;332;Akuntansi;Akuntansi;100.0;Akuntansi
858;Bagaimana mengembangkan bawahan saudara;658.314;658;Administrasi Niaga;Administrasi Niaga;95.84;Administrasi Niaga
859;Bangunan Pertanian 2;631.2;631;Umum;Umum;84.16;Umum, Teknik Sipil
860;Basic electronic and electrical drafting;621.383;621;Teknik Elektro;Teknik Elektro;89.21;Teknik Elektro
861;Basic Steel Design;624182;624;Teknik Sipil;Teknik Sipil;88.77;Teknik Sipil
862;Bottom-up marketing;658.8;658;Administrasi Niaga;Administrasi Niaga;100.0;Administrasi Niaga
863;Case method in management development;658;658;Administrasi Niaga;Administrasi Niaga;92.75;Administrasi Niaga
864;Chemistry for the engineering and applied science;541.3;541;Teknik Sipil;Teknik Sipil;81.59;Teknik Sipil
865;Computer Programming for Engineers;001.642.5;1;Teknik Informatika & Komputer;Teknik Informatika & Komputer;80.29;Teknik Informatika & Komputer
866;Contemporary Business Law : Principles and Cases;3467307;346;Umum;Umum;93.06;Umum
867;Dasar-Dasar Mikrobiologi Industri;576.1;576;Sains;Sains;75.09;Sains
868;Dasar-Dasar Pengawetan 1;641.4;641;Umum;Umum;90.96;Umum
870;Digital Systems : Principles And Applications;621.381.5;621;Teknik Elektro;Teknik Elektro;90.15;Teknik Elektro
872;Electroni Devices and Circuits;621.381.501;621;Teknik Elektro;Teknik Elektro;100.0;Teknik Elektro
873;Electronic Assembly;621389;621;Teknik Elektro;Teknik Elektro;85.16;Teknik Elektro
874;Electronic Communication;621.38;621;Teknik Elektro;Teknik Elektro;100.0;Teknik Elektro
876;Electronic Devices & Circuits;621.381.501;621;Teknik Elektro;Teknik Elektro;98.27;Teknik Elektro
880;Electronics : Level 3;621.381;621;Teknik Elektro;Teknik Elektro;100.0;Teknik Elektro
881;Engineering mechanicanics  : Dynamics SI Verson;621.2;621;Teknik Mesin;Teknik Mesin;97.41;Teknik Mesin
882;Engineering Mechanics Dynamics volume 2;620.1;620;Teknik Mesin;Teknik Mesin;100.0;Teknik Mesin
883;Engineering Mechanics volume 1 StaticsSI Version;620.1;620;Teknik Mesin;Teknik Mesin;81.17;Teknik Mesin, Teknik Elektro
884;Engineering Mechanics volume 2 Dynamics;620.1;620;Teknik Mesin;Teknik Mesin;92.19;Teknik Mesin
885;Fundamental University Physics : Mechanics and thermodynamics;530;530;Teknik Elektro;Teknik Elektro;86.48;Teknik Elektro
886;Graphics in Engineering Design;621774432;621;Teknik Mesin;Teknik Mesin;90.12;Teknik Mesin
887;Handbook Construction Management and Organization;658.92;658;Administrasi Niaga;Administrasi Niaga;94.78;Administrasi Niaga
888;Handbook of Construction Management and Organization;658.92;658;Administrasi Niaga;Administrasi Niaga;95.08;Administrasi Niaga
892;Hidraulika : Ringkas dan Jelas;627;627;Teknik Sipil;Teknik Sipil;80.28;Teknik Sipil
893;Ilmu Bangunan Gedung 3;693;693;Teknik Sipil;Teknik Sipil;100.0;Teknik Sipil
894;Ilmu irigasi 2;693.81 (083.3);693;Teknik Sipil;Teknik Sipil;95.38;Teknik Sipil
895;Ilmu Konstruksi Bangunan 1 dan 2;694;694;Teknik Sipil;Teknik Sipil;100.0;Teknik Sipil
896;Ilmu Kontruksi Bangunan 2;694;694;Teknik Sipil;Teknik Sipil;100.0;Teknik Sipil
897;Ilmu Teknik Penyehatan 2;628;628;Teknik Sipil;Teknik Sipil;87.95;Teknik Sipil
898;Ilmu Ukur Tanah;631.4;631;Umum;Umum;94.94;Umum
899;Industrial Electronics: A Text-Lab Manual;621.382;621;Teknik Elektro;Teknik Elektro;97.65;Teknik Elektro
901;Intensive English Practice;428;428;Umum;Umum;100.0;Umum
902;International Progress In Urethanes volume 2 dan 3;660;660;Teknik Mesin;Teknik Mesin;90.66;Teknik Mesin
903;Introductory Quantum Mechanics;530.12;530;Teknik Elektro;Teknik Elektro;95.52;Teknik Elektro
904;Introductory Skills for Nursing Practice;614.253.5;614;Umum;Umum;93.97;Umum
905;Kalkulasi Tekstil 2 : bidang Penyempurnaan;677.657.478;677;Teknik Mesin;Teknik Mesin;86.23;Teknik Mesin
906;Kalkulasi Tekstil 2 Bidang Penyempurnaan;677.657478;677;Teknik Mesin;Teknik Mesin;93.12;Teknik Mesin
907;Kekuatan Bahan : Teori Kokoh-Strength of Material;620.112;620;Teknik Mesin;Teknik Mesin;93.94;Teknik Mesin
908;Konstruksi Baja 2;693.97;693;Teknik Sipil;Teknik Sipil;97.01;Teknik Sipil
909;Konstruksi Bangunan 3;693.65;693;Teknik Sipil;Teknik Sipil;100.0;Teknik Sipil
910;Managemen Industri Perusahaan 2 : Untuk Bagian Mesin, Sekolah Teknologi Menengah, Sekolah Teknologi Menengah Pembangunan;658.5;658;Administrasi Niaga;Administrasi Niaga;100.0;Administrasi Niaga
911;Management control Systems;651.1511;651;Administrasi Niaga;Administrasi Niaga;100.0;Administrasi Niaga
912;Manajemen Industri Perusahaan 2;6585;658;Administrasi Niaga;Administrasi Niaga;93.92;Administrasi Niaga
913;Mangemen Industri Perusahaan 2;6585;658;Administrasi Niaga;Administrasi Niaga;97.03;Administrasi Niaga
914;Map a market anti-inflation plan;338.98;338;Administrasi Niaga;Administrasi Niaga;93.31;Administrasi Niaga
915;Mass-transfer operations;530.4;530;Teknik Elektro;Teknik Elektro;81.64;Teknik Elektro, Teknik Mesin
918;Mechanical Engineer's Reference Handbook;621.8;621;Teknik Mesin;Teknik Mesin;93.11;Teknik Mesin
919;Mechanical Science for Technicians;6201;620;Teknik Mesin;Teknik Mesin;100.0;Teknik Mesin
920;Mengelola Untuk Mencapai Hasil : Tugas-tugas Ekonomi dan Keputusan Mengambil Risiko;658;658;Administrasi Niaga;Administrasi Niaga;100.0;Administrasi Niaga
921;Microprocessing Fundamentals : Hardware and Software;004.16;4;Teknik Informatika & Komputer;Teknik Informatika & Komputer;98.45;Teknik Informatika & Komputer
923;Modern Welding : Compete coverage of the welding field in one easy-to-use volume;671.52;671;Teknik Mesin;Teknik Mesin;95.47;Teknik Mesin
924;Motor bensin;629.2;629;Teknik Mesin;Teknik Mesin;100.0;Teknik Mesin
926;New Directions For Student Services : Responding to Changes in Financial Aid Programs;370;370;Umum;Umum;87.14;Umum
927;Penanganan lepas panen;658.8;658;Administrasi Niaga;Administrasi Niaga;95.5;Administrasi Niaga
928;Penanganan Lepas Panen 1;631.56;631;Umum;Umum;65.58;Umum
931;Pengantar Teknologi Tekstil;677;677;Teknik Mesin;Teknik Mesin;87.66;Teknik Mesin
933;Penuntun ujian masuk universitas : Mekanika Statika, Kinematika dan dinamika;531;531;Teknik Elektro;Teknik Elektro;89.61;Teknik Elektro
934;Peralatan tambang;622.3;622;Teknik Mesin;Teknik Mesin;84.5;Teknik Mesin
935;Petunuk praktek kimia analisa;643;643;Umum;Umum;100.0;Umum
936;Physical Geology;551.114;551;Sains;Sains;88.48;Sains
937;Practice and procedure for the quantity surveyor;624.1;624;Teknik Sipil;Teknik Sipil;89.21;Teknik Sipil
938;Reinforced Concrete Slabs;624.183.42;624;Teknik Sipil;Teknik Sipil;100.0;Teknik Sipil
939;Solving Life Problems in Health;614;614;Umum;Umum;100.0;Umum
940;Statics;620.1;620;Teknik Mesin;Teknik Mesin;91.23;Teknik Mesin
941;Structural mechanics;624;624;Teknik Sipil;Teknik Sipil;90.17;Teknik Sipil
942;Student supplement for use with business law;347.7;347;Umum;Umum;100.0;Umum
943;Teknik eksplorasi;622.1;622;Teknik Mesin;Teknik Mesin;74.47;Teknik Mesin
944;Teknik Pengukuran : Metrologi Industri;681.2.531.7;681;Teknik Mesin;Teknik Mesin;84.23;Teknik Mesin
945;Teknik Pengukuran : Metrologi Industri 1;681.2.531.7;681;Teknik Mesin;Teknik Mesin;86.35;Teknik Mesin
946;Teori Chasis dan Body 2;62911011;629;Teknik Mesin;Teknik Mesin;100.0;Teknik Mesin
947;Teori Dasar Kejuruan Perkapalan 1;629.12;629;Teknik Mesin;Teknik Mesin;92.14;Teknik Mesin
948;Teori Pembuatan Benang 3;001.56777.03;1;Teknik Informatika & Komputer;Teknik Informatika & Komputer;94.23;Teknik Informatika & Komputer
950;Teori Pembuatan Benang 3 : Untuk Bagian Tekstil;0015.677.03;1;Teknik Informatika & Komputer;Teknik Informatika & Komputer;75.7;Teknik Informatika & Komputer, Teknik Mesin
951;Teori Pembuatan Kain 3;001.5677.06;1;Teknik Informatika & Komputer;Teknik Informatika & Komputer;75.21;Teknik Informatika & Komputer, Teknik Mesin
952;Teori Penyempurnaan Tekstil;677;677;Teknik Mesin;Teknik Mesin;88.8;Teknik Mesin
953;Teori Penyempurnaan tekstil 2;677;677;Teknik Mesin;Teknik Mesin;88.59;Teknik Mesin
954;Teori Penyempurnaan Tekstil 2 : Winarni Chatib;677.06;677;Teknik Mesin;Teknik Mesin;91.44;Teknik Mesin
955;The Adminstrative process : Stephen P. Robbins;658.4;658;Administrasi Niaga;Administrasi Niaga;92.47;Administrasi Niaga
956;The Macro Economy Today;339;339;Administrasi Niaga;Administrasi Niaga;100.0;Administrasi Niaga
957;The World Rubber Economiy : Structure, Changes, and Prospects;338;338;Administrasi Niaga;Administrasi Niaga;97.15;Administrasi Niaga
958;Time-Saver Standards For Building Types;729.2;729;Teknik Grafika & Penerbitan;Teknik Grafika & Penerbitan;76.52;Teknik Grafika & Penerbitan, Teknik Sipil
959;Turbin pompa dan kompresor;621.69;621;Teknik Mesin;Teknik Mesin;99.61;Teknik Mesin
961;Adsorption of inorganics at solid liquid interface;541;541;Teknik Sipil;Teknik Sipil;94.07;Teknik Sipil
963;Akuntansi Biaya : Penentuan Harga Pokok dan Pengendalian Biaya;657.4;657;Akuntansi;Akuntansi;98.99;Akuntansi
964;Akuntansi untuk Usahawan;657;657;Akuntansi;Akuntansi;98.98;Akuntansi
965;Amuk Kapak : Tiga kumpulan Sajak;808.81;808;Umum;Umum;96.17;Umum
966;An Introduction To Electrical Machines And Transformers;621.31042;621;Teknik Elektro;Teknik Elektro;94.76;Teknik Elektro
967;Atritis : Apa Penyebabnya, bagaimana Mengobatinya;616.393;616;Umum;Umum;100.0;Umum
969;Chemical metallurgy;669.9;669;Teknik Sipil;Teknik Sipil;87.1;Teknik Sipil
970;Chemistry in water reuse;540;540;Teknik Sipil;Teknik Sipil;84.77;Teknik Sipil
971;Communicating Technology;601.41;601;Teknik Mesin;Teknik Mesin;73.61;Teknik Mesin, Umum
972;Computer programming in cobol;005.133;5;Teknik Informatika & Komputer;Teknik Informatika & Komputer;97.79;Teknik Informatika & Komputer
973;Dasar-Dasar Elektroteknik;621.386;621;Teknik Elektro;Teknik Elektro;100.0;Teknik Elektro
976;Digital circuits and design;621.349;621;Teknik Elektro;Teknik Elektro;87.5;Teknik Elektro
977;Digital Circuits and Logic Design;621.349;621;Teknik Elektro;Teknik Elektro;94.47;Teknik Elektro
978;Drafting;604.2;604;Teknik Mesin;Teknik Mesin;95.74;Teknik Mesin
980;Effective evaluation : Improving the Usefulness of evaluation results through responsive and naturalisteic approaches;001.4;1;Teknik Informatika & Komputer;Teknik Informatika & Komputer;78.54;Teknik Informatika & Komputer, Umum
981;Electro Technology Volume 8 :  Biotechnology and Energy Use;660.6;660;Teknik Mesin;Teknik Mesin;81.26;Teknik Mesin, Teknik Informatika & Komputer
982;Electrotechnology volume7 : Advance in electric heat treatmet of metal;621.3;621;Teknik Elektro;Teknik Elektro;79.62;Teknik Elektro, Teknik Mesin
983;Engineering electromagnetics;621.34;621;Teknik Elektro;Teknik Elektro;100.0;Teknik Elektro
984;Engineering Properties of Soils and Rocks;624.131;624;Teknik Sipil;Teknik Sipil;100.0;Teknik Sipil
985;Environmental impact of nonpoint source pollution;628.5;628;Teknik Sipil;Teknik Sipil;71.55;Teknik Sipil, Umum
986;Everyman in europe : Essays in social history;428;428;Umum;Umum;100.0;Umum
987;Fluid Mechanics;532;532;Teknik Elektro;Teknik Elektro;96.94;Teknik Elektro
988;Fodor's South America 1981;918;918;Umum;Umum;99.94;Umum
989;Gedung pencakar langit;690;690;Teknik Sipil;Teknik Sipil;98.18;Teknik Sipil
990;Geologi Sejarah 2;551.7;551;Sains;Sains;94.79;Sains
991;Heat and Thermodynamics;536;536;Teknik Elektro;Teknik Elektro;87.37;Teknik Elektro
992;How to Start Your Own Business... and Succeed;658.1;658;Administrasi Niaga;Administrasi Niaga;99.99;Administrasi Niaga
993;Human Rights report Indonesia 1980;323;323;Umum;Umum;96.06;Umum
994;Introduction to information processing;004;4;Teknik Informatika & Komputer;Teknik Informatika & Komputer;94.96;Teknik Informatika & Komputer
995;Irrigations engineering : Principles and practices;626.81;626;Teknik Sipil;Teknik Sipil;87.43;Teknik Sipil
996;Lemari Es : Teknik Memilih Memakai Memperbaiki;621.57;621;Teknik Mesin;Teknik Mesin;96.1;Teknik Mesin
997;Machining Fundamentals : Fundamentals Basic to Industry;671.35;671;Teknik Mesin;Teknik Mesin;100.0;Teknik Mesin
998;Manajemen Produk & Pasar : manajemen yang sukses di negara berkembang;658;658;Administrasi Niaga;Administrasi Niaga;100.0;Administrasi Niaga
999;Manajemen Produk dan Pasar : manajemen yang sukses di negara berkembang;658.5;658;Administrasi Niaga;Administrasi Niaga;100.0;Administrasi Niaga
1002;Matematika ekonomi;330.0151;330;Administrasi Niaga;Administrasi Niaga;98.76;Administrasi Niaga
1003;Material Technology 4;620021;620;Teknik Mesin;Teknik Mesin;96.38;Teknik Mesin
1004;Materials Science and Engineering a first course;691.1;691;Teknik Sipil;Teknik Sipil;90.27;Teknik Sipil
1005;Materials Science and Metallurgy;620.1;620;Teknik Mesin;Teknik Mesin;89.51;Teknik Mesin
1008;Materials Technology 4;620.021;620;Teknik Mesin;Teknik Mesin;83.72;Teknik Mesin, Teknik Sipil
1009;Materials Technology for Technicians 3;620.1'1;620;Teknik Mesin;Teknik Mesin;95.89;Teknik Mesin
1012;Materials Tehnology 4;620.021;620;Teknik Mesin;Teknik Mesin;100.0;Teknik Mesin
1013;Mathematics for Electrical and Technicians levels 4 and 5;510.621.3;510;Matematika;Matematika;84.97;Matematika, Teknik Elektro
1014;Mathematics for Electrical Technicians levels 4 and 5;510.621.3;510;Matematika;Matematika;91.02;Matematika
1015;Mechanical Science For Higher Technicians;5310246;531;Teknik Elektro;Teknik Elektro;74.89;Teknik Elektro, Teknik Mesin
1016;Modern word history;909.08;909;Umum;Umum;98.01;Umum
1017;Organic chemistry;547;547;Teknik Sipil;Teknik Sipil;97.77;Teknik Sipil
1018;Penanganan lepas panen 1 : Untuk bagian pertanian STM pembangunan;681.56;681;Teknik Mesin;Teknik Mesin;75.52;Teknik Mesin, Umum
1019;Peraturan dan perundang-undangan koperasi...;334;334;Administrasi Niaga;Administrasi Niaga;85.27;Administrasi Niaga
1020;Personnel Administration : A Point of View and a Method;658.3;658;Administrasi Niaga;Administrasi Niaga;97.48;Administrasi Niaga
1021;Petunjuk Praktek Mengajar;3703;370;Umum;Umum;82.47;Umum
1022;Safety and health in the contruction of fixed offshore instalations in the petroleum industry;622.8;622;Teknik Mesin;Teknik Mesin;65.89;Teknik Mesin, Teknik Sipil, Umum
1023;Seni dekorasi janur dan Ronce Bunga Melati;745.926;745;Teknik Grafika & Penerbitan;Teknik Grafika & Penerbitan;90.85;Teknik Grafika & Penerbitan
1024;Surveying;528.7;528;Sains;Sains;80.1;Sains
1025;Tehnik Analisa Keuangan;658.15;658;Administrasi Niaga;Administrasi Niaga;93.71;Administrasi Niaga
1027;Teori pertumbuhan ekonomi : Seri sinopsis pengantar ilmu ekonomi no.4;330;330;Administrasi Niaga;Administrasi Niaga;88.28;Administrasi Niaga
1028;The complete handbook of videocassette recorders;621.3883;621;Teknik Elektro;Teknik Elektro;88.56;Teknik Elektro
1029;The language of marketing in English;658.8;658;Administrasi Niaga;Administrasi Niaga;85.31;Administrasi Niaga
1030;Theory And Problems Of Calculus;517;517;Matematika;Matematika;80.18;Matematika, Teknik Elektro
1031;Theory and Problems of Psychology of Learning;159.019;159;Umum;Umum;92.36;Umum
1032;Traditional Water Purification in Tripical Developing Countries;628.162;628;Teknik Sipil;Teknik Sipil;81.5;Teknik Sipil
1033;Tranistor Circuit Approximations : Third Edition;621.382.3;621;Teknik Elektro;Teknik Elektro;97.36;Teknik Elektro
1034;Uang dan bank;332.1;332;Akuntansi;Akuntansi;100.0;Akuntansi
1035;A Guide to COBOL Programming;005133;5;Teknik Informatika & Komputer;Teknik Informatika & Komputer;97.37;Teknik Informatika & Komputer
1036;Administrasi dan management umum;658;658;Administrasi Niaga;Administrasi Niaga;97.57;Administrasi Niaga
1037;Administrasi Perusahaan jilid 1;658;658;Administrasi Niaga;Administrasi Niaga;100.0;Administrasi Niaga
1038;Akuntansi Biaya : Pengumpulan biaya dan penentuan harga pokok;657.42;657;Akuntansi;Akuntansi;100.0;Akuntansi
1039;Akuntansi manajemen : Konsep-konsep untuk perencanaan, pengendalian, dan pengambilan keputusan;658.15;658;Administrasi Niaga;Administrasi Niaga;98.92;Administrasi Niaga
1040;Akuntansi Suatu Pengantar;657;657;Akuntansi;Akuntansi;100.0;Akuntansi
1041;Algebra for technicians;512.7;512;Matematika;Matematika;95.43;Matematika
1042;Applied Mathematics II;510.;510;Matematika;Matematika;100.0;Matematika
1043;Appropriate methods of treating water and wastewater in developing countries;604.6;604;Teknik Mesin;Teknik Mesin;65.5;Teknik Mesin, Teknik Sipil
1044;Audio Craft : An Introduction to The Tools and Techniques of Audio Production;621.389;621;Teknik Elektro;Teknik Elektro;82.41;Teknik Elektro
1045;Auditing : Petunjuk Pemeriksaan Akuntansi Publik;657.45;657;Akuntansi;Akuntansi;95.06;Akuntansi
1046;Bagaimana menggunakan Exel 5.0 for windows;005.3;5;Teknik Informatika & Komputer;Teknik Informatika & Komputer;99.2;Teknik Informatika & Komputer
1047;Bengkel elektronika;621.38;621;Teknik Elektro;Teknik Elektro;95.64;Teknik Elektro
1048;Building Design and Construction Handbook;624;624;Teknik Sipil;Teknik Sipil;100.0;Teknik Sipil
1049;Business concepts for english practice;428;428;Umum;Umum;100.0;Umum
1050;Catatan kuliah matematika III;510;510;Matematika;Matematika;99.7;Matematika
1051;Civil Engineering Hydraulics;627;627;Teknik Sipil;Teknik Sipil;88.46;Teknik Sipil
1052;Clothoid Manuals for Highway Engineers:Principles and Practice;625.7;625;Teknik Sipil;Teknik Sipil;85.03;Teknik Sipil
1054;Computer Structres Principles and Examples;62139;621;Teknik Elektro;Teknik Elektro;87.67;Teknik Elektro
1055;Computers structures : Principles and examples;621.39;621;Teknik Elektro;Teknik Elektro;72.27;Teknik Elektro, Teknik Informatika & Komputer
1056;construction Project Administration;693.9;693;Teknik Sipil;Teknik Sipil;80.44;Teknik Sipil
1057;Contemporary Adverlising : Courtland L. Bovee;6591;659;Administrasi Niaga;Administrasi Niaga;100.0;Administrasi Niaga
1058;Contruction site production 4 checkbook;624.068;624;Teknik Sipil;Teknik Sipil;96.1;Teknik Sipil
1059;CorelDraw 3 : Belajar cepat;005.3;5;Teknik Informatika & Komputer;Teknik Informatika & Komputer;98.4;Teknik Informatika & Komputer
1060;Economics for the construction industri;338.47624;338;Administrasi Niaga;Administrasi Niaga;79.84;Administrasi Niaga
1061;Economics for the construction industry;338.47;338;Administrasi Niaga;Administrasi Niaga;89.99;Administrasi Niaga
1064;Electrodynamic;621.38;621;Teknik Elektro;Teknik Elektro;97.2;Teknik Elektro
1065;Electronic Power Control for Technicians;621.3;621;Teknik Elektro;Teknik Elektro;73.97;Teknik Elektro, Teknik Mesin
1067;Electronics Engineers'Handbook;621.38021;621;Teknik Elektro;Teknik Elektro;100.0;Teknik Elektro
1068;Elektromagnetika Teknologi jilid 1;621.38;621;Teknik Elektro;Teknik Elektro;91.77;Teknik Elektro
1071;Essentials of earth history;551.7;551;Sains;Sains;86.61;Sains
1073;Fisika teknologi semikonduktor;621.315 59;621;Teknik Elektro;Teknik Elektro;95.24;Teknik Elektro
1074;Fluid mechanics for technicians;532;532;Teknik Elektro;Teknik Elektro;97.23;Teknik Elektro
1075;Fundamentals of Money, Banking, and Financial Institutions;332.1;332;Akuntansi;Akuntansi;97.53;Akuntansi
1077;Gambar Teknik Semester 2;604.2;604;Teknik Mesin;Teknik Mesin;88.72;Teknik Mesin
1078;Gambar teknik smt I;604.2;604;Teknik Mesin;Teknik Mesin;99.21;Teknik Mesin
1079;Gas Turbin Engineering Handbook;621.433;621;Teknik Mesin;Teknik Mesin;96.02;Teknik Mesin
1080;Gas Turbine Engineering Handbook;621.433;621;Teknik Mesin;Teknik Mesin;100.0;Teknik Mesin
1082;Gas Turbine Engineering Handbook : Design Operation Maintenace;621.433;621;Teknik Mesin;Teknik Mesin;90.94;Teknik Mesin
1083;Handbook of Dimensional Measurement;681.2;681;Teknik Mesin;Teknik Mesin;94.53;Teknik Mesin
1084;Health & physical fitnes : Taking change of your health;613.7;613;Umum;Umum;97.42;Umum
1085;Ilmu Bahan;695.3;695;Teknik Sipil;Teknik Sipil;85.36;Teknik Sipil
1086;Ilmu Belanja : Pembelanjaan Perusahaan;658154;658;Administrasi Niaga;Administrasi Niaga;88.35;Administrasi Niaga
1087;Ilmu kekuatan bahan III;620.11;620;Teknik Mesin;Teknik Mesin;87.06;Teknik Mesin
1088;Ilmu listrik;621.31;621;Teknik Elektro;Teknik Elektro;97.2;Teknik Elektro
1089;Ilmu Listrik I;621;621;Teknik Mesin;Teknik Elektro;100.0;Teknik Elektro
1090;Ilmu Ukur;515.15;515;Matematika;Matematika;88.88;Matematika
1092;Inside CP/M Guide for Users and Programmers : With CP/M-86 and MP/M2;001.64;1;Teknik Informatika & Komputer;Teknik Informatika & Komputer;97.14;Teknik Informatika & Komputer
1093;Instructor's Basic Electronics : A-Text-Lab Manual;621.3815;621;Teknik Elektro;Teknik Elektro;100.0;Teknik Elektro
1094;Intermediate microeconomics;338.41;338;Administrasi Niaga;Administrasi Niaga;94.64;Administrasi Niaga
1095;Introduction to Physical Metallurgy;669.018;669;Teknik Sipil;Teknik Sipil;83.47;Teknik Sipil
1096;Jawaban Teori dan Soal-soal Akunting Biaya dan Harga Pokok perencanaan dan Pengendalian;657.42;657;Akuntansi;Akuntansi;90.72;Akuntansi
1100;Jazz Commercial arranging : Accompaniment and harmony;781.64;781;Umum;Umum;82.49;Umum
1101;Kamus Mnagement Ekonomi Perdagangan;658.03;658;Administrasi Niaga;Administrasi Niaga;100.0;Administrasi Niaga
1102;Kamus Riset;001.4;1;Teknik Informatika & Komputer;Teknik Informatika & Komputer;81.05;Teknik Informatika & Komputer
1103;Kamus teknik 4 Bahasa Belanda Inggris Jerman Indonesia;603;603;Teknik Mesin;Teknik Mesin;93.53;Teknik Mesin
1104;Kimia;540;540;Teknik Sipil;Teknik Sipil;94.38;Teknik Sipil
1105;Las Listrik dan Otogen;621.791;621;Teknik Mesin;Teknik Mesin;80.84;Teknik Mesin, Teknik Informatika & Komputer
1106;Managerial Accounting;65815;658;Administrasi Niaga;Administrasi Niaga;100.0;Administrasi Niaga
1107;Managing international crises;327.16;327;Umum;Umum;88.48;Umum
1109;Masalah ekonomi Indonesia 1982;330;330;Administrasi Niaga;Administrasi Niaga;90.66;Administrasi Niaga
1111;Materials for Engineering : Concepts and Applications;620.11;620;Teknik Mesin;Teknik Mesin;75.86;Teknik Mesin
1112;Mathematics for Technicians 2;510.6213;510;Matematika;Matematika;98.99;Matematika
1113;Mathematics Level 2;510;510;Matematika;Matematika;100.0;Matematika
1114;Mathematics level 3;510;510;Matematika;Matematika;96.95;Matematika
1115;Mekanika Tanah I;624.15;624;Teknik Sipil;Teknik Sipil;94.64;Teknik Sipil
1116;Membangun Sisika Bangunan;690;690;Teknik Sipil;Teknik Sipil;97.16;Teknik Sipil
1117;Mengenal Propaganda;303.375;303;Umum;Umum;96.9;Umum
1119;Narkoba : Menguak misteri maraknya narkoba di Indonesia;614.5;614;Umum;Umum;100.0;Umum
1120;Opto electronika;621.381;621;Teknik Elektro;Teknik Elektro;82.99;Teknik Elektro, Teknik Informatika & Komputer
1121;Pajak dan Pembangunan;33629;336;Akuntansi;Akuntansi;92.94;Akuntansi
1122;Pengantar manajemen;658;658;Administrasi Niaga;Administrasi Niaga;100.0;Administrasi Niaga
1123;Penyajian Gambar Arsitektur : Suatu penyajian dengan pendekatan fotografis;72028;720;Teknik Grafika & Penerbitan;Teknik Grafika & Penerbitan;99.7;Teknik Grafika & Penerbitan
1124;Perancangan teknik jilid 2;621.3;621;Teknik Elektro;Teknik Elektro;71.98;Teknik Elektro, Teknik Mesin
1125;Practical Cost Planning;692.5;692;Teknik Sipil;Teknik Sipil;84.96;Teknik Sipil
1126;Principles of Engineering Economy;658.15;658;Administrasi Niaga;Administrasi Niaga;100.0;Administrasi Niaga
1128;Rancangan listrik 1;621.32;621;Teknik Elektro;Teknik Elektro;98.59;Teknik Elektro
1129;Rangkaian elektronika;621.382;621;Teknik Elektro;Teknik Elektro;100.0;Teknik Elektro
1131;Sistem Informasi Akuntansi dan Organisasi Perusahaan : Kunci/Penyelesaian Soal-Soal;657.9;657;Akuntansi;Akuntansi;98.29;Akuntansi
1132;Small gas engines;621.434;621;Teknik Mesin;Teknik Mesin;95.23;Teknik Mesin
1134;Statika semester 1;515;515;Matematika;Matematika;74.33;Matematika
1135;Statistika;519.5;519;Matematika;Matematika;91.55;Matematika
1136;Student Guide : to accompany Personal Financial Management;65815;658;Administrasi Niaga;Administrasi Niaga;100.0;Administrasi Niaga
1137;Supervision A Key Link to Productivity;650128;650;Administrasi Niaga;Administrasi Niaga;100.0;Administrasi Niaga
1138;Tanzania : An African Experiment;967.8;967;Umum;Umum;93.85;Umum
1139;Tanzania An African Experiment;967.81;967;Umum;Umum;97.55;Umum
1140;Teknik bengkel semester 1;621.381;621;Teknik Elektro;Teknik Elektro;81.0;Teknik Elektro, Teknik Mesin
1141;Teknik membaca textbook dan penterjemahan;421;421;Umum;Umum;89.52;Umum
1142;Teknik Pengecoaran Logam;621.746;621;Teknik Mesin;Teknik Mesin;92.05;Teknik Mesin
1143;Teknik Pengecoran Logam;621.746;621;Teknik Mesin;Teknik Mesin;100.0;Teknik Mesin
1145;Teknologi kerja logam;691.7;691;Teknik Sipil;Teknik Sipil;65.1;Teknik Sipil, Teknik Mesin
1146;Tekologi Mekanik;6201;620;Teknik Mesin;Teknik Mesin;100.0;Teknik Mesin
1147;Tenders and Contracts for Building;692.8;692;Teknik Sipil;Teknik Sipil;86.97;Teknik Sipil
1149;Termidinamika;543.64;543;Teknik Sipil;Teknik Sipil;90.65;Teknik Sipil
1150;Termodinamika;621.402;621;Teknik Mesin;Teknik Mesin;68.72;Teknik Mesin, Teknik Elektro
1151;Tertib Mengemudi dalam rangka Menunjang Operasi Zebra;344.5;344;Umum;Umum;87.94;Umum
1153;The Essentials of Money and Banking;3321;332;Akuntansi;Akuntansi;90.41;Akuntansi
1154;The Illustrated Dictionary of Electronics;621.381;621;Teknik Elektro;Teknik Elektro;95.67;Teknik Elektro
1155;The Language of Advertising and Merchandising in English;659101;659;Administrasi Niaga;Administrasi Niaga;82.61;Administrasi Niaga, Umum
1156;The Logging Business Management Handbook;658;658;Administrasi Niaga;Administrasi Niaga;100.0;Administrasi Niaga
1157;Travel Industry;42808838;428;Umum;Umum;84.96;Umum
1158;Ukur tanah 1;631.4;631;Umum;Umum;96.72;Umum
1159;Workbook for Auto Mechanics Fundamentals : How and Why of the Desgn, Construction, and Operation of Automotive Units;629.29;629;Teknik Mesin;Teknik Mesin;99.13;Teknik Mesin
1160;Accident Prevention : Worker's Education Manual;36311;363;Umum;Umum;95.47;Umum
1163;Aljabar Jilid 1;512;512;Matematika;Matematika;95.58;Matematika
1164;Aljabar Matriks untuk para insinyur;512.943;512;Matematika;Matematika;94.28;Matematika
1165;An Introduction to The American Business Enterprise;658.73;658;Administrasi Niaga;Administrasi Niaga;100.0;Administrasi Niaga
1166;Animal Science and Industry;636;636;Umum;Umum;89.64;Umum
1167;Applying Methods and Techniques of Futures Research;001.42;1;Teknik Informatika & Komputer;Teknik Informatika & Komputer;91.76;Teknik Informatika & Komputer
1168;Auditing : Norma-norma dan prosedur pemeriksaan;657.45;657;Akuntansi;Akuntansi;95.53;Akuntansi
1169;Automatic control systems;621.316;621;Teknik Elektro;Teknik Elektro;66.96;Teknik Elektro, Teknik Mesin
1170;Bagaimana Mencapai Puncak Karier;658409;658;Administrasi Niaga;Administrasi Niaga;96.89;Administrasi Niaga
1171;Bagaimana Mencapai Puncak Karier : Manajemen Untuk Semua Orang;658409;658;Administrasi Niaga;Administrasi Niaga;100.0;Administrasi Niaga
1172;Bagaimana Menulis Laporan yang Baik;80802;808;Umum;Umum;92.44;Umum
1173;Basic blueprint reading and sketching;604.2;604;Teknik Mesin;Teknik Mesin;93.05;Teknik Mesin
1174;BAsic electricity : Text-lab manual;621.31;621;Teknik Elektro;Teknik Elektro;100.0;Teknik Elektro
1175;Basic mathematics for beginning chemistry;510.2454;510;Matematika;Matematika;90.81;Matematika
1176;BAsic remodeling techniques;721;721;Teknik Grafika & Penerbitan;Teknik Grafika & Penerbitan;80.59;Teknik Grafika & Penerbitan
1178;Building Failures: A guide to diagnosis, Remedy and prevention;690.5;690;Teknik Sipil;Teknik Sipil;87.65;Teknik Sipil
1179;Business Policy : Administrative, Strategic, and Contituency Issues;6584012;658;Administrasi Niaga;Administrasi Niaga;90.78;Administrasi Niaga
1180;Cicil Engineering Materials;691;691;Teknik Sipil;Teknik Sipil;79.74;Teknik Sipil
1181;Civil Engineering Materials;691;691;Teknik Sipil;Teknik Sipil;94.24;Teknik Sipil
1183;Common Building Defects;690.24;690;Teknik Sipil;Teknik Sipil;91.49;Teknik Sipil
1185;Considerations For Use Of Microcomputers In Developing Country Statistical Offices;004.025;4;Teknik Informatika & Komputer;Teknik Informatika & Komputer;94.88;Teknik Informatika & Komputer
1186;Cooling Towers : Selection, Design and Practice;621197;621;Teknik Mesin;Teknik Mesin;98.86;Teknik Mesin
1187;Dasar-Dasar dan Prosedur Budget;658.154;658;Administrasi Niaga;Administrasi Niaga;98.74;Administrasi Niaga
1188;Dasar-dasar kebijaksanaan ekonomi dan kebijaksanaan fiskal;330;330;Administrasi Niaga;Administrasi Niaga;86.54;Administrasi Niaga
1189;Data comunications and distributed network;004.6;4;Teknik Informatika & Komputer;Teknik Informatika & Komputer;100.0;Teknik Informatika & Komputer
1190;Desigining Structured Programs;001.642;1;Teknik Informatika & Komputer;Teknik Informatika & Komputer;98.43;Teknik Informatika & Komputer
1191;Electric Machinery;621.31;621;Teknik Elektro;Teknik Elektro;100.0;Teknik Elektro
1192;Electricity for refrigerations heating and air conditioning;621.48;621;Teknik Mesin;Teknik Mesin;70.62;Teknik Mesin, Teknik Elektro
1193;Electronics : A Survey of.....;621.381;621;Teknik Elektro;Teknik Elektro;99.68;Teknik Elektro
1194;Engineering Instrumentation & Control;620.0044;620;Teknik Mesin;Teknik Mesin;83.33;Teknik Mesin, Teknik Informatika & Komputer
1196;Feasibility Study : Teknik Efaluasi Gagasan Usaha;658;658;Administrasi Niaga;Administrasi Niaga;100.0;Administrasi Niaga
1197;Fisika Dasar;539.1;539;Teknik Elektro;Teknik Elektro;99.74;Teknik Elektro
1198;Hazardous and Industrial Solid Waste Testing: Second Symposium;361.18;361;Umum;Umum;83.22;Umum
1199;Hidrologi untuk Pengairan;55148;551;Sains;Sains;79.14;Sains
1200;International Computer BasedConference on Biotechnology;62139;621;Teknik Elektro;Teknik Elektro;79.07;Teknik Elektro, Teknik Informatika & Komputer
1201;Introductory algebra an applied approach;512.1;512;Matematika;Matematika;93.94;Matematika
1202;Kamus Teknik Sipil : Indonesia-Inggris & Inggris-Indonesia;624.03;624;Teknik Sipil;Teknik Sipil;82.21;Teknik Sipil
1203;Kimia Dasar : Prinsipdan Terapan Modern;540;540;Teknik Sipil;Teknik Sipil;88.39;Teknik Sipil
1204;Kimia Organik :  Suatu Kuliah Singkat;547;547;Teknik Sipil;Teknik Sipil;94.98;Teknik Sipil
1205;Koperasi Indonesia : Bacaan Populer untuk Perguruan Tinggi;334(910);334;Administrasi Niaga;Administrasi Niaga;78.66;Administrasi Niaga, Umum
1206;Korespondensi Praktis Perbankan;395.4;395;Umum;Umum;62.82;Umum, Akuntansi
1207;Kumpulan Soal-Soal Ujian Nasional Akuntansi Beserta Jawabnya : Tingkat: Dasar;657.042;657;Akuntansi;Akuntansi;95.79;Akuntansi
1208;Listrikelektronika rumah tangga;688.729;688;Teknik Mesin;Teknik Mesin;69.65;Teknik Mesin, Teknik Elektro
1209;Low-Head Hydropower : Jan F. sassaman;621.406;621;Teknik Mesin;Teknik Mesin;72.09;Teknik Mesin, Teknik Elektro
1210;Maachine design;621.912;621;Teknik Mesin;Teknik Mesin;100.0;Teknik Mesin
1212;Matematika lanjutan untuk insinyur dan ilmuwan;510;510;Matematika;Matematika;100.0;Matematika
1213;Matematika untuk jurusan teknik mesin;510;510;Matematika;Matematika;87.03;Matematika
1214;Materials for Technology Students;621.378 1;621;Teknik Elektro;Teknik Elektro;74.1;Teknik Elektro, Teknik Mesin
1215;Mathematics 1;510;510;Matematika;Matematika;100.0;Matematika
1218;Mekanika Fluida;532;532;Teknik Elektro;Teknik Elektro;92.94;Teknik Elektro
1219;Membangun Fisika Bangunan;690;690;Teknik Sipil;Teknik Sipil;86.88;Teknik Sipil
1220;Membangun mengukur dan menentukan titik-tititk di lapangan;627.131;627;Teknik Sipil;Teknik Sipil;88.37;Teknik Sipil
1221;Menulis Laporan yang Efektif;80802;808;Umum;Umum;100.0;Umum
1222;Modern air conditioning practice;651.57;651;Administrasi Niaga;Administrasi Niaga;100.0;Administrasi Niaga
1223;Motor Diesel Putaran Tinggi;621.747;621;Teknik Mesin;Teknik Mesin;100.0;Teknik Mesin
1224;Oxford Dictionary Of Current Idiomatic English : Volume 2: Phrase, Clause & Sentence Idioms;423.1;423;Umum;Umum;100.0;Umum
1225;Penelitian Kebijaksanaan Ilmu Pengetahuan dan Teknologi Studi Kasus Elektronika;621.381;621;Teknik Elektro;Teknik Elektro;92.64;Teknik Elektro
1226;Penerapan Manajemen Berdasarkan Sasaran;65812;658;Administrasi Niaga;Administrasi Niaga;100.0;Administrasi Niaga
1227;"Pengetahuan tentang metalurgy untuk STM; FKT; FT";669;669;Teknik Sipil;Teknik Sipil;90.6;Teknik Sipil
1228;Perencanaan teknik mesin;620.3;620;Teknik Mesin;Teknik Mesin;96.19;Teknik Mesin
1230;Plant Layout and Material Handling;678.05.7;678;Teknik Mesin;Teknik Mesin;80.91;Teknik Mesin
1231;Prinsip-prinsip dasar sitaksis;415;415;Umum;Umum;100.0;Umum
1232;Schaum's Outline of Theory and Problems of College Chemistry;540;540;Teknik Sipil;Teknik Sipil;85.26;Teknik Sipil
1233;Sejarah dan Filsafat Pendidikan Islam;901;901;Umum;Umum;98.86;Umum
1234;Seri fisika : fisika dasar;530;530;Teknik Elektro;Teknik Elektro;100.0;Teknik Elektro
1235;Seri mengenal bank 6 : Kredit kelayakan pasti membantu usaha anda;332.175;332;Akuntansi;Akuntansi;85.99;Akuntansi
1236;Servo mekanik dan instrumentasi;629.83;629;Teknik Mesin;Teknik Mesin;81.38;Teknik Mesin, Teknik Informatika & Komputer
1237;Sistem dan pelaksanaan ekspor, impor dan lalulintas devisa di Indonesia;382.1;382;Administrasi Niaga;Administrasi Niaga;78.75;Administrasi Niaga
1238;Sistem Pengaturan;629042;629;Teknik Mesin;Teknik Mesin;83.33;Teknik Mesin, Teknik Informatika & Komputer
1240;Strategi Pemasaran Modern;6588;658;Administrasi Niaga;Administrasi Niaga;88.15;Administrasi Niaga
1241;Structure and fabric part 1;624.18;624;Teknik Sipil;Teknik Sipil;96.29;Teknik Sipil
1242;Sukses Anda Terletak Pada Angka;65815;658;Administrasi Niaga;Administrasi Niaga;100.0;Administrasi Niaga
1243;Teknologi bahan 1 (PEDC);620.11;620;Teknik Mesin;Teknik Mesin;89.3;Teknik Mesin
1244;Teory and problems of mathematics of finance;332.021;332;Akuntansi;Akuntansi;92.31;Akuntansi
1245;The Accounting Review : Quarterly Journal of the American Accounting Association;657;657;Akuntansi;Akuntansi;98.79;Akuntansi
1246;The age of aristocracy 1688 to 1830;305.52;305;Umum;Umum;99.25;Umum
1247;The Collective Bargaining Process : Readings and Analysis;6583;658;Administrasi Niaga;Administrasi Niaga;90.48;Administrasi Niaga
1248;The Nurse Manager in the Emergency Departement;362.11;362;Umum;Umum;88.02;Umum
1249;The Vidio Production Guide;770;770;Teknik Grafika & Penerbitan;Teknik Grafika & Penerbitan;84.4;Teknik Grafika & Penerbitan
1250;Theory and problems of Applied physics;530;530;Teknik Elektro;Teknik Elektro;99.38;Teknik Elektro
1252;Theory and Problems of Machine Design;621.912;621;Teknik Mesin;Teknik Mesin;98.11;Teknik Mesin
1254;Worked examples in electrical technology in international system (SI) of units;621.310;621;Teknik Elektro;Teknik Elektro;89.39;Teknik Elektro
1255;Administrasi perusahaan modern;658.1;658;Administrasi Niaga;Administrasi Niaga;100.0;Administrasi Niaga
1256;Advanced Accounting;657.046;657;Akuntansi;Akuntansi;100.0;Akuntansi
1257;Advanced Accounting : Akunting Tinggi;657.046;657;Akuntansi;Akuntansi;100.0;Akuntansi
1258;Advanced Industrial Electronics;621.389;621;Teknik Elektro;Teknik Elektro;100.0;Teknik Elektro
1259;Agama dan Peradaban;297.66;297;Umum;Umum;100.0;Umum
1261;Akuntansi Keuangan Intermediate masalah-masalah khusus;657.45;657;Akuntansi;Akuntansi;97.83;Akuntansi
1262;Akuntansi keuangan intermeiate : Masalah-masalah khusus;657.45;657;Akuntansi;Akuntansi;100.0;Akuntansi
1263;An introduction to businnes : Business in action;658;658;Administrasi Niaga;Administrasi Niaga;97.96;Administrasi Niaga
1264;Analisa : Cara modern Anggaran Biaya Pelaksanaan;624.171;624;Teknik Sipil;Teknik Sipil;96.29;Teknik Sipil
1265;Analisa anggaran biaya dan pelaksanaan;624171;624;Teknik Sipil;Teknik Sipil;100.0;Teknik Sipil
1266;Analisa anggaran biaya pelaksanaan lanjutan;624.171;624;Teknik Sipil;Teknik Sipil;100.0;Teknik Sipil
1267;Analisa Anggaran Biaya Pelaksanaan Lanjutan(cara Modern);624.1042;624;Teknik Sipil;Teknik Sipil;97.47;Teknik Sipil
1268;Analisa Anggaran Biaya Pelaksanaan(cara Modren) lanjutan;624.171;624;Teknik Sipil;Teknik Sipil;100.0;Teknik Sipil
1269;Analisa anggaran dan biaya pelaksanaan;624171;624;Teknik Sipil;Teknik Sipil;100.0;Teknik Sipil
1271;Analisa keputusan manajemen;658.403;658;Administrasi Niaga;Administrasi Niaga;100.0;Administrasi Niaga
1272;Analisis Keputusan Manajemen;658403;658;Administrasi Niaga;Administrasi Niaga;100.0;Administrasi Niaga
1273;Analysis and Design of Analog Integrated Circuits;621.38173;621;Teknik Elektro;Teknik Elektro;97.7;Teknik Elektro
1274;Anggaran Biaya Pelaksanaa;624171;624;Teknik Sipil;Teknik Sipil;88.09;Teknik Sipil
1275;Anggaran Biaya Pelaksanaan : Analisa;624171;624;Teknik Sipil;Teknik Sipil;98.54;Teknik Sipil
1277;Azas-Azas Marketing;658.8;658;Administrasi Niaga;Administrasi Niaga;100.0;Administrasi Niaga
1278;Bagian-Bagian Mesin Dan Merencana;621;621;Teknik Mesin;Teknik Mesin;91.92;Teknik Mesin
1279;Bagian-Bagian Mesin Dan Merencana : Untuk STM dan Akademi;621;621;Teknik Mesin;Teknik Mesin;86.39;Teknik Mesin
1281;Basic Electronics;621.382;621;Teknik Elektro;Teknik Elektro;100.0;Teknik Elektro
1284;Beberapa Pokok dari Pelaksanaan Quality Control dan Storage Control;658.562;658;Administrasi Niaga;Administrasi Niaga;98.91;Administrasi Niaga
1285;Buku Pedoman perencanaan untuk Struktur Beton Bertulang Biasa dan Struktru Tembok Bertulang untuk Gedung 1983;691.3;691;Teknik Sipil;Teknik Sipil;92.99;Teknik Sipil
1286;Business and Society Management, Public Policy, Ethics;658.408;658;Administrasi Niaga;Administrasi Niaga;91.88;Administrasi Niaga
1287;Business mmodel and activity file for Business in action an introduction to buainess;658;658;Administrasi Niaga;Administrasi Niaga;100.0;Administrasi Niaga
1288;Calculus : A Modeling Approach;517;517;Matematika;Matematika;92.98;Matematika
1289;Chemical skills;540.76;540;Teknik Sipil;Teknik Sipil;82.22;Teknik Sipil, Umum
1290;Construction mathematics;511;511;Matematika;Matematika;92.0;Matematika
1291;Cost Accounting : Principles and applications;657.42;657;Akuntansi;Akuntansi;93.37;Akuntansi
1292;Data Processing : An Introduction;004;4;Teknik Informatika & Komputer;Teknik Informatika & Komputer;94.22;Teknik Informatika & Komputer
1293;Digital System Design and Microprocesors;004.16;4;Teknik Informatika & Komputer;Teknik Informatika & Komputer;75.44;Teknik Informatika & Komputer, Teknik Elektro
1294;Dinamika Permesinan;621.873;621;Teknik Mesin;Teknik Mesin;86.75;Teknik Mesin
1295;Distribution Inventory Management;658.787;658;Administrasi Niaga;Administrasi Niaga;100.0;Administrasi Niaga
1296;Drafting for Industri;604.24;604;Teknik Mesin;Teknik Mesin;83.6;Teknik Mesin
1297;Ekonometrik;330.015;330;Administrasi Niaga;Administrasi Niaga;93.45;Administrasi Niaga
1298;Electrical and electronic engineering;621.303;621;Teknik Elektro;Teknik Elektro;100.0;Teknik Elektro
1299;Electronic Principles;621.381;621;Teknik Elektro;Teknik Elektro;100.0;Teknik Elektro
1301;Electronic Testing and Fault Diagnosis;621.38616;621;Teknik Elektro;Teknik Elektro;87.72;Teknik Elektro
1302;Electronics : Principles and Applications;621.381;621;Teknik Elektro;Teknik Elektro;100.0;Teknik Elektro
1303;Elementary algebra;512;512;Matematika;Matematika;99.13;Matematika
1304;Favourite stories from the philippines;428.049;428;Umum;Umum;100.0;Umum
1307;Fundamental methods of mathematical economics;330.0151;330;Administrasi Niaga;Administrasi Niaga;90.08;Administrasi Niaga
1308;Intermediate Accounting : Comprehensive Volume;657.044;657;Akuntansi;Akuntansi;100.0;Akuntansi
1309;Inti sari manajemen;658.02;658;Administrasi Niaga;Administrasi Niaga;100.0;Administrasi Niaga
1310;Introduction to Apple II Basic;005.3;5;Teknik Informatika & Komputer;Teknik Informatika & Komputer;93.94;Teknik Informatika & Komputer
1311;Introduction to Physical Chemistry;541.1;541;Teknik Sipil;Teknik Sipil;88.55;Teknik Sipil
1312;Kalkulus lanjutan;515;515;Matematika;Matematika;99.21;Matematika
1313;Kernel Lessons Intermediate : Students' book part B;428;428;Umum;Umum;98.89;Umum
1314;Kimia Fisika jilid 2;541.3;541;Teknik Sipil;Teknik Sipil;88.96;Teknik Sipil
1316;Komunikasi Elektronika;621.382;621;Teknik Elektro;Teknik Elektro;100.0;Teknik Elektro
1317;Komunikasi Manajemen;658;658;Administrasi Niaga;Administrasi Niaga;100.0;Administrasi Niaga
1320;Machinery's Handbook : A Reference Book For the Mechanical Engineer, Designer, Manufacturing Engineer, Draftsman, Toolmaker, and Machinist;621.8;621;Teknik Mesin;Teknik Mesin;90.24;Teknik Mesin
1322;Maintenance & repair managementcPedc;624;624;Teknik Sipil;Teknik Sipil;79.69;Teknik Sipil
1323;Manajemen Personalia : Teknik & Konsep Modern;658.31;658;Administrasi Niaga;Administrasi Niaga;100.0;Administrasi Niaga
1324;Manajemen Personalia : Teknik dan konsep modern;658.31;658;Administrasi Niaga;Administrasi Niaga;99.08;Administrasi Niaga
1325;Manajemen Perusahaan;658;658;Administrasi Niaga;Administrasi Niaga;100.0;Administrasi Niaga
1326;Manajemen Perusahaan : manajemen yang sukses di negara berkembang;658;658;Administrasi Niaga;Administrasi Niaga;100.0;Administrasi Niaga
1327;Matematika Untuk Teknik;510;510;Matematika;Matematika;100.0;Matematika
1329;Mekanika Tanah;624.15;624;Teknik Sipil;Teknik Sipil;100.0;Teknik Sipil
1332;Membangun Mekanika Bangunan;693.9;693;Teknik Sipil;Teknik Sipil;92.4;Teknik Sipil
1333;Mengelas Asetilen;621.791;621;Teknik Mesin;Teknik Mesin;97.66;Teknik Mesin
1334;Mengelas Asetilen : Ketrampilan Dasar;621.791 5;621;Teknik Mesin;Teknik Mesin;99.47;Teknik Mesin
1335;Mengelas Listrik : Dilengkapi dengan latihan-latihan;621791;621;Teknik Mesin;Teknik Mesin;87.74;Teknik Mesin
1336;Mengelas Listrik : Ketrampilan Dasar;621.797 7;621;Teknik Mesin;Teknik Mesin;91.25;Teknik Mesin
1337;Meningkatkan hasil perusahaan;658.81;658;Administrasi Niaga;Administrasi Niaga;98.33;Administrasi Niaga
1340;Meningkatkan hasil perusahaan : John W. Humble;65811;658;Administrasi Niaga;Administrasi Niaga;100.0;Administrasi Niaga
1341;Mesin tak serempak dalam praktek;621;621;Teknik Mesin;Teknik Mesin;80.59;Teknik Mesin
1342;Modern Welding : Complete coverage of the welding field in one easy-to-use volume;671.52;671;Teknik Mesin;Teknik Mesin;92.76;Teknik Mesin
1344;Pajak pertambahan nilai suatu peralihan dari pajak penjualan;336.27;336;Akuntansi;Akuntansi;93.9;Akuntansi
1345;Pascal;001.6424;1;Teknik Informatika & Komputer;Teknik Informatika & Komputer;99.86;Teknik Informatika & Komputer
1346;Pengajaran ejaan bahasa Indonesia;411.52;411;Umum;Umum;100.0;Umum
1347;Pengantar Akuntansi Manajemen jilid 1;657.02;657;Akuntansi;Akuntansi;100.0;Akuntansi
1348;Pengantar Ilmu Hukum;340;340;Umum;Umum;99.42;Umum
1349;Pengantar sistem-sistem ekonomi;330.1;330;Administrasi Niaga;Administrasi Niaga;88.74;Administrasi Niaga
1350;Pengantar teknik dan perencanaan transportasi;629.04;629;Teknik Mesin;Teknik Mesin;98.45;Teknik Mesin
1351;Pengaturan Organisasi Bangunan;6582;658;Administrasi Niaga;Administrasi Niaga;100.0;Administrasi Niaga
1352;Pengenalan komputer;004;4;Teknik Informatika & Komputer;Teknik Informatika & Komputer;100.0;Teknik Informatika & Komputer
1353;Pengendalian Produksi : Suatu pendekatan Kuantitatif;658.5;658;Administrasi Niaga;Administrasi Niaga;97.7;Administrasi Niaga
1354;Penyidikan tulisan dan tanda tangan;332.1;332;Akuntansi;Akuntansi;80.39;Akuntansi, Umum
1355;Peraturan perencanaan bangunan baja Indonesia (PPBBI);690.759;690;Teknik Sipil;Teknik Sipil;100.0;Teknik Sipil
1356;Perencanaan pembangunan dan pemerataan pendapatan;338.9008;338;Administrasi Niaga;Administrasi Niaga;99.8;Administrasi Niaga
1357;Perencanaan teknik mesin jilid 2;621.092;621;Teknik Mesin;Teknik Mesin;93.85;Teknik Mesin
1358;Perkembangan industri perbankan dan lembaga keuangan bukan bank (LKBB) di Indonesia;332.1;332;Akuntansi;Akuntansi;98.48;Akuntansi
1359;Phisical and Geotechnical Properties of Soils;624.131.43;624;Teknik Sipil;Teknik Sipil;93.11;Teknik Sipil
1360;Physical And Geotechnical Properties Of Soils;624.131.43;624;Teknik Sipil;Teknik Sipil;98.37;Teknik Sipil
1361;Planning Occupational Safety & Health;363.11;363;Umum;Umum;93.01;Umum
1362;Pornography and sexual aggresion;363.47;363;Umum;Umum;100.0;Umum
1363;Powerplant technology;621.313 1;621;Teknik Elektro;Teknik Mesin;61.13;Teknik Mesin, Teknik Elektro
1364;Productivity and prices the consecuences of industrial concentration;338.8097;338;Administrasi Niaga;Administrasi Niaga;98.78;Administrasi Niaga
1365;Program Komputer untuk Analisa Ekonomi;005.1;5;Teknik Informatika & Komputer;Teknik Informatika & Komputer;87.8;Teknik Informatika & Komputer
1366;Proses Pembuatan Gula Dan Ketel Uapnya;621.1;621;Teknik Mesin;Teknik Mesin;83.03;Teknik Mesin, Teknik Informatika & Komputer
1367;Shop Mathematics : Introctor's Guide and Resource Book;510;510;Matematika;Matematika;85.81;Matematika
1368;Sistem televisi dan video;621.388;621;Teknik Elektro;Teknik Elektro;100.0;Teknik Elektro
1369;Sistem-Sistem Digital : Prinsip-Prinsip Dan Pemakaian-Pamakaian;621.381;621;Teknik Elektro;Teknik Elektro;100.0;Teknik Elektro
1370;Sistem-Sistem Digital : Prinsip-Prinsip Dan Pemakaian-Pemakaian;621.389;621;Teknik Elektro;Teknik Elektro;98.73;Teknik Elektro
1375;Squash;796.343;796;Umum;Umum;95.22;Umum
1376;Standar : Tata Cara Perhitungan Struktur Beton Untuk Bangunan Gedung;624.17;624;Teknik Sipil;Teknik Sipil;100.0;Teknik Sipil
1377;Statistik dengan program komputer;310.021;310;Umum;Teknik Informatika & Komputer;49.93;Teknik Informatika & Komputer, Umum
1378;Steel Structures And Timber Structures : Analysis, Design and Details of Structures;691;691;Teknik Sipil;Teknik Sipil;100.0;Teknik Sipil
1379;Steel Structures and Timber Structures : Analysisi, design and Details of Structures;691;691;Teknik Sipil;Teknik Sipil;89.7;Teknik Sipil
1380;Survei dan Perencanaan Lintas Jalur;625723;625;Teknik Sipil;Teknik Sipil;71.17;Teknik Sipil, Teknik Mesin
1381;Systems Analysis For Application Software Design;004.21;4;Teknik Informatika & Komputer;Teknik Informatika & Komputer;98.34;Teknik Informatika & Komputer
1382;Teknik Sipil;624;624;Teknik Sipil;Teknik Sipil;100.0;Teknik Sipil
1384;Teknologi Bangunan Mesin Bahan-Bahan 1;624.299;624;Teknik Sipil;Teknik Sipil;88.29;Teknik Sipil
1385;Teknologi untuk bangunan mesin : Bahan-bahan 1;621.902;621;Teknik Mesin;Teknik Mesin;83.66;Teknik Mesin, Teknik Sipil
1386;Teknologi Untuk Bangunan Mesin Bahan-Bahan 1;691;691;Teknik Sipil;Teknik Sipil;81.54;Teknik Sipil, Teknik Mesin
1387;Teknologi untuk bangunan mesin BAhan-banahn 1;626.91;626;Teknik Sipil;Teknik Sipil;61.93;Teknik Sipil, Teknik Mesin
1388;Teori Akuntansi;657.01;657;Akuntansi;Akuntansi;100.0;Akuntansi
1390;Teori dan Analisis Struktur;624.171;624;Teknik Sipil;Teknik Sipil;98.9;Teknik Sipil
1392;Teori dan soal-soal elektromagnetika;621.34;621;Teknik Elektro;Teknik Elektro;99.28;Teknik Elektro
1393;The Age of Discovery 1400-1550;970.01;970;Umum;Umum;95.13;Umum
1394;The Construction industry : Issues and strategies in developing countries;338.476;338;Administrasi Niaga;Administrasi Niaga;100.0;Administrasi Niaga
1395;The Essential Guide to London : The Best of Everything and Some of The Worst;914.21;914;Umum;Umum;93.65;Umum
1396;Vector Mechanics for engineers dynamics;531.32;531;Teknik Elektro;Teknik Elektro;94.26;Teknik Elektro
1397;20 Proyek Elektronika Sederhana Untuk Komputer ZX81 & Spectrum;621.3;621;Teknik Elektro;Teknik Elektro;95.92;Teknik Elektro
1399;80286 asembly language on MS-DOS computers;005.265;5;Teknik Informatika & Komputer;Teknik Informatika & Komputer;95.9;Teknik Informatika & Komputer
1400;Advanced Mechanics of Materials;620.1123;620;Teknik Mesin;Teknik Mesin;100.0;Teknik Mesin
1401;Advandced Mechanics of Materials;6201123;620;Teknik Mesin;Teknik Mesin;92.4;Teknik Mesin
1402;Akuntansi Keuangan Intermediate: Masalah-masalah Khusus;657.48;657;Akuntansi;Akuntansi;95.81;Akuntansi
1403;Anak tanah air : Secercah kisah;813;813;Umum;Umum;89.09;Umum
1404;Aneka Problema keguruan;371.1;371;Umum;Umum;98.67;Umum
1405;Aplikasi kerja;005.6;5;Teknik Informatika & Komputer;Teknik Informatika & Komputer;97.5;Teknik Informatika & Komputer
1406;Aplikasi kerja BBC Micro;005.6;5;Teknik Informatika & Komputer;Teknik Informatika & Komputer;100.0;Teknik Informatika & Komputer
1407;Automotive Mechanics;624.8;624;Teknik Sipil;Teknik Mesin;85.41;Teknik Mesin
1409;Bagaimana menguasai manajemen dengan cara yang mudah;658;658;Administrasi Niaga;Administrasi Niaga;100.0;Administrasi Niaga
1410;Bahan Konstruksi dan Struktur Teknik;624.1;624;Teknik Sipil;Teknik Sipil;94.0;Teknik Sipil
1411;Bahasa Perdagangan;382.03;382;Administrasi Niaga;Administrasi Niaga;84.41;Administrasi Niaga
1414;Basic Programming for the Apple Computer;001.642;1;Teknik Informatika & Komputer;Teknik Informatika & Komputer;100.0;Teknik Informatika & Komputer
1415;Bimbingan bermain tenis meja;796.346;796;Umum;Umum;96.22;Umum
1416;Bimbingan karir;331.7;331;Administrasi Niaga;Administrasi Niaga;75.99;Administrasi Niaga, Umum
1417;Bisnis internasional dalam lingkungan yang sedang berubah;382;382;Administrasi Niaga;Administrasi Niaga;87.98;Administrasi Niaga
1418;Business;650;650;Administrasi Niaga;Administrasi Niaga;100.0;Administrasi Niaga
1419;Calculus for technicians;517.2;517;Matematika;Matematika;90.23;Matematika
1420;Civil Egineer's Reference Book;624;624;Teknik Sipil;Teknik Sipil;93.77;Teknik Sipil
1421;Civil Engineer's Handbook;624;624;Teknik Sipil;Teknik Sipil;100.0;Teknik Sipil
1424;Coated Fabrics Technology Volume 4;677.02864;677;Teknik Mesin;Teknik Mesin;96.97;Teknik Mesin
1425;Comet;523.6;523;Sains;Sains;74.35;Sains, Umum
1426;Computer control systems for log processing and lumber manufacturing;004;4;Teknik Informatika & Komputer;Teknik Informatika & Komputer;80.79;Teknik Informatika & Komputer, Teknik Mesin
1427;Concepts in Information Processing;652.5;652;Administrasi Niaga;Administrasi Niaga;100.0;Administrasi Niaga
1428;Construction Planning, Equipment and Method;624;624;Teknik Sipil;Teknik Sipil;99.55;Teknik Sipil
1432;Contoh Lengkap RAB Pekerjaan Tanah;332.041.2;332;Akuntansi;Akuntansi;71.07;Akuntansi, Teknik Sipil
1433;Contoh perhitungan perencanaan motor bensin 4 langkah;6242538;624;Teknik Sipil;Teknik Sipil;60.22;Teknik Sipil, Teknik Mesin
1434;Contoh Perhitungan Turbin Uap : Untuk STM & Perguruan Tinggi;621.165;621;Teknik Mesin;Teknik Mesin;99.01;Teknik Mesin
1435;Contruction Planning,Equipment, and Methods;624;624;Teknik Sipil;Teknik Sipil;100.0;Teknik Sipil
1436;Dasar-dasar ElektroTeknik jilid 2;621.13;621;Teknik Mesin;Teknik Elektro;100.0;Teknik Elektro
1437;Dasar-Dasar Pemeriksaan Akuntansi : Auditing;657.45;657;Akuntansi;Akuntansi;100.0;Akuntansi
1438;Dasar-Dasar Pengelasan;671.52;671;Teknik Mesin;Teknik Mesin;96.37;Teknik Mesin
1439;Ekspedisi Muatan (Freight Forwarding);658788;658;Administrasi Niaga;Administrasi Niaga;92.92;Administrasi Niaga
1442;Elemen-Elemen Hingga Suatu Pengantar Jilid 1;620.001.515.35;620;Teknik Mesin;Teknik Mesin;75.22;Teknik Mesin, Teknik Sipil
1444;Elements of Materials Science and Engineering;621.81;621;Teknik Mesin;Teknik Mesin;77.11;Teknik Mesin, Teknik Sipil
1447;Engineering Drawing and Design;604.2;604;Teknik Mesin;Teknik Mesin;95.78;Teknik Mesin
1448;Etos Kerja dan Kohesi Sosial;3058;305;Umum;Umum;98.63;Umum
1449;Evaluation studies review annual volume 10;370.076;370;Umum;Umum;87.2;Umum
1450;Export English : Bahasa Inggris Niaga;428.073;428;Umum;Umum;100.0;Umum
1452;Favorite Stories from India;428.649922;428;Umum;Umum;100.0;Umum
1453;Financial Institution Management;33210681;332;Akuntansi;Akuntansi;76.17;Akuntansi, Administrasi Niaga
1454;Financial Institution Management : Text and Cases;658.15;658;Administrasi Niaga;Administrasi Niaga;100.0;Administrasi Niaga
1456;Fisika Untuk Universitas 1 : Mekanika, Panas, dan Bunyi;530;530;Teknik Elektro;Teknik Elektro;98.57;Teknik Elektro
1457;Hasil Simulasi penelitian dan percobaan untuk aplikasi land use, pola aliran sungai dan geologi dengan menggunakan data landsat, thermal dan multispectral;333.73;333;Administrasi Niaga;Administrasi Niaga;100.0;Administrasi Niaga
1458;Hidrolika Teknik;627;627;Teknik Sipil;Teknik Sipil;83.71;Teknik Sipil
1461;Human Butterment;303.4;303;Umum;Umum;100.0;Umum
1462;Inside the system : Reading from the washington monthly;320.973;320;Umum;Umum;93.57;Umum
1463;Instalasi : Kalibrasi dan pengujian alat-alat meteorologi untuk pengukuran potensi energi di Parangkritis;551.5;551;Sains;Sains;78.85;Sains, Teknik Informatika & Komputer
1464;Instrumentation measurement and feedback;629.8301;629;Teknik Mesin;Teknik Mesin;82.31;Teknik Mesin, Teknik Informatika & Komputer
1465;Instrumentation, measurement and feedback;629.8301;629;Teknik Mesin;Teknik Mesin;79.76;Teknik Mesin, Teknik Informatika & Komputer
1467;Introductory algebra;512.9;512;Matematika;Matematika;95.94;Matematika
1468;Irigation: Design and Practice;626.81;626;Teknik Sipil;Teknik Sipil;76.61;Teknik Sipil
1469;Jigs And Fixtures;604.2;604;Teknik Mesin;Teknik Mesin;100.0;Teknik Mesin
1470;Just-In-Time Certification Review Course;6585;658;Administrasi Niaga;Administrasi Niaga;87.35;Administrasi Niaga
1471;Kamus Komputer : Akronim dan Singkatan;005;5;Teknik Informatika & Komputer;Teknik Informatika & Komputer;89.66;Teknik Informatika & Komputer
1472;Kemungkinan Pemanfaatan Teknologi DBS di Indonesia;384;384;Administrasi Niaga;Administrasi Niaga;75.09;Administrasi Niaga
1473;Kunci penyelesaian soal-soal disain baja kontruksi : Structural steel desighn;624.177;624;Teknik Sipil;Teknik Sipil;95.42;Teknik Sipil
1474;Kunci Sukses Seorang Bankir : Sebuah Kasus Pemimpin Cabang Bank;658;658;Administrasi Niaga;Administrasi Niaga;93.05;Administrasi Niaga
1475;Listrik Elektronika Rumah Tangga;621.32;621;Teknik Elektro;Teknik Elektro;93.46;Teknik Elektro
1476;Machinery's Handbook : A Reference Book for the Mechanical Egineer, Designer, Manufacturing Engineer, Draftsman, Toolmaker, and Machinist;621.8;621;Teknik Mesin;Teknik Mesin;97.86;Teknik Mesin
1479;Machinery's Handbook : A Reference Book for the Mechanical Engineer, Designer, Manufacturing Engineer, Dreftsman, Toolmaker, and Machinist;621.8;621;Teknik Mesin;Teknik Mesin;98.93;Teknik Mesin
1480;Manajemen Bagi Organisasi non-perusahaan;658.15;658;Administrasi Niaga;Administrasi Niaga;98.87;Administrasi Niaga
1481;Manajemen Keuangan;658.15;658;Administrasi Niaga;Administrasi Niaga;100.0;Administrasi Niaga
1483;Manajemen Keuangan : Managerial Finance;65815;658;Administrasi Niaga;Administrasi Niaga;100.0;Administrasi Niaga
1484;Manajemen Konstruksi;624;624;Teknik Sipil;Teknik Sipil;100.0;Teknik Sipil
1486;Mathematics for Engineers and Scientists;51062007;510;Matematika;Matematika;100.0;Matematika
1487;McGraw-Hill Dictionary of Chemical Terms;540.321;540;Teknik Sipil;Teknik Sipil;94.51;Teknik Sipil
1488;Mekanika tanah : Prinsip-prinsip rekayasa geoteknis;624.15;624;Teknik Sipil;Teknik Sipil;96.02;Teknik Sipil
1489;Memahami dBase II;005.7565;5;Teknik Informatika & Komputer;Teknik Informatika & Komputer;100.0;Teknik Informatika & Komputer
1490;Mengenal fisafat pancasila pendekatan;130.5;130;Umum;Umum;93.73;Umum
1491;Menyiapkan dan memadu karier;158.3;158;Umum;Umum;96.54;Umum
1492;Metoda Analisa Sistem & Pola Operasional Administrasi;651.5;651;Administrasi Niaga;Administrasi Niaga;94.41;Administrasi Niaga
1494;Middle Classes in dependent countries;305.55;305;Umum;Umum;100.0;Umum
1495;More Favourite Stories From Vietnam;428.649922;428;Umum;Umum;99.23;Umum
1496;New Directions In Comparative Politics;320.3;320;Umum;Umum;98.95;Umum
1497;Paskal plus Data Structures, Algorithms, and Advanced Programming;00571;5;Teknik Informatika & Komputer;Teknik Informatika & Komputer;90.61;Teknik Informatika & Komputer
1498;Penerapan konsep pemasaran;380.1;380;Administrasi Niaga;Administrasi Niaga;100.0;Administrasi Niaga
1499;Pengantar administrasi niaga;350.823;350;Umum;Umum;70.93;Umum, Administrasi Niaga
1500;Pengantar Analisis Struktur Dengan Cara Matriks;624.171;624;Teknik Sipil;Teknik Sipil;95.19;Teknik Sipil
1502;Pengantar Teori Mikroekonomi;339;339;Administrasi Niaga;Administrasi Niaga;100.0;Administrasi Niaga
1503;Penyelesaian Soal-soal Mekanika Teknik;624.17076;624;Teknik Sipil;Teknik Sipil;73.68;Teknik Sipil, Teknik Elektro
1505;Perbaikan dan Pengaturan Sungai;627.12;627;Teknik Sipil;Teknik Sipil;99.92;Teknik Sipil
1506;Perencanaan Pelabuhan;627.2;627;Teknik Sipil;Teknik Sipil;89.51;Teknik Sipil
1507;Perilaku Dalam Organisasi;658.1;658;Administrasi Niaga;Administrasi Niaga;100.0;Administrasi Niaga
1509;Perpajakan;336.2;336;Akuntansi;Akuntansi;96.28;Akuntansi
1511;Pokok-pokok pengertian human relations dalam manajemen;658.312;658;Administrasi Niaga;Administrasi Niaga;100.0;Administrasi Niaga
1512;Pokok-Pokok Proyek Manajemen Pert & CPM;65802;658;Administrasi Niaga;Administrasi Niaga;80.51;Administrasi Niaga
1513;Power generation dan distribution;640/85;640;Umum;Teknik Elektro;56.91;Teknik Elektro, Umum
1514;Predicting and Measuring Fugitive Dust;620.43;620;Teknik Mesin;Teknik Mesin;100.0;Teknik Mesin
1515;Principles of Information Processing;004;4;Teknik Informatika & Komputer;Teknik Informatika & Komputer;94.87;Teknik Informatika & Komputer
1516;Principles of Planned Maintenance;620.004 6;620;Teknik Mesin;Teknik Mesin;79.29;Teknik Mesin
1517;Process Instrments and Controls Handbook;629.8;629;Teknik Mesin;Teknik Mesin;83.33;Teknik Mesin, Teknik Informatika & Komputer
1518;Process Instruments and Control Handbook;629.8;629;Teknik Mesin;Teknik Mesin;83.33;Teknik Mesin, Teknik Informatika & Komputer
1519;Process instruments and Controls Handbook;629.8;629;Teknik Mesin;Teknik Mesin;83.24;Teknik Mesin, Teknik Informatika & Komputer
1521;Ringkasan elektro teknik;623.43;623;Teknik Mesin;Teknik Mesin;67.97;Teknik Mesin, Teknik Elektro
1522;Saling menolong antar mahasiswa;371.46;371;Umum;Umum;91.35;Umum
1523;Service America : Doing Business in the New Economy;658.11.73;658;Administrasi Niaga;Administrasi Niaga;94.37;Administrasi Niaga
1524;ShopTheory;621.7;621;Teknik Mesin;Teknik Mesin;94.74;Teknik Mesin
1525;Small-Scale Irrigation;626.81;626;Teknik Sipil;Teknik Sipil;86.07;Teknik Sipil
1526;States versus markets in the world-system;338.9;338;Administrasi Niaga;Administrasi Niaga;88.08;Administrasi Niaga
1528;Teknik Kontrol Automatik jilid 2 : Sistem Pengaturan;629.8;629;Teknik Mesin;Teknik Mesin;98.23;Teknik Mesin
1529;Teknik Merancang Rangkaian dengan Transistor;621.384;621;Teknik Elektro;Teknik Elektro;100.0;Teknik Elektro
1530;Teori dan Soal-Soal Kimia dasar;540;540;Teknik Sipil;Teknik Sipil;96.32;Teknik Sipil
1531;Teori Dasar Struktur;624.17;624;Teknik Sipil;Teknik Sipil;90.26;Teknik Sipil
1532;Teori harga dan penerapannya;338.52;338;Administrasi Niaga;Administrasi Niaga;89.53;Administrasi Niaga
1533;Text Book of Water Suply and Sanitary Engineering;628;628;Teknik Sipil;Teknik Sipil;84.64;Teknik Sipil, Teknik Mesin
1535;The Fidic Conditions Digest of Contractual Relationships and Responsibilities;624;624;Teknik Sipil;Teknik Sipil;87.57;Teknik Sipil
1536;The Last You Should Know Abot Vocabulary Building Ward Roots;428.1;428;Umum;Umum;100.0;Umum
1537;The Management of Quality Assurance;658562;658;Administrasi Niaga;Administrasi Niaga;98.04;Administrasi Niaga
1538;The Principles of Physical Metallurgy;669;669;Teknik Sipil;Teknik Sipil;96.2;Teknik Sipil
1539;The Profesional practice of Nursing administration;610.730;610;Umum;Umum;81.35;Umum, Administrasi Niaga
1540;Theory and Problems of Advanced Business Law;3467.07;346;Umum;Umum;83.75;Umum
1543;Accounting Theory;657;657;Akuntansi;Akuntansi;100.0;Akuntansi
1544;Admininstrasi Negara jilid 1;350;350;Umum;Umum;100.0;Umum
1545;Advanced Office Systems;651.2;651;Administrasi Niaga;Administrasi Niaga;100.0;Administrasi Niaga
1547;Akuntansi Intermediate : Volume Komprehensif;657.044;657;Akuntansi;Akuntansi;100.0;Akuntansi
1548;Alat pengangkat dan pompa;621.1;621;Teknik Mesin;Teknik Mesin;92.88;Teknik Mesin
1549;Alat-alat perkakas 1;621.9;621;Teknik Mesin;Teknik Mesin;98.41;Teknik Mesin
1551;Aliran Melalui Saluran Terbuka;620.106;620;Teknik Mesin;Teknik Sipil;50.92;Teknik Sipil, Teknik Mesin
1553;American Goverment: Institution and Policies;320.0973;320;Umum;Umum;98.41;Umum
1554;An Introduction to The Bible: A Journey Into Three Words;220.61;220;Umum;Umum;97.95;Umum
1555;Aplikasi dBase II pada Akuntansi;005.453;5;Teknik Informatika & Komputer;Teknik Informatika & Komputer;91.87;Teknik Informatika & Komputer
1556;Arsitektur, manusia, dan pengamatannya;720;720;Teknik Grafika & Penerbitan;Teknik Grafika & Penerbitan;89.26;Teknik Grafika & Penerbitan
1557;Aspek Manusia dalam organisasi;658.1;658;Administrasi Niaga;Administrasi Niaga;91.48;Administrasi Niaga
1558;Bagaimana Mengorganisasi Dan Menyelenggarakan Seminar : Apa yang perlu dilakukan dan kapan kita melaksanakannya;658.456;658;Administrasi Niaga;Administrasi Niaga;83.79;Administrasi Niaga, Umum
1559;Belajar dan berlatih atletik : Untuk coach, atlit, guru olah raga dan umum;796.42;796;Umum;Umum;93.56;Umum
1560;Bimbingan Untuk Pembeli Sistem Komputer Bisnis;004;4;Teknik Informatika & Komputer;Teknik Informatika & Komputer;86.54;Teknik Informatika & Komputer
1561;Building security in europe : Confindence building measures and the csce;355.49;355;Umum;Umum;93.31;Umum
1562;Bulu Tangkis;765345;765;Teknik Grafika & Penerbitan;Teknik Grafika & Penerbitan;72.5;Teknik Grafika & Penerbitan, Umum
1563;Cerita Pendek Indonesia;813;813;Umum;Umum;100.0;Umum
1565;Composite Penels Plates : Analysis and Design;620.118;620;Teknik Mesin;Teknik Mesin;82.63;Teknik Mesin, Teknik Sipil
1566;Computer Applications for Mathematics and Calculus;003.0285;3;Teknik Informatika & Komputer;Teknik Informatika & Komputer;64.56;Teknik Informatika & Komputer, Matematika
1567;Computers and Applications : an introduction to Data Processing;00571;5;Teknik Informatika & Komputer;Teknik Informatika & Komputer;92.31;Teknik Informatika & Komputer
1568;Cost Accounting : Kalkulasi Harga Pokok;657.42;657;Akuntansi;Akuntansi;100.0;Akuntansi
1569;Dasar-Dasar Akuntansi : Proses Akuntansi;657.042;657;Akuntansi;Akuntansi;100.0;Akuntansi
1570;Dasar-dasar beton bertulang : versi SI;693;693;Teknik Sipil;Teknik Sipil;100.0;Teknik Sipil
1571;Dasar-Dasar Ilmu Administrasi;651.3;651;Administrasi Niaga;Administrasi Niaga;89.76;Administrasi Niaga
1574;Dasar-Dasar Manajemen Keuangan;658.15;658;Administrasi Niaga;Administrasi Niaga;100.0;Administrasi Niaga
1576;Dasar-dasar matematika ekonomi;330.0151;330;Administrasi Niaga;Administrasi Niaga;84.82;Administrasi Niaga, Matematika
1578;Dinamika komunikasi;302.2;302;Umum;Umum;100.0;Umum
1579;Disain Struktur Dalam Arsitektur;624.1771;624;Teknik Sipil;Teknik Sipil;97.31;Teknik Sipil
1580;"Dunia Usaha Indonesia : Segi hukum, segi manajemen, struktur bentuk hukum; kebijaksanaan pemerintah";650.09598;650;Administrasi Niaga;Administrasi Niaga;90.87;Administrasi Niaga
1581;Dunia usaha Indonesia : Segi hukum, segi manajemen, struktur/bentuk hukum, kebijaksanaan pemerintah;650.095;650;Administrasi Niaga;Administrasi Niaga;89.08;Administrasi Niaga
1582;Earth;550;550;Sains;Sains;89.96;Sains
1583;Ekonomi;330.9;330;Administrasi Niaga;Administrasi Niaga;100.0;Administrasi Niaga
1586;Ekonomi Internasional;337.1;337;Administrasi Niaga;Administrasi Niaga;84.31;Administrasi Niaga, Akuntansi
1587;Ekonomi mikro;338.5;338;Administrasi Niaga;Administrasi Niaga;100.0;Administrasi Niaga
1589;Ekonomi Ubi Kayu di Jawa : Walter P. Falcon;633.49;633;Umum;Umum;83.43;Umum, Administrasi Niaga
1590;Ekonomi Ubikayu di Jawa;633.49;633;Umum;Umum;86.94;Umum
1591;Electrical Engineering Basic Technology;621.3028;621;Teknik Elektro;Teknik Elektro;91.76;Teknik Elektro
1592;Electricity 1 : Devices, Circuits, and Materials;621.31;621;Teknik Elektro;Teknik Elektro;100.0;Teknik Elektro
1593;Electronic Devices and Circuit Analysis;621.381;621;Teknik Elektro;Teknik Elektro;100.0;Teknik Elektro
1594;Electronics Engineers' Handbook;621.381;621;Teknik Elektro;Teknik Elektro;96.23;Teknik Elektro
1595;English for specific purposes : Dialogues for secretaries;428076;428;Umum;Umum;99.02;Umum
1596;Favourite Stories From Bali;398.209;398;Umum;Umum;100.0;Umum
1597;Fisika untuk Universitas 2 : Listrik, Magnet;530;530;Teknik Elektro;Teknik Elektro;94.81;Teknik Elektro
1598;Fundamentals of Applied Mechanics;620.1;620;Teknik Mesin;Teknik Mesin;79.87;Teknik Mesin, Teknik Elektro
1599;Fundamentals of digital electronmics;621.381;621;Teknik Elektro;Teknik Elektro;91.24;Teknik Elektro
1600;Fundamentals of engineering drawing : With an introduction to interactive computer graphics for design and production;604.24;604;Teknik Mesin;Teknik Mesin;86.55;Teknik Mesin
1601;Gateway : A Cross-Currcular Reading and Writing Book;725.96;725;Teknik Grafika & Penerbitan;Teknik Grafika & Penerbitan;69.97;Teknik Grafika & Penerbitan, Umum
1602;Guide to Reference Books for School Media Centers;011.02;11;Umum;Umum;73.45;Umum, Teknik Informatika & Komputer
1603;Human Comunication Theory;001.51;1;Teknik Informatika & Komputer;Teknik Informatika & Komputer;72.79;Teknik Informatika & Komputer, Umum
1604;Ikhtisar Teknik Pondasi;624.15;624;Teknik Sipil;Teknik Sipil;94.75;Teknik Sipil
1605;Industrial Robotics : Technology, Programming and Applications;629.892;629;Teknik Mesin;Teknik Mesin;82.8;Teknik Mesin, Teknik Informatika & Komputer
1606;Industrial Robotics : Technology, Programming, and Applications;629.892;629;Teknik Mesin;Teknik Mesin;83.33;Teknik Mesin, Teknik Informatika & Komputer
1608;Instalasi Listrik Arus Kuat 1 : Peraturan, peralatan instalasi, perencanaan, menggambar dan perkiraan biaya;621.381;621;Teknik Elektro;Teknik Elektro;100.0;Teknik Elektro
1609;Instructor's guide for business and its legal environment;346.07;346;Umum;Umum;92.83;Umum
1610;Instructor's guide for chemistry;540;540;Teknik Sipil;Teknik Sipil;82.77;Teknik Sipil
1611;Introduction to Building Management;690.068;690;Teknik Sipil;Teknik Sipil;84.68;Teknik Sipil
1612;Introductory linear electrical circuits and electrical;621.381;621;Teknik Elektro;Teknik Elektro;98.67;Teknik Elektro
1613;Islam : Dalam Upaya Menyehatkan Kehidupan Masyarakat;297;297;Umum;Umum;100.0;Umum
1614;Islam Dalam upaya Menyehatkan Kehidupan Masyarakat;297;297;Umum;Umum;100.0;Umum
1617;Islam untuk Disiplin Hukum, Sosial dan Politik;297.621;297;Umum;Umum;100.0;Umum
1618;Kompetisi baru : Rahasia sukses pemasaran menjelang abad XXI tidak diajarkan oleh teori Z dianalisis secara mendalam dari praktek Jepang;658.8;658;Administrasi Niaga;Administrasi Niaga;99.95;Administrasi Niaga
1619;Konstruksi Sambungan Tegar;691.7;691;Teknik Sipil;Teknik Sipil;100.0;Teknik Sipil
1620;Konstruksi Sambungan Tegar : Keling, Baut, Luas Poros dan Pasak;691.7;691;Teknik Sipil;Teknik Sipil;91.48;Teknik Sipil
1621;Konstruksi Sambungan Tegar : Keling,Baut,Las,Poros dan Pasak;6917;691;Teknik Sipil;Teknik Sipil;74.54;Teknik Sipil, Teknik Mesin
1622;Kredit Pedesaan di Indonesia;3327;332;Akuntansi;Akuntansi;86.96;Akuntansi
1623;Kunci jawaban soal-soal kekuatan bahan : Strenght materials;005.2;5;Teknik Informatika & Komputer;Teknik Informatika & Komputer;62.41;Teknik Informatika & Komputer, Teknik Mesin
1624;Kunci Jawaban Soal-soal Kekuatan Bahan : Strength of Materials;620.11;620;Teknik Mesin;Teknik Mesin;97.94;Teknik Mesin
1625;Kunci penyelesaian kasus-kasus sistem pengendalian manajemen (dalam bahasa Inggris);658.15;658;Administrasi Niaga;Administrasi Niaga;100.0;Administrasi Niaga
1626;Kunci penyelesaian soal-soal metode Pengukuran Teknik;530.16;530;Teknik Elektro;Teknik Elektro;83.3;Teknik Elektro
1627;Kunci Soal-Soal untuk Prinsip-Prinsip Perpindahan Panas;621;621;Teknik Mesin;Teknik Mesin;65.26;Teknik Mesin, Teknik Elektro
1628;Makroekonomi : Konsep, Teori Dan Kebijakan;339.5;339;Administrasi Niaga;Administrasi Niaga;100.0;Administrasi Niaga
1629;Manajemen Administrasi : Suatu pendekatan sistem dalam manajemen perkantoran;651.54;651;Administrasi Niaga;Administrasi Niaga;96.4;Administrasi Niaga
1630;Manajemen Hubungan Industrial;658409;658;Administrasi Niaga;Administrasi Niaga;100.0;Administrasi Niaga
1631;Manajemen Produksi : Perencanaan Sistem Produksi;658.5;658;Administrasi Niaga;Administrasi Niaga;100.0;Administrasi Niaga
1633;Manajemen Transpor :  Ancangan Mengefektifkan Transportasi dalam Dunia Bisnis;658788;658;Administrasi Niaga;Administrasi Niaga;99.53;Administrasi Niaga
1634;McGraw-Hill Handbook Of English;410;410;Umum;Umum;100.0;Umum
1637;Mekanika fluida, termodinamika mesin turbo;621.406;621;Teknik Mesin;Teknik Mesin;78.81;Teknik Mesin, Teknik Elektro
1639;Mekanika Teknik III : Teori Soal dan Penyelesaian;531;531;Teknik Elektro;Teknik Elektro;71.31;Teknik Elektro, Teknik Mesin
1640;Mekanika Teknik Tegangan : Saduran Buku;620112;620;Teknik Mesin;Teknik Mesin;79.18;Teknik Mesin, Teknik Elektro
1641;Mekanika Zalir;532;532;Teknik Elektro;Teknik Elektro;100.0;Teknik Elektro
1643;Memahami Produktivitas;658.02;658;Administrasi Niaga;Administrasi Niaga;100.0;Administrasi Niaga
1644;Membaca Buku Cetak-Biru : untuk Jurusan Konstruksi Bangunan;693;693;Teknik Sipil;Teknik Sipil;93.07;Teknik Sipil
1645;Membaca cetak biru;693;693;Teknik Sipil;Teknik Sipil;99.07;Teknik Sipil
1646;Membina Perpustakaan sekolah;027.8;27;Teknik Informatika & Komputer;Teknik Informatika & Komputer;85.13;Teknik Informatika & Komputer
1647;Metalurgi mekanik;669.9;669;Teknik Sipil;Teknik Sipil;72.88;Teknik Sipil, Teknik Mesin
1650;Microsoft Chart;006.6'869;6;Teknik Informatika & Komputer;Teknik Informatika & Komputer;100.0;Teknik Informatika & Komputer
1651;Modern Business Correspondence;428.2;428;Umum;Umum;80.41;Umum
1652;Motor AMK-B-PB;6238203;623;Teknik Mesin;Teknik Mesin;97.36;Teknik Mesin
1655;Norma Pemeriksaan Akuntan;657;657;Akuntansi;Akuntansi;95.74;Akuntansi
1656;Organisasi manusia : nilai dan manajemen;658.3;658;Administrasi Niaga;Administrasi Niaga;100.0;Administrasi Niaga
1657;Pedoman Gambar kerja;741;741;Teknik Grafika & Penerbitan;Teknik Grafika & Penerbitan;86.56;Teknik Grafika & Penerbitan
1658;Pengantar dBase III plus;005.3;5;Teknik Informatika & Komputer;Teknik Informatika & Komputer;100.0;Teknik Informatika & Komputer
1659;Pengantar Ilmu Pemasaran Marketing;658;658;Administrasi Niaga;Administrasi Niaga;100.0;Administrasi Niaga
1661;Pengantar Metode Statistik;519.5;519;Matematika;Matematika;100.0;Matematika
1662;Pengantar metode statistik jilid 1;519.5;519;Matematika;Matematika;92.17;Matematika
1663;Pengantar metode statistik jilid 1 dan 2;519.5;519;Matematika;Matematika;91.37;Matematika
1664;Pengantar Pascal;005.133;5;Teknik Informatika & Komputer;Teknik Informatika & Komputer;100.0;Teknik Informatika & Komputer
1665;Pengantar teori relativitas khusus;530.11;530;Teknik Elektro;Teknik Elektro;93.14;Teknik Elektro
1666;Pengukuran Alat-alat Listrik;621.37;621;Teknik Elektro;Teknik Elektro;100.0;Teknik Elektro
1667;Pengukuran dan Alat-alat Ukur Listrik;621.37;621;Teknik Elektro;Teknik Elektro;99.84;Teknik Elektro
1671;Penyegaran Udara;697.93;697;Teknik Sipil;Teknik Sipil;75.35;Teknik Sipil, Umum
1672;Penyelesaian soal-soal latihan;531;531;Teknik Elektro;Teknik Elektro;77.83;Teknik Elektro
1673;Penyusunan notulen;651.77;651;Administrasi Niaga;Administrasi Niaga;91.86;Administrasi Niaga
1674;Perhitungan Jembatan Komposit;620.18;620;Teknik Mesin;Teknik Mesin;85.55;Teknik Mesin
1675;Population challenging world criss;474524;474;Umum;Umum;92.54;Umum
1676;Power System Analysis;621.31;621;Teknik Elektro;Teknik Elektro;100.0;Teknik Elektro
1677;Principles of Marketing;658.8;658;Administrasi Niaga;Administrasi Niaga;100.0;Administrasi Niaga
1678;Prinsip-Prinsip Akuntansi;657.043;657;Akuntansi;Akuntansi;100.0;Akuntansi
1681;Proceedings of International Symposium on Composite Materials and Structures : June 10-13, 1986 Beijing, China;620.118;620;Teknik Mesin;Teknik Mesin;83.57;Teknik Mesin
1682;Protokol Perusahaan kumpulan Petunjuk Ringkas tentang Etika Bisnis;658.001;658;Administrasi Niaga;Administrasi Niaga;82.0;Administrasi Niaga
1683;Quality Without Tears : The Art of Hassle-Free Management;658.562;658;Administrasi Niaga;Administrasi Niaga;88.46;Administrasi Niaga
1684;Riset Pemasaran Untuk Pengembangan Ekspor;382.6;382;Administrasi Niaga;Administrasi Niaga;93.84;Administrasi Niaga
1685;Seri perencanaan jembatan : Rangka kereta api;625.1;625;Teknik Sipil;Teknik Sipil;86.72;Teknik Sipil
1686;Sistem Pengendalian intern dalam hubungan dengan management dan audit;658.151;658;Administrasi Niaga;Administrasi Niaga;88.24;Administrasi Niaga
1687;Sistem Pengolahan Informasi;004.2;4;Teknik Informatika & Komputer;Teknik Informatika & Komputer;100.0;Teknik Informatika & Komputer
1688;Sistem Telekomunikasi I;621.382;621;Teknik Elektro;Teknik Elektro;87.27;Teknik Elektro
1689;Soal-Jawab Dasar-Dasar Akuntansi;657;657;Akuntansi;Akuntansi;98.67;Akuntansi
1690;Soal-soal ujian dan penyelesaiannya mata uji motor AMK-B-PB;623.8203;623;Teknik Mesin;Teknik Mesin;84.55;Teknik Mesin
1691;Standar Perencanaan Irigasi;627.52;627;Teknik Sipil;Teknik Sipil;95.17;Teknik Sipil
1699;Standar Perencanaan Irigasi : Kriteria Perencanaan Bagian Bangunan KP-04;627.52;627;Teknik Sipil;Teknik Sipil;100.0;Teknik Sipil
1701;Struktur Baja : Disain dan perilaku;691;691;Teknik Sipil;Teknik Sipil;88.91;Teknik Sipil
1702;Struktur Keuangan dan Kebijaksanaan Moneter di Asia Tenggara;352.1;352;Umum;Umum;65.87;Umum, Administrasi Niaga, Akuntansi
1703;Study guide for Computers and applications;005.71;5;Teknik Informatika & Komputer;Teknik Informatika & Komputer;97.42;Teknik Informatika & Komputer
1704;Tata Kerja Organisasi 1;658.18;658;Administrasi Niaga;Administrasi Niaga;100.0;Administrasi Niaga
1705;Technical Drawing and Design;604.24;604;Teknik Mesin;Teknik Mesin;100.0;Teknik Mesin
1706;Teknik Listrik Arus searah;621.3;621;Teknik Elektro;Teknik Elektro;100.0;Teknik Elektro
1708;Teknik Memimpin Rapat;658456;658;Administrasi Niaga;Administrasi Niaga;95.15;Administrasi Niaga
1712;Teknik-Teknik Manufaktur Jepang;658.552;658;Administrasi Niaga;Administrasi Niaga;92.37;Administrasi Niaga
1713;Teknik-Teknik Manufaktur Jepang : sembilan pelajaran sederhana yang tersembunyi;658552;658;Administrasi Niaga;Administrasi Niaga;91.03;Administrasi Niaga
1714;Teknik-teknik Manufaktur Jepang Sembilan pelajaran sederhana yang tersembunyi;670;670;Teknik Mesin;Teknik Mesin;75.59;Teknik Mesin
1715;teknologi administrasi : suatu pengantar;651.3;651;Administrasi Niaga;Administrasi Niaga;100.0;Administrasi Niaga
1716;Teori dan praktek kerja logam;671.202;671;Teknik Mesin;Teknik Mesin;72.88;Teknik Mesin, Teknik Sipil
1717;Teori dan Soal-soal Pengantar Ilmu Komputer;005101;5;Teknik Informatika & Komputer;Teknik Informatika & Komputer;79.18;Teknik Informatika & Komputer
1718;Teori dan soal-soal program komputer;005.262;5;Teknik Informatika & Komputer;Teknik Informatika & Komputer;83.11;Teknik Informatika & Komputer, Matematika
1719;Teori Getaran Dengan Penerapan;620.3;620;Teknik Mesin;Teknik Mesin;98.26;Teknik Mesin
1720;Teori Turbin Uap : untuk SMK C dan B PB;6212;621;Teknik Mesin;Teknik Mesin;96.54;Teknik Mesin
1721;Terjemahan Hadis Shahih Muslim;297.124 hlm.;297;Umum;Umum;99.91;Umum
1723;The Boyhood of Ronggowarsito;428.649922;428;Umum;Umum;100.0;Umum
1725;The Collins Paperback Thesaurus In-A-to-z Form;423.1;423;Umum;Umum;95.76;Umum
1726;The Course of Ideas : College Writing and Reading;808.0427;808;Umum;Umum;97.72;Umum
1727;Toefl A Practical Approach : Book one Structure and Written Expressions;4288;428;Umum;Umum;100.0;Umum
1729;Transmisi Informasi, Modulasi, Dan Bising;621.382;621;Teknik Elektro;Teknik Elektro;100.0;Teknik Elektro
1731;Transmisi Informasi, Modulasi, dan Bising : Suatu Pendekatan Seragam Terhadap Sistem Komunikasi;621.382;621;Teknik Elektro;Teknik Elektro;97.86;Teknik Elektro
1734;Uraian dasar pajak pertambahan nilai;343.055;343;Umum;Umum;67.18;Umum, Akuntansi
1736;VRML Flying;005.3;5;Teknik Informatika & Komputer;Teknik Informatika & Komputer;100.0;Teknik Informatika & Komputer
1737;A Guide to Spreadsheets Using VP-Planner;005.7565;5;Teknik Informatika & Komputer;Teknik Informatika & Komputer;100.0;Teknik Informatika & Komputer
1738;Accounting an international perspective;657.96;657;Akuntansi;Akuntansi;90.94;Akuntansi
1739;Accounting The Basis for Business Decisions;657;657;Akuntansi;Akuntansi;99.11;Akuntansi
1741;Administrasi Perusahaan Indonesia;6585;658;Administrasi Niaga;Administrasi Niaga;95.86;Administrasi Niaga
1743;Akuntansi Manajemen I : Konsep Dasar Akuntansi Manajemen Dan Proses Perencanaan;658.1511;658;Administrasi Niaga;Administrasi Niaga;78.03;Administrasi Niaga, Akuntansi
1745;Analisa Administrasi : Analisa sistem-sistem bagi administrasi yang efektif;651.5;651;Administrasi Niaga;Administrasi Niaga;85.49;Administrasi Niaga
1746;Analisa dan desain rangkaian terpadu digital;6213815;621;Teknik Elektro;Teknik Elektro;100.0;Teknik Elektro
1747;Analisa Keputusan : Pendekatan Sistem dalam Manajemen Usaha dan Proyek;65840354;658;Administrasi Niaga;Administrasi Niaga;98.43;Administrasi Niaga
1748;Analisa Struktur dengan Metode Matrik;624.171;624;Teknik Sipil;Teknik Sipil;86.5;Teknik Sipil
1749;Analisa struktur dengan metode matrix;624.171;624;Teknik Sipil;Teknik Sipil;99.52;Teknik Sipil
1750;Analisis dan desain rangkaian digital;6213815;621;Teknik Elektro;Teknik Elektro;96.43;Teknik Elektro
1751;Analisis dan desain rangkaian terpadu digital;621.381;621;Teknik Elektro;Teknik Elektro;100.0;Teknik Elektro
1755;Analisis dan Desain rangkaianterpadu digital;62138132;621;Teknik Elektro;Teknik Elektro;99.21;Teknik Elektro
1757;Analisis Moneter dan Menejemen Keuangan;336;336;Akuntansi;Akuntansi;77.93;Akuntansi, Administrasi Niaga
1758;Aplikasi dBase III plus pada akuntansi;657.450 285;657;Akuntansi;Akuntansi;84.52;Akuntansi, Teknik Informatika & Komputer
1759;Applied Data Structures Using Pascal;005.73;5;Teknik Informatika & Komputer;Teknik Informatika & Komputer;100.0;Teknik Informatika & Komputer
1760;Asas-asas praktik mengajar : Kriteria baru dalam program pendidikan;370.733;370;Umum;Umum;91.98;Umum
1761;Atlas Of South Asia;005.568;5;Teknik Informatika & Komputer;Teknik Informatika & Komputer;76.62;Teknik Informatika & Komputer, Umum
1762;Auditing : Suatu Pedoman Pemeriksaan Akuntansi Tahap Pendahuluan;657.45;657;Akuntansi;Akuntansi;100.0;Akuntansi
1763;Bagaimana menulis Resum yang efektif;302.2244;302;Umum;Umum;93.27;Umum
1765;Batuan dan mineral;552;552;Sains;Sains;88.07;Sains
1766;Belajar Word Star Release 4;001.642;1;Teknik Informatika & Komputer;Teknik Informatika & Komputer;100.0;Teknik Informatika & Komputer
1767;Berbagai aspek ilmu komunikasi;302.2;302;Umum;Umum;83.32;Umum
1768;Berbagai ilmu komunikasi;302;302;Umum;Umum;99.73;Umum
1769;Berkenalan dengan teori kerelatifan umum einstein dan biografi Albert Einstein;530.11;530;Teknik Elektro;Teknik Elektro;87.64;Teknik Elektro
1771;Bioindustri penerapan teknologi permentasi;660.3;660;Teknik Mesin;Teknik Mesin;80.97;Teknik Mesin, Teknik Informatika & Komputer
1772;Brief calculus with applications;515.15;515;Matematika;Matematika;95.47;Matematika
1773;Build up your english reading skill;426;426;Umum;Umum;97.49;Umum
1776;Calculus and analytic geometry;515.64;515;Matematika;Matematika;100.0;Matematika
1777;Chemical Reactor Design;660.283;660;Teknik Mesin;Teknik Mesin;80.01;Teknik Mesin
1778;Complete Basic Programming;005.265;5;Teknik Informatika & Komputer;Teknik Informatika & Komputer;100.0;Teknik Informatika & Komputer
1779;Computer In Battle: Will They Work;355.0028.5;355;Umum;Umum;75.95;Umum, Teknik Informatika & Komputer
1780;Computer Strategies for Chemistry Students;0066;6;Teknik Informatika & Komputer;Teknik Informatika & Komputer;80.41;Teknik Informatika & Komputer
1782;Computer-automated manufacturing;670.285;670;Teknik Mesin;Teknik Mesin;82.55;Teknik Mesin, Teknik Informatika & Komputer
1783;Crises in the caribean basin;330.9729;330;Administrasi Niaga;Administrasi Niaga;89.95;Administrasi Niaga
1784;Dasar-Dasar Akuntansi 2;657;657;Akuntansi;Akuntansi;100.0;Akuntansi
1785;Dasar-dasar manajemen 2;657;657;Akuntansi;Akuntansi;80.16;Akuntansi, Administrasi Niaga
1787;Dasar-dasar pengelolaan air limbah;628.4;628;Teknik Sipil;Teknik Sipil;86.63;Teknik Sipil
1788;Dasar-dasar Pengukuran Tanah;526.9;526;Sains;Sains;84.67;Sains
1789;Dictionary of English Phrasal Verbs Inggris-Indonesia;42399221;423;Umum;Umum;99.56;Umum
1791;Dictionary of English Phrasal Werbs Inggris-Indonesia;423.99221;423;Umum;Umum;100.0;Umum
1792;Digital Electronics : Logic and Systems;621.381;621;Teknik Elektro;Teknik Elektro;100.0;Teknik Elektro
1793;Directory of Special Libraries and Information Sources in Indonesia 1985;006.00025;6;Teknik Informatika & Komputer;Teknik Informatika & Komputer;81.46;Teknik Informatika & Komputer, Umum
1794;Economics : Principles problems and policies;330;330;Administrasi Niaga;Administrasi Niaga;100.0;Administrasi Niaga
1795;Education Computing: A Guide to Practical Application;005.1;5;Teknik Informatika & Komputer;Teknik Informatika & Komputer;83.32;Teknik Informatika & Komputer, Umum
1796;Ekonomi indonesia;330.09;330;Administrasi Niaga;Administrasi Niaga;100.0;Administrasi Niaga
1797;Ekonomi mikro : Ringkasan teori dan soal jawab;339;339;Administrasi Niaga;Administrasi Niaga;95.06;Administrasi Niaga
1798;Ekonomi moneter buku II;338.9;338;Administrasi Niaga;Administrasi Niaga;86.1;Administrasi Niaga
1799;Ekonomi Pancasila : Gagasan dan Kemungkinan;330.598;330;Administrasi Niaga;Administrasi Niaga;90.15;Administrasi Niaga
1801;Ekonomi Pancasila : Gagasan dan pendukung;330.598;330;Administrasi Niaga;Administrasi Niaga;97.69;Administrasi Niaga
1803;Electronics : Circuits and Devices;621.381;621;Teknik Elektro;Teknik Elektro;97.22;Teknik Elektro
1804;Elektromagnetika Teknologi;62134;621;Teknik Elektro;Teknik Elektro;100.0;Teknik Elektro
1805;Elektronika;621381;621;Teknik Elektro;Teknik Elektro;100.0;Teknik Elektro
1806;Elektronika  : Teori dasar dan Penerapannya jilid 2;621.381;621;Teknik Elektro;Teknik Elektro;98.96;Teknik Elektro
1807;Entrepreneurship and New Venture Management : Readings and Cases;658.421;658;Administrasi Niaga;Administrasi Niaga;100.0;Administrasi Niaga
1808;Ergonomics At Work;620.82;620;Teknik Mesin;Teknik Mesin;85.32;Teknik Mesin
1809;Etika komunikasi kantor;651.7;651;Administrasi Niaga;Administrasi Niaga;73.46;Administrasi Niaga, Umum
1810;Etiket kantor;651.3;651;Administrasi Niaga;Administrasi Niaga;78.55;Administrasi Niaga, Umum
1811;Financial Accounting;657;657;Akuntansi;Akuntansi;98.47;Akuntansi
1812;Financial Institutions Law;346.94082;346;Umum;Umum;97.65;Umum
1813;Gaya IBM : Mengenal Seluk-beluk Organisasi pemasaran dari perusahaan paling berhasil di dunia;658806;658;Administrasi Niaga;Administrasi Niaga;100.0;Administrasi Niaga
1814;Geoteknik mekanika tanah : Penyelidikan lapangan dan laboratorium;63144;631;Umum;Teknik Sipil;83.13;Teknik Sipil, Umum
1815;Getting the most from Turbo Pascal;005.2;5;Teknik Informatika & Komputer;Teknik Informatika & Komputer;97.57;Teknik Informatika & Komputer
1816;Handbook of Infant Development;155.422;155;Umum;Umum;99.2;Umum
1817;Hidrologi teknik;551.48;551;Sains;Sains;94.92;Sains
1818;Houghton Mifflin Typewriting;652.3;652;Administrasi Niaga;Administrasi Niaga;95.43;Administrasi Niaga
1819;Imajinasi Pemasaran : Thedore Levitt;658.818;658;Administrasi Niaga;Administrasi Niaga;100.0;Administrasi Niaga
1820;Instructor's guide for introduction to pascal and structured design;005.3;5;Teknik Informatika & Komputer;Teknik Informatika & Komputer;87.19;Teknik Informatika & Komputer
1821;Interpreting Mr. Keynes : The IS-LM Enigma;330.156;330;Administrasi Niaga;Administrasi Niaga;100.0;Administrasi Niaga
1822;Introduction to Microprocessors : Software, Hardware, Programming;0051;5;Teknik Informatika & Komputer;Teknik Informatika & Komputer;100.0;Teknik Informatika & Komputer
1823;Introduction to optical electronics;62138;621;Teknik Elektro;Teknik Elektro;97.59;Teknik Elektro
1824;Kamus Matematika Inggris-Indonesia;510.03;510;Matematika;Matematika;81.94;Matematika, Umum
1825;Kapasitas dan Produksi Alat-Alat Berat;65815242;658;Administrasi Niaga;Administrasi Niaga;100.0;Administrasi Niaga
1826;Kegiatan Perusahaan Multinasional;658.02;658;Administrasi Niaga;Administrasi Niaga;100.0;Administrasi Niaga
1827;Kegiatan Perusahaan Multinasional : Problema politik,hukum dan ekonomi dalam pembangunan nasional;33888;338;Administrasi Niaga;Administrasi Niaga;71.77;Administrasi Niaga, Umum
1828;Kembali ke dasar Bisnis;658.02;658;Administrasi Niaga;Administrasi Niaga;87.04;Administrasi Niaga
1829;Keuangan negara dalam teori dan praktek;339.4;339;Administrasi Niaga;Akuntansi;55.21;Akuntansi, Administrasi Niaga
1830;Komunikasi Satelit;621.3825;621;Teknik Elektro;Teknik Elektro;92.46;Teknik Elektro
1831;Kredit pedesaan di Indonesia;332.7;332;Akuntansi;Akuntansi;97.31;Akuntansi
1832;Kunci Penyelesaian Milman Mikro-Elektronika : sistem Digital dan Rangkaian Analog untuk jilid 1 & 2;621.381;621;Teknik Elektro;Teknik Elektro;94.53;Teknik Elektro
1833;Kunci Penyelesaian Soal-Soal Mikro Elektronika : Sistem Digital dan Rangkaian Analog;621.381;621;Teknik Elektro;Teknik Elektro;100.0;Teknik Elektro
1834;Kunci Penyelesaian Soal-soal Milman Mikro-Elektronika : Sistem Digital dan Rangkaian Analog untuk jilid 1 & 2;621.381;621;Teknik Elektro;Teknik Elektro;98.54;Teknik Elektro
1835;Kunci Sukses Keberhasilan Ekonomi;330;330;Administrasi Niaga;Administrasi Niaga;100.0;Administrasi Niaga
1836;Labour Relations Training for Development;65831244;658;Administrasi Niaga;Administrasi Niaga;100.0;Administrasi Niaga
1837;Leasing di Indonesia;333.5;333;Administrasi Niaga;Administrasi Niaga;82.86;Administrasi Niaga, Akuntansi
1839;Lembaga-Lembaga Keuangan dan Bank : Perkembangan, Teori dan Kebijakan;3321;332;Akuntansi;Akuntansi;92.58;Akuntansi
1840;Manajemen Barang Dalam Pemasaran;658.8;658;Administrasi Niaga;Administrasi Niaga;100.0;Administrasi Niaga
1841;Manajemen Era Baru;658;658;Administrasi Niaga;Administrasi Niaga;99.72;Administrasi Niaga
1842;Manajemen era baru : beberapa pandangan mengenai budaya perusahaan modern;658;658;Administrasi Niaga;Administrasi Niaga;93.87;Administrasi Niaga
1843;Manajemen Keuangan : Teori dan Penerapan Keputusan Jangka Panjang;658.1;658;Administrasi Niaga;Administrasi Niaga;98.11;Administrasi Niaga
1844;Manusia Daya : Dulu, Sekarang, Masa depan;957.842;957;Umum;Umum;92.91;Umum
1845;Masalah Akuntansi;657;657;Akuntansi;Akuntansi;94.23;Akuntansi
1846;Matematika Ekonomi : Untuk Tingkat Persiapan Fakultas Ekonomi;330.0151;330;Administrasi Niaga;Administrasi Niaga;90.52;Administrasi Niaga
1847;Matematika Untuk Ekonomi dan Bisnis;330.0151;330;Administrasi Niaga;Administrasi Niaga;72.81;Administrasi Niaga, Matematika
1850;Matematika untuk Teknik : Program-Program dan Soal-Soal;510;510;Matematika;Matematika;96.4;Matematika
1851;Mekanika Tanah dalam Praktek Rekayasa;624.15136;624;Teknik Sipil;Teknik Sipil;97.75;Teknik Sipil
1852;Mekanika Zalir : Mekanika Fluida;532;532;Teknik Elektro;Teknik Elektro;100.0;Teknik Elektro
1853;Membangun Ilmu Bangunan 2;690;690;Teknik Sipil;Teknik Sipil;98.47;Teknik Sipil
1854;Membangun Ilmu Bangunan3;690;690;Teknik Sipil;Teknik Sipil;100.0;Teknik Sipil
1855;Mesin perkakas bengkel;671.3;671;Teknik Mesin;Teknik Mesin;90.72;Teknik Mesin
1856;Microcomputer Applications Software : Wordperfect, dBaseIII Plus and Supercalca;00526;5;Teknik Informatika & Komputer;Teknik Informatika & Komputer;100.0;Teknik Informatika & Komputer
1857;Microcomputing in Cobol : Structured Interactive Applications;00526;5;Teknik Informatika & Komputer;Teknik Informatika & Komputer;96.93;Teknik Informatika & Komputer
1858;Microsoft : GW-Basic Interpreter;005.133;5;Teknik Informatika & Komputer;Teknik Informatika & Komputer;100.0;Teknik Informatika & Komputer
1859;Microsoft GW-Basic Interpreter;005.4;5;Teknik Informatika & Komputer;Teknik Informatika & Komputer;100.0;Teknik Informatika & Komputer
1860;Mikroekonomi intermediate dan penerapannya;338.5;338;Administrasi Niaga;Administrasi Niaga;100.0;Administrasi Niaga
1861;Modal Asing Beban Utang Luar Negeri dan Ekonomi Indonesia;3326;332;Akuntansi;Akuntansi;75.63;Akuntansi, Administrasi Niaga
1862;Modal asing, beban hutang luar negeri dan ekonomi Indonesia;332.6;332;Akuntansi;Akuntansi;94.06;Akuntansi
1863;Modern Power Devices;621.38;621;Teknik Elektro;Teknik Elektro;89.41;Teknik Elektro
1864;Motorcycles : Foundamentals, services, repair;629.287;629;Teknik Mesin;Teknik Mesin;100.0;Teknik Mesin
1865;New electronic pathways : Videotext, teletex, and online database;384.3;384;Administrasi Niaga;Administrasi Niaga;100.0;Administrasi Niaga
1866;Operations Research : Model-Model Pengambilan Keputusan;0037;3;Teknik Informatika & Komputer;Teknik Informatika & Komputer;100.0;Teknik Informatika & Komputer
1867;Our World's Heritage;140;140;Umum;Umum;94.18;Umum
1868;Oxford Elementary Learner's Dictionary of English;403;403;Umum;Umum;100.0;Umum
1869;Panduan Praktis Bahasa Assembly Seri 6800;005.136;5;Teknik Informatika & Komputer;Teknik Informatika & Komputer;92.0;Teknik Informatika & Komputer
1870;Panduan Reparasi Peralatan Audio;621.3897;621;Teknik Elektro;Teknik Elektro;96.6;Teknik Elektro
1871;Pedoman Elektronika 2;621.38;621;Teknik Elektro;Teknik Elektro;100.0;Teknik Elektro
1872;Pedoman Elektronika I;621.381;621;Teknik Elektro;Teknik Elektro;100.0;Teknik Elektro
1873;Pedoman pelaksanaan hubungan industrial pancasila (H.I.P) dengan petunjuk operasional;320.5;320;Umum;Umum;76.53;Umum, Administrasi Niaga
1874;Pedoman Perencanaan Ketahanan Gempa Untuk Rumah Dan Gedung;690;690;Teknik Sipil;Teknik Sipil;92.1;Teknik Sipil
1878;Pembentukan Perusahaan Industri;658;658;Administrasi Niaga;Administrasi Niaga;100.0;Administrasi Niaga
1879;Pemrosesan sinyal digital : Prinsip, algoritma, dan aplikasi;511.8;511;Matematika;Matematika;83.6;Matematika, Teknik Elektro
1880;Penerapan Pola Berpikir Lateral;153.42;153;Umum;Umum;98.86;Umum
1881;Penerepan Termodinamika;536.7;536;Teknik Elektro;Teknik Elektro;90.59;Teknik Elektro
1882;Pengantar bisnis : Dasar-dasar ekonomi perusahaan;650;650;Administrasi Niaga;Administrasi Niaga;100.0;Administrasi Niaga
1885;Pengantar ekonomi moneter;332.49;332;Akuntansi;Akuntansi;94.13;Akuntansi
1886;Pengantar Ekonomi Perusahaan : Aspek-Aspek, Manajemen Pembelanjaan, Manajemen Biaya & Produksi, Manajemen Pemasaran, Manajemen Personalia, Manajemen Perusahaan;658.15;658;Administrasi Niaga;Administrasi Niaga;100.0;Administrasi Niaga
1887;Pengantar Operations Research;658.4034;658;Administrasi Niaga;Administrasi Niaga;100.0;Administrasi Niaga
1888;Pengantar Operations Research : Sistem Manajemen, Organisasi dan Produksi;003;3;Teknik Informatika & Komputer;Teknik Informatika & Komputer;100.0;Teknik Informatika & Komputer
1889;Pengantar Tentang Sistem Informasi Manajemen;658.40388;658;Administrasi Niaga;Administrasi Niaga;100.0;Administrasi Niaga
1891;Pengendalian mutu Terpadu : TQC;658.562;658;Administrasi Niaga;Administrasi Niaga;95.7;Administrasi Niaga
1892;Pengerjaan Kayu Secara Masinal;6817678;681;Teknik Mesin;Teknik Mesin;91.65;Teknik Mesin
1893;Penguasaan VisiCalc;005.369;5;Teknik Informatika & Komputer;Teknik Informatika & Komputer;100.0;Teknik Informatika & Komputer
1894;Pengukuran Mekanis;621.37;621;Teknik Elektro;Teknik Elektro;70.73;Teknik Elektro, Teknik Mesin
1898;Pengukuran Mekanis jilid 1;621.37;621;Teknik Elektro;Teknik Elektro;81.12;Teknik Elektro, Teknik Informatika & Komputer
1899;Perbaikan dan perawatan IBM PC;005.16;5;Teknik Informatika & Komputer;Teknik Informatika & Komputer;98.65;Teknik Informatika & Komputer
1900;Perencanaan dan penggambaran sistem perpipaan;621.867 2;621;Teknik Mesin;Teknik Mesin;87.93;Teknik Mesin
1901;Perhitungan Perencanaan Sederhana untuk beton Bertulang;693.55(083.3);693;Teknik Sipil;Teknik Sipil;100.0;Teknik Sipil
1903;Perjanjian Kerja;658.31;658;Administrasi Niaga;Administrasi Niaga;85.22;Administrasi Niaga
1904;Perjanjian pemborongan;658.732;658;Administrasi Niaga;Administrasi Niaga;86.89;Administrasi Niaga
1905;Personality : Strategies and Issues;155.2;155;Umum;Umum;93.11;Umum
1906;Perspektif bayangan;604.245;604;Teknik Mesin;Teknik Mesin;92.0;Teknik Mesin
1907;Perusahaan Trans Nasional;382;382;Administrasi Niaga;Administrasi Niaga;92.64;Administrasi Niaga
1908;Petunjuk dan cara Andersen Untuk Sympony;005.446;5;Teknik Informatika & Komputer;Teknik Informatika & Komputer;96.55;Teknik Informatika & Komputer
1909;Petunjuk teknis penyusunan skripsi;808.2;808;Umum;Umum;83.99;Umum
1910;Peubah kompleks untuk ilmuwan dan insinyur;515.9;515;Matematika;Matematika;91.69;Matematika
1911;Pompa dan kompresor : Pemilihanm, pemakaian dan pemeliharaan;621.866;621;Teknik Mesin;Teknik Mesin;94.1;Teknik Mesin
1912;Principles of Modern Radar;621.3848;621;Teknik Elektro;Teknik Elektro;80.6;Teknik Elektro
1913;Prinsip-prinsip konversi energi;333.791;333;Administrasi Niaga;Administrasi Niaga;100.0;Administrasi Niaga
1914;Promosi Jabatan : Rahasia Karier yang sukses;658409;658;Administrasi Niaga;Administrasi Niaga;84.27;Administrasi Niaga, Umum
1915;Proyek Elektronika Alat Ukur;537.5;537;Teknik Elektro;Teknik Elektro;91.77;Teknik Elektro
1916;Psikologi : Ilmu keguruan bidang pengajaran SPG, KPG, SGP;150;150;Umum;Umum;100.0;Umum
1917;Quattro;005.3;5;Teknik Informatika & Komputer;Teknik Informatika & Komputer;100.0;Teknik Informatika & Komputer
1918;Quattro : Reference Guide;005.3;5;Teknik Informatika & Komputer;Teknik Informatika & Komputer;100.0;Teknik Informatika & Komputer
1919;Racquetball : The sport for everyone;796;796;Umum;Umum;96.28;Umum
1920;Source Print : Membentuk menganalisa,dan dokumentasi program secara Tersetruktur;005.302.876;5;Teknik Informatika & Komputer;Teknik Informatika & Komputer;96.31;Teknik Informatika & Komputer
1921;Security Analysis and Portfolio Management;3326;332;Akuntansi;Akuntansi;77.03;Akuntansi, Administrasi Niaga
1922;Sekretaris dan Tugas-Tugasnya;651;651;Administrasi Niaga;Administrasi Niaga;97.08;Administrasi Niaga
1924;Seni desain antara Teknologi : Konflik dan harmoni;745.4;745;Teknik Grafika & Penerbitan;Teknik Grafika & Penerbitan;98.07;Teknik Grafika & Penerbitan
1925;Seri pengetahuan tata bahasa Inggris : The mood;428.24;428;Umum;Umum;100.0;Umum
1926;Sistem dan Administrasi Penggajian untuk Perusahaan di Indonesia;65832;658;Administrasi Niaga;Administrasi Niaga;99.97;Administrasi Niaga
1927;Sistem Perbankan Modern : Perkembangan Seluk-Beluk Serta Mekanisme Operasional;332.1;332;Akuntansi;Akuntansi;100.0;Akuntansi
1928;Soal dan jawaban Akuntansi Biaya : Pengendalian Biaya dan Pengambilan Keputusan;657.42;657;Akuntansi;Akuntansi;99.47;Akuntansi
1929;Soal dan pembahasan ekonomi mikro;339;339;Administrasi Niaga;Administrasi Niaga;92.91;Administrasi Niaga
1930;Soal Jawab : Advanced Accounting;657046;657;Akuntansi;Akuntansi;96.48;Akuntansi
1931;Soal Jawab Teori Akuntansi;657.042;657;Akuntansi;Akuntansi;100.0;Akuntansi
1932;Soal-soal mekanika teknik;621092;621;Teknik Mesin;Teknik Mesin;80.69;Teknik Mesin
1933;Soal-soal Ujian Negara sarjana Bidang Ekonomi Akuntansi & Manajemen (sistem kredit semester);657;657;Akuntansi;Akuntansi;88.87;Akuntansi
1934;Sources of the western tradition;321.094;321;Umum;Umum;100.0;Umum
1935;Statistik jilid 1,2;519.5;519;Matematika;Matematika;94.73;Matematika
1936;Studi Kelayakan Proyek;658.401;658;Administrasi Niaga;Administrasi Niaga;96.67;Administrasi Niaga
1937;Study Guide to Accompany McConnell: Economics;334;334;Administrasi Niaga;Administrasi Niaga;85.52;Administrasi Niaga
1938;Sukses dalam Penjualan;658.85;658;Administrasi Niaga;Administrasi Niaga;98.37;Administrasi Niaga
1939;Tabel Profil Konstruksi Baja;691.7;691;Teknik Sipil;Teknik Sipil;100.0;Teknik Sipil
1942;Taktik Kiat dan Ilmu Sukses;658.401.2;658;Administrasi Niaga;Administrasi Niaga;100.0;Administrasi Niaga
1943;Tanya jawab kredit dokumenter;382.5;382;Administrasi Niaga;Administrasi Niaga;64.31;Administrasi Niaga, Akuntansi
1944;Technical Writing : A Reader Centered Approach;411;411;Umum;Umum;91.99;Umum
1945;Tegangan Bolak-Balik Arus Bolak-Balik;537.63;537;Teknik Elektro;Teknik Elektro;99.23;Teknik Elektro
1947;Teknik dan Strategi Memasarkan Jasa Profesional;658.8;658;Administrasi Niaga;Administrasi Niaga;98.58;Administrasi Niaga
1948;Teknik Digit 2 : Aplikasi rangkaian digit;621391;621;Teknik Elektro;Teknik Elektro;88.56;Teknik Elektro
1949;Teknik Instrumentasi;530.7;530;Teknik Elektro;Teknik Elektro;82.44;Teknik Elektro, Teknik Informatika & Komputer
1951;Teknik shoting video;778.59;778;Teknik Grafika & Penerbitan;Teknik Grafika & Penerbitan;89.58;Teknik Grafika & Penerbitan
1952;Tenis Meja : Pelajaran-perlengkapan-teknik-pelaksasanaan;796.346;796;Umum;Umum;98.4;Umum
1953;Teori dan aplikasi program komputer bahasa cobol  dengan 343 contoh program;005.133;5;Teknik Informatika & Komputer;Teknik Informatika & Komputer;92.92;Teknik Informatika & Komputer
1954;Teori Dan Konsep Manajemen;658;658;Administrasi Niaga;Administrasi Niaga;95.8;Administrasi Niaga
1955;Teori ekonomi dan kebijaksanaan pembangunan : kumpulan esei untuk menghormati Sumitro Djojohadikusuma;330.9;330;Administrasi Niaga;Administrasi Niaga;97.57;Administrasi Niaga
1956;Teori ekonomi dan kebijaksanaan pembangunan : Kumpulan esei untuk menghormati Sumitro Djojohadikusumo;330.1;330;Administrasi Niaga;Administrasi Niaga;99.16;Administrasi Niaga
1959;Teori swiching dan Disain digital;621.381;621;Teknik Elektro;Teknik Elektro;94.56;Teknik Elektro
1960;Teori Switching dan Disain Digital;621.382;621;Teknik Elektro;Teknik Elektro;100.0;Teknik Elektro
1961;Termodinamika teknik : Aplikasi dan termodinamika statistik;536.7;536;Teknik Elektro;Teknik Elektro;81.62;Teknik Elektro
1962;The fourth annual international conference of plasma chemistry and technology;660.044;660;Teknik Mesin;Teknik Mesin;81.26;Teknik Mesin, Teknik Sipil
1963;The harper & raw rhetoric;808.072;808;Umum;Umum;92.77;Umum
1964;The legal environment of business;347.3067;347;Umum;Umum;83.96;Umum, Administrasi Niaga
1965;The Lexington Reader;410.302.8;410;Umum;Umum;98.98;Umum
1966;The MC68000 Asembly language and systems programming;005.262;5;Teknik Informatika & Komputer;Teknik Informatika & Komputer;100.0;Teknik Informatika & Komputer
1967;The President and Civil Right;347302875;347;Umum;Umum;100.0;Umum
1968;The Pronoun : Kata Ganti;428.076;428;Umum;Umum;100.0;Umum
1969;Tuntunan laboratorium untuk seni dan disain elektronika;621.381;621;Teknik Elektro;Teknik Elektro;100.0;Teknik Elektro
1970;Turbo Pascal : Problim Solving and Program Design;005.133;5;Teknik Informatika & Komputer;Teknik Informatika & Komputer;100.0;Teknik Informatika & Komputer
1972;Union-management relations in a changing economy;331.8;331;Administrasi Niaga;Administrasi Niaga;89.37;Administrasi Niaga
1973;150 Macam Gangguan Cassette Recorder Circuits;621.38;621;Teknik Elektro;Teknik Elektro;82.82;Teknik Elektro
1974;A Handbook On Telex-Writing : Buku Petunjuk Penggunaan Telex;384.14;384;Administrasi Niaga;Administrasi Niaga;79.94;Administrasi Niaga
1975;Accounting Standars : Original Pronouncements Issued through June 1973;657.74;657;Akuntansi;Akuntansi;100.0;Akuntansi
1976;Administrasi sebagai kebutuhan masyarakat modern;658;658;Administrasi Niaga;Administrasi Niaga;62.11;Administrasi Niaga, Umum
1977;Agama : Suatu Teori Sekular;291;291;Umum;Umum;98.66;Umum
1978;Airspeak : Radiotelephony Communication for Pilots;246291;246;Umum;Umum;63.19;Umum, Teknik Mesin, Teknik Informatika & Komputer
1979;Ajaran Iman Katolik 1 untuk Mahasiswa;268;268;Umum;Umum;100.0;Umum
1982;Akuntansi Biaya : Suatu Pendekatan Manajerial;657.42;657;Akuntansi;Akuntansi;86.77;Akuntansi
1983;Akuntansi Manajemen;6581511;658;Administrasi Niaga;Administrasi Niaga;100.0;Administrasi Niaga
1984;Akuntansi perbankan : Akuntansi transaksi bank dalam valuta asing;332.175;332;Akuntansi;Akuntansi;100.0;Akuntansi
1985;Akuntansi Suatu Biaya : Konsep dan aplikasi untuk pengambilan keputusan manajerial;65742;657;Akuntansi;Akuntansi;85.56;Akuntansi
1986;Akuntansi Terpadu : Dengan Dac Easy Accounting;65815244;658;Administrasi Niaga;Administrasi Niaga;86.04;Administrasi Niaga
1987;Akuntansi terpadu dengan Dac-Easy Accounting;651.450.285;651;Administrasi Niaga;Administrasi Niaga;70.35;Administrasi Niaga, Akuntansi
1988;Analisa Jaringan Listrik;621389;621;Teknik Elektro;Teknik Elektro;97.95;Teknik Elektro
1989;Analisa Laporan Keuangan;657.3;657;Akuntansi;Akuntansi;94.2;Akuntansi
1990;Analisis dan desain pondasi;624.17;624;Teknik Sipil;Teknik Sipil;99.17;Teknik Sipil
1992;Analisis jaringan listrik;621.389;621;Teknik Elektro;Teknik Elektro;96.69;Teknik Elektro
1993;Antennas;621.3824;621;Teknik Elektro;Teknik Elektro;100.0;Teknik Elektro
1994;Aplikasi Listrik Dan Elektronika;621.3;621;Teknik Elektro;Teknik Elektro;100.0;Teknik Elektro
1995;Asas dan Dasar Perpajakan 1;336.2;336;Akuntansi;Akuntansi;80.88;Akuntansi, Umum
1996;Asas dan dasar perpajakan 2;336.2;336;Akuntansi;Akuntansi;100.0;Akuntansi
1998;Aturan Bea materai;343.056;343;Umum;Umum;88.99;Umum
1999;Auditing : Kerangka teori petunjuk mempelajari...;657.45;657;Akuntansi;Akuntansi;100.0;Akuntansi
2000;Auditing : Norma dan Prosedur;657.45;657;Akuntansi;Akuntansi;98.4;Akuntansi
2001;Auditing Suatu Pendekatan Terpadu jilid 1;657.45;657;Akuntansi;Akuntansi;99.27;Akuntansi
2002;Automotive steering suspension and wheel alignment;629.24;629;Teknik Mesin;Teknik Mesin;100.0;Teknik Mesin
2003;Automotive steering, suspension, and whell aligment shop manual;629.24;629;Teknik Mesin;Teknik Mesin;100.0;Teknik Mesin
2004;Bagaimana sekretaris yang sukses;651.374;651;Administrasi Niaga;Administrasi Niaga;90.28;Administrasi Niaga
2005;Bahasa C Untuk pemula;005.133;5;Teknik Informatika & Komputer;Teknik Informatika & Komputer;98.76;Teknik Informatika & Komputer
2006;Bali;915.04;915;Umum;Umum;91.18;Umum
2007;Basic Studies Practice eader : Hospitality Trade;177.186;177;Umum;Umum;91.96;Umum
2008;Basic: Cara membuat program Paket yang profesional;005.362;5;Teknik Informatika & Komputer;Teknik Informatika & Komputer;100.0;Teknik Informatika & Komputer
2009;Beberapa segi mengenai Perkreditan;332.9;332;Akuntansi;Akuntansi;96.51;Akuntansi
2010;Belajar Mengemukakan Pendapat : Standar, Logis, Pragmatik;302.224;302;Umum;Umum;95.83;Umum
2012;Berkreasi dengan Free Lance Plus;001.6;1;Teknik Informatika & Komputer;Teknik Informatika & Komputer;96.99;Teknik Informatika & Komputer
2013;Berpikir lateral : Buku Teks Kreativitas;152.42;152;Umum;Umum;100.0;Umum
2014;Bola Basket : Dari Pemain Sampai Pertandingan;796323;796;Umum;Umum;90.89;Umum
2015;Bola Basket : Pendidikan Dasar dan Latihan;796323;796;Umum;Umum;80.11;Umum
2016;Business : William M. Pride;650;650;Administrasi Niaga;Administrasi Niaga;99.82;Administrasi Niaga
2017;Business and Society : Corporate Strategy, Public Policy, Ethis;658.408;658;Administrasi Niaga;Administrasi Niaga;84.69;Administrasi Niaga, Umum
2018;Cable Structures;624.177;624;Teknik Sipil;Teknik Sipil;93.55;Teknik Sipil
2019;Cara Paktis belajar Elektronika;621381;621;Teknik Elektro;Teknik Elektro;95.21;Teknik Elektro
2020;Case studies in international business;658.049;658;Administrasi Niaga;Administrasi Niaga;90.81;Administrasi Niaga
2021;Cases in Database Design;005.74;5;Teknik Informatika & Komputer;Teknik Informatika & Komputer;97.58;Teknik Informatika & Komputer
2022;Clipper Compiler: Untuk dBase III Plus;005.453;5;Teknik Informatika & Komputer;Teknik Informatika & Komputer;100.0;Teknik Informatika & Komputer
2023;College algebra : A Problem solving approach;512.9;512;Matematika;Matematika;96.87;Matematika
2024;Computers The User Perspective;004.16;4;Teknik Informatika & Komputer;Teknik Informatika & Komputer;100.0;Teknik Informatika & Komputer
2025;Contemporary international relations : Frameworks for understanding;327;327;Umum;Umum;87.91;Umum
2026;Contemporary labor economics;331;331;Administrasi Niaga;Administrasi Niaga;100.0;Administrasi Niaga
2027;Contemporary Management : Fraya W.Andrews;658;658;Administrasi Niaga;Administrasi Niaga;100.0;Administrasi Niaga
2028;Control Otomatik;629.8;629;Teknik Mesin;Teknik Mesin;84.75;Teknik Mesin, Teknik Elektro
2029;Corrosion engineering;620.112;620;Teknik Mesin;Teknik Mesin;90.49;Teknik Mesin
2030;Dasar-Dasar Ilmu Tata Usaha;651;651;Administrasi Niaga;Administrasi Niaga;100.0;Administrasi Niaga
2031;Dasar-dasar kebijaksanaan keuangan negara;332;332;Akuntansi;Akuntansi;80.71;Akuntansi
2032;Data communications computers networks and osi;004.6;4;Teknik Informatika & Komputer;Teknik Informatika & Komputer;100.0;Teknik Informatika & Komputer
2033;dBase IV : setting the new data management standard;005.7565;5;Teknik Informatika & Komputer;Teknik Informatika & Komputer;97.32;Teknik Informatika & Komputer
2034;Digital Communication;621.38;621;Teknik Elektro;Teknik Elektro;98.92;Teknik Elektro
2035;Digital electronics logic and system;621381;621;Teknik Elektro;Teknik Elektro;96.69;Teknik Elektro
2036;Digital Logic  : Circuits and Systems;621.38153;621;Teknik Elektro;Teknik Elektro;100.0;Teknik Elektro
2037;Digital Logic and microprossesorss;621.38153;621;Teknik Elektro;Teknik Elektro;92.97;Teknik Elektro
2038;Diksi dan gaya bahasa;499.221;499;Umum;Umum;100.0;Umum
2039;Dinamika Struktur;624.176;624;Teknik Sipil;Teknik Sipil;98.02;Teknik Sipil
2041;Discrete mathematic;510;510;Matematika;Matematika;96.23;Matematika
2042;Economics : Contemporary introduction;3309;330;Administrasi Niaga;Administrasi Niaga;97.4;Administrasi Niaga
2043;Ekonomi uang dan bank;332.1;332;Akuntansi;Akuntansi;96.85;Akuntansi
2046;Engineering Electromagnetic Fields and Waves;621.3;621;Teknik Elektro;Teknik Elektro;100.0;Teknik Elektro
2047;Entrepreneurship : Sepuluh Tahapan Menjadi Wiraswastawan Tangguh;338.04;338;Administrasi Niaga;Administrasi Niaga;96.66;Administrasi Niaga
2048;Farming the Small Forest : A Guide for the Landowner;630;630;Umum;Umum;91.51;Umum
2049;Financial & Managerial Accounting;658.15;658;Administrasi Niaga;Akuntansi;100.0;Akuntansi
2051;Floating;813.5;813;Umum;Umum;100.0;Umum
2052;FoxBase+ : Software Database Microkomputer;005.6575;5;Teknik Informatika & Komputer;Teknik Informatika & Komputer;100.0;Teknik Informatika & Komputer
2053;Gathering Home;813;813;Umum;Umum;98.94;Umum
2054;Geometric dimensioning and tolerancing;604.243;604;Teknik Mesin;Teknik Mesin;100.0;Teknik Mesin
2055;Himpunan Abstrak Thesis Program Pasca Sarjana (S2)&(S3) Universitas Indonasia 1988 : Umar Fahmi Achmadi;025.402.8;25;Teknik Informatika & Komputer;Teknik Informatika & Komputer;89.53;Teknik Informatika & Komputer
2056;Improving Reading Skills;428.40711;428;Umum;Umum;100.0;Umum
2057;Industrial Ventilation;644.5;644;Umum;Umum;68.74;Umum, Teknik Mesin
2058;Intermediate algebra;512.9;512;Matematika;Matematika;97.65;Matematika
2059;Introduction to Corporate Finance;65815;658;Administrasi Niaga;Administrasi Niaga;87.11;Administrasi Niaga
2060;Istilah-istilah teknik sipil;624.568;624;Teknik Sipil;Teknik Sipil;84.59;Teknik Sipil, Sains
2061;Jantan;813;813;Umum;Umum;100.0;Umum
2062;Kamus Akuntansi;657.042;657;Akuntansi;Akuntansi;96.58;Akuntansi
2063;Kamus Istilah Ekonomi Ensiklopedi Mini : Inggris-Belanda-Indonesia;332;332;Akuntansi;Akuntansi;82.96;Akuntansi
2064;Kebebasan yang terhambat : Perkembangan ekonomi dan prilaku kegiatan usaha di Indonesia;330.9;330;Administrasi Niaga;Administrasi Niaga;92.29;Administrasi Niaga
2065;Ketetapan-Ketetapan Majelis Permusyawaratan Rakyat Republik Indonesia;346;346;Umum;Umum;96.94;Umum
2066;Komputer Grafik: Program Grafik dengan Resolusi Biasa/Teks;005.3;5;Teknik Informatika & Komputer;Teknik Informatika & Komputer;100.0;Teknik Informatika & Komputer
2067;Konsruksi Ruang Baja;693.71;693;Teknik Sipil;Teknik Sipil;99.65;Teknik Sipil
2068;Kunci penyelesaian soal-soal dinamika struktur : Teori & perhitungan;690.21;690;Teknik Sipil;Teknik Sipil;100.0;Teknik Sipil
2069;Kunci Penyelesaian soal-soal Makroekonomi : Konsep,Teori dan Kebijakan;3395;339;Administrasi Niaga;Administrasi Niaga;89.25;Administrasi Niaga
2070;Kunci Penyelesaian Soal-Soal Teori Getaran dengan Penerapannya;620.3;620;Teknik Mesin;Teknik Mesin;96.07;Teknik Mesin
2071;Kunci Sukses Bank Marketing;332.1;332;Akuntansi;Akuntansi;71.43;Akuntansi, Administrasi Niaga
2072;LAngit dan bumi sahabat kami;813;813;Umum;Umum;99.92;Umum
2073;Learn bahasa Indonesia;499.221;499;Umum;Umum;99.9;Umum
2074;Learn Compute;005.265;5;Teknik Informatika & Komputer;Teknik Informatika & Komputer;100.0;Teknik Informatika & Komputer
2075;Learning dBase IV : Setting The New Data Management Standard;005.7565;5;Teknik Informatika & Komputer;Teknik Informatika & Komputer;90.11;Teknik Informatika & Komputer
2076;Linking auditing and mwtaevalution : Encacing quality in applied reseach;300.73;300;Umum;Umum;74.63;Umum
2077;Listrik otomotif I;629.22;629;Teknik Mesin;Teknik Mesin;85.35;Teknik Mesin
2078;Management Accounting : A Decision Emphasis;658.151;658;Administrasi Niaga;Administrasi Niaga;100.0;Administrasi Niaga
2080;Managerial Accounting : Test Bank With Answers;658151;658;Administrasi Niaga;Administrasi Niaga;100.0;Administrasi Niaga
2081;Manajemen Hotel;33847692;338;Administrasi Niaga;Administrasi Niaga;82.51;Administrasi Niaga, Umum
2082;Manajemen kepegawaian;658.3;658;Administrasi Niaga;Administrasi Niaga;95.29;Administrasi Niaga
2083;Manajemen Kepegawaian 2;658.3;658;Administrasi Niaga;Administrasi Niaga;100.0;Administrasi Niaga
2084;Manajemen Keuangan : Teori dan Penerapan Keputusan Jangka Pendek;658.15;658;Administrasi Niaga;Administrasi Niaga;100.0;Administrasi Niaga
2085;Manajemen pembangunan;338.9;338;Administrasi Niaga;Administrasi Niaga;100.0;Administrasi Niaga
2086;Manajemen Untuk Sekretaris;651.374;651;Administrasi Niaga;Administrasi Niaga;100.0;Administrasi Niaga
2087;Mangatur Posisi;658.8342;658;Administrasi Niaga;Administrasi Niaga;100.0;Administrasi Niaga
2088;Matematika Hingga;510;510;Matematika;Matematika;100.0;Matematika
2089;McGraw-Hill College Handbook;808.042;808;Umum;Umum;96.42;Umum
2091;Mengapa serba salah atau Kunjung Ulang Prinsip Peter;658.4;658;Administrasi Niaga;Administrasi Niaga;99.22;Administrasi Niaga
2092;Mengelola Bisnis : Bimbingan praktis untuk meraih sukses;658;658;Administrasi Niaga;Administrasi Niaga;100.0;Administrasi Niaga
2093;Mengelola Bisnis : Bimbingan Psikiatris untuk meraih sukses;658;658;Administrasi Niaga;Administrasi Niaga;92.21;Administrasi Niaga
2094;Mengenal dari dekat Thailand  : Lumbung padi Asia Tenggara;915.04;915;Umum;Umum;93.48;Umum
2095;Mengenal hardisk dan disket : Pedoman untuk mengetahui disk anda;005.6;5;Teknik Informatika & Komputer;Teknik Informatika & Komputer;96.4;Teknik Informatika & Komputer
2096;Mesin dan Rangkaian Listrik;621.3192;621;Teknik Elektro;Teknik Elektro;86.35;Teknik Elektro
2097;Metode Statistika;001.422;1;Teknik Informatika & Komputer;Matematika;72.83;Matematika, Teknik Informatika & Komputer
2098;Microsoft, MS DOS, User Guidr;005.4;5;Teknik Informatika & Komputer;Teknik Informatika & Komputer;97.56;Teknik Informatika & Komputer
2099;Modern Refrigeration and Airconditioning;621.56;621;Teknik Mesin;Teknik Mesin;88.23;Teknik Mesin
2100;Money banking and financial markets;332.1;332;Akuntansi;Akuntansi;100.0;Akuntansi
2101;Motion and time Study;658.5423;658;Administrasi Niaga;Administrasi Niaga;90.51;Administrasi Niaga
2102;Motor Bakar Torak : Penggerak mula;621.43;621;Teknik Mesin;Teknik Mesin;99.3;Teknik Mesin
2103;Neraca Perusahaan dan Anda;6581512;658;Administrasi Niaga;Administrasi Niaga;100.0;Administrasi Niaga
2105;Nomogram Beton-Bertulang;691.3;691;Teknik Sipil;Teknik Sipil;96.92;Teknik Sipil
2106;Nota Keuangan dan rancangan anggaran pendapatan dan belanja negara tahun 1998/1999;351.7275;351;Umum;Umum;92.94;Umum
2107;Occupational Health & Safety 11 Personal Protective Equiment-General;363.11;363;Umum;Umum;100.0;Umum
2108;Office Communication;651.7;651;Administrasi Niaga;Administrasi Niaga;94.87;Administrasi Niaga
2109;Pajak ditinjau dari segi hukum;336.2;336;Akuntansi;Akuntansi;86.62;Akuntansi
2110;Pascal Plus Data Structures,Algoritms,and Advanced Programming;005.7;5;Teknik Informatika & Komputer;Teknik Informatika & Komputer;98.19;Teknik Informatika & Komputer
2111;Pascal tinglat lanjutan : ROM BIOS CALL, pengaksesan memori, program menetap(residen) dan pengoprasian mouse;005.362;5;Teknik Informatika & Komputer;Teknik Informatika & Komputer;97.14;Teknik Informatika & Komputer
2112;Pedoman Dasar UNIX, XENIX, dan AIX : untuk Sun, VAX, IBM PC dan PS/2;005.43;5;Teknik Informatika & Komputer;Teknik Informatika & Komputer;98.43;Teknik Informatika & Komputer
2113;Pelajaran elektronika percobaan-percobaan laboratorium;537.5;537;Teknik Elektro;Teknik Elektro;88.02;Teknik Elektro
2114;Pemeriksaan Akuntan Auditing : Faktor-Faktor Yang Mempengaruhi Independensi Penampilan Akuntan Publik;657;657;Akuntansi;Akuntansi;94.63;Akuntansi
2115;Pemrograman dataBase III Plus;005.7565;5;Teknik Informatika & Komputer;Teknik Informatika & Komputer;100.0;Teknik Informatika & Komputer
2116;Penerapan aljabar linier;512.5;512;Matematika;Matematika;94.98;Matematika
2117;Penerapan Termodinamika;536.7;536;Teknik Elektro;Teknik Elektro;84.47;Teknik Elektro
2119;Pengantar Akuntasi Manajemen;657.02;657;Akuntansi;Akuntansi;99.9;Akuntansi
2120;Pengendalian mutu statis;519;519;Matematika;Matematika;81.57;Matematika
2121;Pengetahuan Bahan : Untuk Industri Pertanian;631.008.7;631;Umum;Umum;85.96;Umum
2122;Pengetahuan dasar manajemen dan kepemimpinan;658.409;658;Administrasi Niaga;Administrasi Niaga;96.96;Administrasi Niaga
2123;Pengetahuan Teknik Bangunan;690;690;Teknik Sipil;Teknik Sipil;97.99;Teknik Sipil
2125;Penggerak Mula Turbin;621.406;621;Teknik Mesin;Teknik Mesin;98.85;Teknik Mesin
2126;Penuntun IBM PC_DOS;005.26;5;Teknik Informatika & Komputer;Teknik Informatika & Komputer;94.9;Teknik Informatika & Komputer
2127;Perbankan : Pendekatan Manajerial;332.1;332;Akuntansi;Akuntansi;100.0;Akuntansi
2128;Perencanaan Peralatan, dan Metode Konstruksi;658.81;658;Administrasi Niaga;Administrasi Niaga;100.0;Administrasi Niaga
2129;Perencanaan, Peralatan, dan metode Konstruksi;65881;658;Administrasi Niaga;Administrasi Niaga;100.0;Administrasi Niaga
2130;Persamaan diferensial biasa dengan penerapan modern;515.35;515;Matematika;Matematika;96.36;Matematika
2131;Pesawat-pesawat Energi I : Ketel Uap;621.1;621;Teknik Mesin;Teknik Mesin;88.4;Teknik Mesin
2132;Pesawat-Pesawat Konversi Energi I : Ketel Uap;621.1;621;Teknik Mesin;Teknik Mesin;92.36;Teknik Mesin
2134;Petunjuk mendirikan perusahaan kecil;338.642;338;Administrasi Niaga;Administrasi Niaga;89.9;Administrasi Niaga
2135;Practical english usage;428.2;428;Umum;Umum;99.1;Umum
2136;Prilaku konsumen;658;658;Administrasi Niaga;Administrasi Niaga;100.0;Administrasi Niaga
2137;Process Control Systems : Application, Design, and Adjustment;660.281;660;Teknik Mesin;Teknik Mesin;94.34;Teknik Mesin
2138;Process Control Systems : Application, Design, and Tuning;660.281;660;Teknik Mesin;Teknik Mesin;99.62;Teknik Mesin
2140;Productivity Software Guide : Charles S. Parker;005.7565;5;Teknik Informatika & Komputer;Teknik Informatika & Komputer;98.45;Teknik Informatika & Komputer
2141;Quality Programming;005.1;5;Teknik Informatika & Komputer;Teknik Informatika & Komputer;97.13;Teknik Informatika & Komputer
2143;Queen Kilisuci And Stories of Reyog;428.649922;428;Umum;Umum;98.33;Umum
2147;Semiconductor Device Modeling With Spice;621.38152;621;Teknik Elektro;Teknik Elektro;100.0;Teknik Elektro
2148;Seni merangkai buah dan sayur;0035476;3;Teknik Informatika & Komputer;Teknik Informatika & Komputer;66.38;Teknik Informatika & Komputer, Umum, Teknik Grafika & Penerbitan
2149;Sepak Bola;796.334;796;Umum;Umum;98.21;Umum
2150;Sinyal dan Sistem Linear;621.3822;621;Teknik Elektro;Teknik Elektro;92.03;Teknik Elektro
2151;Sistem Informasi Akuntansi Berbasis Komputer;657.83;657;Akuntansi;Akuntansi;86.73;Akuntansi
2152;Sistem komputer akuntansi giro;657.450;657;Akuntansi;Akuntansi;100.0;Akuntansi
2153;Sistem komputer akuntansi inventory;657.450;657;Akuntansi;Akuntansi;91.94;Akuntansi
2154;Sistem komputer akuntansibGeneral ledger;657.450;657;Akuntansi;Akuntansi;91.09;Akuntansi
2155;Sistim Kontrol dan Pesawat Tenaga Hidrolik;627;627;Teknik Sipil;Teknik Sipil;65.68;Teknik Sipil, Teknik Mesin
2156;Sosok seorang pejuang;896;896;Umum;Umum;100.0;Umum
2158;Statistik : Teori dan Aplikasi;519.5;519;Matematika;Matematika;95.34;Matematika
2159;Statistika Untuk Ekonomi Dan Bisnis;519.5;519;Matematika;Matematika;94.72;Matematika
2160;Strategic Management and Business Policy;658.4012;658;Administrasi Niaga;Administrasi Niaga;100.0;Administrasi Niaga
2161;Structural analisys;624.171;624;Teknik Sipil;Teknik Sipil;100.0;Teknik Sipil
2162;Tabel Konstruksi Jalan Raya Dengan Contoh Penggunaan;625.7;625;Teknik Sipil;Teknik Sipil;94.62;Teknik Sipil
2164;Teknik Manajemen Pemeliharaan;658.2;658;Administrasi Niaga;Administrasi Niaga;98.78;Administrasi Niaga
2165;Teknik Perantaraan Mikroprosesor;621.82;621;Teknik Mesin;Teknik Mesin;62.99;Teknik Mesin, Teknik Elektro
2166;Teknologi Informasi;621.3822;621;Teknik Elektro;Teknik Elektro;89.78;Teknik Elektro
2167;Teori dan soal-soal operations Research;003;3;Teknik Informatika & Komputer;Teknik Informatika & Komputer;72.11;Teknik Informatika & Komputer
2168;Teori moneter;338.9;338;Administrasi Niaga;Administrasi Niaga;97.2;Administrasi Niaga
2169;Teori Pelat dan Cangkang;624.1776;624;Teknik Sipil;Teknik Sipil;94.24;Teknik Sipil
2170;Terobosan manajemen : Konsep baru tentang tugas manajer;658.4;658;Administrasi Niaga;Administrasi Niaga;100.0;Administrasi Niaga
2171;Tes Kemampuan Bagi Manajer dan Supervisor;658419;658;Administrasi Niaga;Administrasi Niaga;95.01;Administrasi Niaga
2172;The Attribute;428.076;428;Umum;Umum;100.0;Umum
2173;The clever princess;428.6499;428;Umum;Umum;100.0;Umum
2174;The Gerund;428.076;428;Umum;Umum;100.0;Umum
2175;The Hurried Life Of A Journalist;428649922;428;Umum;Umum;85.25;Umum
2176;The Law of Public Communication;347.302853;347;Umum;Umum;100.0;Umum
2177;The McGraw-Hill College Handbook;808.042;808;Umum;Umum;96.23;Umum
2178;The McGraw-Hill College Workbook;808.042;808;Umum;Umum;95.98;Umum
2180;The Social experience : An introduction to sociology;301;301;Umum;Umum;90.81;Umum
2181;Tinju : Latihan teknik taknik;796.87;796;Umum;Umum;94.74;Umum
2182;Trade and Investment Services : in the Asia Pacific Region;338.460 95;338;Administrasi Niaga;Administrasi Niaga;98.09;Administrasi Niaga
2183;Transmisi informasi modulasi dan bising;62138415;621;Teknik Elektro;Teknik Elektro;100.0;Teknik Elektro
2184;Turbo Pascal  : An Introduction to modern programming;005.133;5;Teknik Informatika & Komputer;Teknik Informatika & Komputer;100.0;Teknik Informatika & Komputer
2185;Vector Mechanics for Engineers : Statics;620.1;620;Teknik Mesin;Teknik Mesin;69.66;Teknik Mesin, Teknik Elektro
2186;Wordstar 2000;658.5;658;Administrasi Niaga;Administrasi Niaga;85.79;Administrasi Niaga
2187;WordStar untuk Sekretaris vol.2;001.6;1;Teknik Informatika & Komputer;Teknik Informatika & Komputer;98.67;Teknik Informatika & Komputer
2188;Accounting Principles;657;657;Akuntansi;Akuntansi;100.0;Akuntansi
2191;Advanced Management Accounting;658.151.1;658;Administrasi Niaga;Administrasi Niaga;99.67;Administrasi Niaga
2195;Akuntansi Biaya : Perencanaan dan Pengendalian Biaya Serta Pembuatan Keputusan;657.42;657;Akuntansi;Akuntansi;89.11;Akuntansi
2197;Akuntansi Biaya Suatu Pendekatan Manajerial;65742;657;Akuntansi;Akuntansi;100.0;Akuntansi
2198;Akuntansi Biaya Untuk Manajemen;657.42;657;Akuntansi;Akuntansi;100.0;Akuntansi
2202;Akuntansi Manajemen : Proses Pengendalian Manajemen;658.151.1;658;Administrasi Niaga;Administrasi Niaga;100.0;Administrasi Niaga
2203;Akuntansi Manajemen Buku-2;658.1511;658;Administrasi Niaga;Administrasi Niaga;93.38;Administrasi Niaga
2204;analisa laporan keuangan untuk perbankan;332.1;332;Akuntansi;Akuntansi;100.0;Akuntansi
2206;Anggaran perusahaan : Pendekatan kuantitatif buku I&II;658.154;658;Administrasi Niaga;Administrasi Niaga;100.0;Administrasi Niaga
2207;Answer key for computer-aided drafting;604.20285;604;Teknik Mesin;Teknik Mesin;93.43;Teknik Mesin
2210;Aplikasi Fontasi;00668;6;Teknik Informatika & Komputer;Teknik Informatika & Komputer;100.0;Teknik Informatika & Komputer
2211;Aplikasi Sympony release 2;005.7565;5;Teknik Informatika & Komputer;Teknik Informatika & Komputer;100.0;Teknik Informatika & Komputer
2212;Asas dan Dasar Perpajakan 3;336.2;336;Akuntansi;Akuntansi;94.96;Akuntansi
2213;Atlas of Mexico;912.72;912;Umum;Umum;97.15;Umum
2214;Automotive Brakes;629.2'46;629;Teknik Mesin;Teknik Mesin;86.66;Teknik Mesin
2215;Automotive Brakes Shop Manual;629.240;629;Teknik Mesin;Teknik Mesin;100.0;Teknik Mesin
2216;Bagaimana menjadi sekretaris yang sukses;651.374;651;Administrasi Niaga;Administrasi Niaga;100.0;Administrasi Niaga
2218;Bahrain : The Modernization of Autocracy;953.65;953;Umum;Umum;97.44;Umum
2219;Basic technical physics;530;530;Teknik Elektro;Teknik Elektro;93.93;Teknik Elektro
2220;Beberapa asas merancang trimantra;741.018;741;Teknik Grafika & Penerbitan;Teknik Grafika & Penerbitan;100.0;Teknik Grafika & Penerbitan
2221;Behind The Smile Of A Stewardess;428.649922;428;Umum;Umum;99.46;Umum
2222;Bendungan Type Urugan;627.83;627;Teknik Sipil;Teknik Sipil;93.7;Teknik Sipil
2223;Beton Prategang;624.183.412;624;Teknik Sipil;Teknik Sipil;97.41;Teknik Sipil
2225;Blueprint Reading for Industry;604.25;604;Teknik Mesin;Teknik Mesin;90.83;Teknik Mesin
2227;Building skill for the toefl;428.076;428;Umum;Umum;99.53;Umum
2228;Buku pegangan HP Laserjet;004.77;4;Teknik Informatika & Komputer;Teknik Informatika & Komputer;95.32;Teknik Informatika & Komputer
2229;Buku teks termodinamika terpakai, teknik uap dan panas;536.7;536;Teknik Elektro;Teknik Elektro;96.87;Teknik Elektro
2230;Bunga diatas batu : Si Anak Hilang;813;813;Umum;Umum;100.0;Umum
2231;Calculus for business, economics, and the social and life sciences;516;516;Matematika;Matematika;76.6;Matematika, Umum
2232;Cara Mudah Belajar dBase IV;005.7565;5;Teknik Informatika & Komputer;Teknik Informatika & Komputer;100.0;Teknik Informatika & Komputer
2233;Cara mudah belajar Symphony;005.7565;5;Teknik Informatika & Komputer;Teknik Informatika & Komputer;100.0;Teknik Informatika & Komputer
2234;Cases in collective bargaining and industrial...;344.730;344;Umum;Umum;91.92;Umum
2235;Computer Architecture : Software and Hardware;004.22;4;Teknik Informatika & Komputer;Teknik Informatika & Komputer;100.0;Teknik Informatika & Komputer
2236;Computer-Aided Drafting;604.20285;604;Teknik Mesin;Teknik Mesin;80.71;Teknik Mesin, Teknik Informatika & Komputer
2237;Concepts and applications of finite element analysis;624.171;624;Teknik Sipil;Teknik Sipil;92.6;Teknik Sipil
2238;Conggress, the President, and Public Policy;35303;353;Umum;Umum;92.21;Umum
2239;Conteporary labor economics;331;331;Administrasi Niaga;Administrasi Niaga;98.2;Administrasi Niaga
2240;Controllership : Tugas Akuntan Manajemen;658.1511;658;Administrasi Niaga;Administrasi Niaga;87.79;Administrasi Niaga
2241;Dalam Cermin : Kumpulan Cerita Pendek Thailan;813;813;Umum;Umum;98.32;Umum
2242;Dasar elektronika;621.381;621;Teknik Elektro;Teknik Elektro;100.0;Teknik Elektro
2243;Dasar Ketrampilan Teknik : Cara Menangani Bahan Dan Perkakas;621.9;621;Teknik Mesin;Teknik Mesin;83.16;Teknik Mesin, Teknik Elektro
2244;Dasar-dasar Hukum Administrasi Negara;350;350;Umum;Umum;96.52;Umum
2245;Dasar-dasar matematika modern dan...;519.7;519;Matematika;Matematika;100.0;Matematika
2246;Dasar-Dasar Perkreditan;332.1;332;Akuntansi;Akuntansi;94.58;Akuntansi
2247;DB2 Applications Development Handbook;005.74;5;Teknik Informatika & Komputer;Teknik Informatika & Komputer;100.0;Teknik Informatika & Komputer
2248;dBase IV sistem Menu Lengkap;005.7565;5;Teknik Informatika & Komputer;Teknik Informatika & Komputer;95.16;Teknik Informatika & Komputer
2249;dBase IV SQL : Bahasa permintaan terstruktur;005.7565;5;Teknik Informatika & Komputer;Teknik Informatika & Komputer;100.0;Teknik Informatika & Komputer
2250;Dekorasi;747;747;Teknik Grafika & Penerbitan;Teknik Grafika & Penerbitan;91.34;Teknik Grafika & Penerbitan
2251;Delegasi : Kunci Sukses Praktek Manajemen;658409;658;Administrasi Niaga;Administrasi Niaga;100.0;Administrasi Niaga
2253;Demi nama Tuhan;231.43632;231;Umum;Umum;100.0;Umum
2254;Desain beton bertulang;693.54;693;Teknik Sipil;Teknik Sipil;95.14;Teknik Sipil
2256;Desentralisasi dalam pelaksanaan manajemen pembangunana : Kumpulan pemikiran;353.073;353;Umum;Umum;77.04;Umum, Administrasi Niaga
2257;Developmental mathematics;513.14;513;Matematika;Matematika;94.75;Matematika
2258;Disain Beton Bertulang;693.54;693;Teknik Sipil;Teknik Sipil;91.03;Teknik Sipil
2260;Disccrete-Time Signal Processing;621.382;621;Teknik Elektro;Teknik Elektro;91.66;Teknik Elektro
2261;Discrete-Time Signal Processing;621.382;621;Teknik Elektro;Teknik Elektro;96.45;Teknik Elektro
2262;Economics;330;330;Administrasi Niaga;Administrasi Niaga;97.73;Administrasi Niaga
2263;Ekonomi pariwisata : Sejarah dan Prospeknya;338.4791;338;Administrasi Niaga;Administrasi Niaga;91.96;Administrasi Niaga
2265;Ekonomi uang dan bank 2;332.1;332;Akuntansi;Akuntansi;100.0;Akuntansi
2266;Ekspor Impor : Teori & Penerapannya;382.6;382;Administrasi Niaga;Administrasi Niaga;85.81;Administrasi Niaga
2267;Electric circuits and machines;621.3;621;Teknik Elektro;Teknik Elektro;100.0;Teknik Elektro
2268;Electronic Circuit Discrete and Integrated;6213817;621;Teknik Elektro;Teknik Elektro;100.0;Teknik Elektro
2270;English for business;428.2;428;Umum;Umum;100.0;Umum
2271;English for Economics : Panduan membaca Buku Teks Berbahsa Ingris Fakultas Ekonomi;428.33;428;Umum;Umum;97.8;Umum
2272;English for Spesific Purposes : Dialogues for Secretaries semester 1;428.651;428;Umum;Umum;96.32;Umum
2273;Ensiklopedi Indonesia;590;590;Sains;Sains;69.8;Sains, Umum
2275;Ensiklopedi Konservasi Sumber Daya;333.07;333;Administrasi Niaga;Administrasi Niaga;72.02;Administrasi Niaga, Umum
2277;Ensiklopedi Nasinal Indonesia jilid 3;03099221;30;Umum;Umum;100.0;Umum
2278;Ensiklopedi Nasional Indonesia;030.99221;30;Umum;Umum;100.0;Umum
2286;Fisika dasar : Seri fisika;531;531;Teknik Elektro;Teknik Elektro;100.0;Teknik Elektro
2287;Follow me;428.076;428;Umum;Umum;100.0;Umum
2288;Forecasting  : Konsep dan Aplikasi;003.2;3;Teknik Informatika & Komputer;Teknik Informatika & Komputer;100.0;Teknik Informatika & Komputer
2289;Forecasting Your Company's Sales & : Quikly, Easily and Realistically;966.25605;966;Umum;Umum;80.16;Umum, Administrasi Niaga
2290;FormTool;005.3;5;Teknik Informatika & Komputer;Teknik Informatika & Komputer;100.0;Teknik Informatika & Komputer
2291;FoxBase : Software database Microkomputer;005.7565;5;Teknik Informatika & Komputer;Teknik Informatika & Komputer;99.28;Teknik Informatika & Komputer
2292;From tourist to paying guest : a manual for houstresses and hosts in 'slow tourism' in south and south east asia;338.4791;338;Administrasi Niaga;Administrasi Niaga;74.34;Administrasi Niaga, Umum
2293;Gagasan-gagasan besar dalam manajemen;658.401;658;Administrasi Niaga;Administrasi Niaga;100.0;Administrasi Niaga
2295;Guided Composition Exercises;428.076;428;Umum;Umum;100.0;Umum
2296;harvard Graphics 2.1;00668;6;Teknik Informatika & Komputer;Teknik Informatika & Komputer;97.85;Teknik Informatika & Komputer
2297;Hazards at work : Health, safety and welfare in the Australian workplace;363.11;363;Umum;Umum;94.14;Umum
2298;Hidrologi : Pengukuran dan Pengolahan Data Aliran Sungai;55148;551;Sains;Sains;95.87;Sains
2299;Hidrologi Untuk Insinyur;551.48;551;Sains;Sains;92.9;Sains
2300;How to Set and Achieve Your Financial Goals;332.024;332;Akuntansi;Akuntansi;88.13;Akuntansi
2301;Human Relations & Public Relations dalam management;659.2;659;Administrasi Niaga;Administrasi Niaga;100.0;Administrasi Niaga
2302;Ilmu dan Teknologi Bahan : Ilmu Logam dan Bukan Logam;620.11;620;Teknik Mesin;Teknik Mesin;92.14;Teknik Mesin
2303;Industrial Engineering Terminology;670.42;670;Teknik Mesin;Teknik Mesin;100.0;Teknik Mesin
2304;Industrial Water Pollution Control;628.3;628;Teknik Sipil;Teknik Sipil;76.41;Teknik Sipil, Umum
2305;Inset Inset : Penggabungan tek dan grafik;005.6;5;Teknik Informatika & Komputer;Teknik Informatika & Komputer;98.62;Teknik Informatika & Komputer
2306;Inset inset Penggabungan Teks dan Grafik;0056;5;Teknik Informatika & Komputer;Teknik Informatika & Komputer;93.52;Teknik Informatika & Komputer
2307;Instructor's guide intruction to pascal and structured design turbo pascal;005.12;5;Teknik Informatika & Komputer;Teknik Informatika & Komputer;100.0;Teknik Informatika & Komputer
2308;Instructor's Manual For Microwave Communications;621.38'0431;621;Teknik Elektro;Teknik Elektro;97.59;Teknik Elektro
2310;International hotel english : Communicating with the international traveller;428.34;428;Umum;Umum;100.0;Umum
2311;Introducing Mass Communication;001.51;1;Teknik Informatika & Komputer;Teknik Informatika & Komputer;83.54;Teknik Informatika & Komputer
2312;Islam dan koperasi : Telaah peran serta umat Islam dalam pengembangan koperasi;297.633;297;Umum;Umum;92.04;Umum
2313;Issues and answerd;428;428;Umum;Umum;96.03;Umum
2315;Journeyman, Electrician's Workbook : Exam Preparation-Upgrading;621.31924;621;Teknik Elektro;Teknik Elektro;84.16;Teknik Elektro
2316;Kamus Arab-Indonesia;413.927;413;Umum;Umum;97.69;Umum
2317;Kamus Sains Bergambar;503;503;Sains;Sains;79.02;Sains
2320;Kendali Mutu terpadu jilid 1;658.562;658;Administrasi Niaga;Administrasi Niaga;100.0;Administrasi Niaga
2321;Ketel Uap;681184;681;Teknik Mesin;Teknik Mesin;100.0;Teknik Mesin
2323;Ketentuan tata niaga ekspor dan impor sesudah deregulasi;343.087;343;Umum;Umum;79.08;Umum, Administrasi Niaga
2324;Ketentuan tataniaga ekspor dan impor sesudah deregulasi;343.087;343;Umum;Umum;91.62;Umum
2326;Komunikasi pengendalian dan komunikasi pengawasan;302.2;302;Umum;Umum;85.64;Umum
2327;Kredit rakyat dimasa depan;332.7;332;Akuntansi;Akuntansi;93.5;Akuntansi
2328;Kunci Penyelesaian soal-soal manajemen keuangan;658.1;658;Administrasi Niaga;Administrasi Niaga;73.68;Administrasi Niaga, Akuntansi
2329;Logging Practices;634.98;634;Umum;Umum;83.66;Umum
2330;Lotus 1-2-3 Release 2.2 :  Quick Reference;006.68;6;Teknik Informatika & Komputer;Teknik Informatika & Komputer;100.0;Teknik Informatika & Komputer
2331;Lotus 1-2-3 Release 2.2 : Reference;006.68;6;Teknik Informatika & Komputer;Teknik Informatika & Komputer;100.0;Teknik Informatika & Komputer
2332;Lotus 1-2-3 Release 2.2 Setting Up 1-2-3, Tutorial, Quic Start and Sample Application;005.369;5;Teknik Informatika & Komputer;Teknik Informatika & Komputer;99.07;Teknik Informatika & Komputer
2333;Macroeconomics;339;339;Administrasi Niaga;Administrasi Niaga;100.0;Administrasi Niaga
2334;Macroeconomics : A Version of Economics;339;339;Administrasi Niaga;Administrasi Niaga;100.0;Administrasi Niaga
2335;Mail Marge untuk WordStar;005.1;5;Teknik Informatika & Komputer;Teknik Informatika & Komputer;100.0;Teknik Informatika & Komputer
2336;Making Technology Work;607.1;607;Teknik Mesin;Teknik Mesin;93.22;Teknik Mesin
2337;Management information system;658.403;658;Administrasi Niaga;Administrasi Niaga;100.0;Administrasi Niaga
2338;Management information system for the information age;658.403;658;Administrasi Niaga;Administrasi Niaga;88.78;Administrasi Niaga
2339;Managing the software proces;005.106 8;5;Teknik Informatika & Komputer;Teknik Informatika & Komputer;83.55;Teknik Informatika & Komputer
2340;Manajemen dan Kebijaksanaan keuangan Perusahaan;658.15;658;Administrasi Niaga;Administrasi Niaga;100.0;Administrasi Niaga
2341;Manajemen Efektif di Tempat Kerja;658.02;658;Administrasi Niaga;Administrasi Niaga;100.0;Administrasi Niaga
2343;Manajemen Kearsipan;651.5;651;Administrasi Niaga;Administrasi Niaga;100.0;Administrasi Niaga
2347;Manajemen Penjualan;658.81;658;Administrasi Niaga;Administrasi Niaga;100.0;Administrasi Niaga
2349;Manajemen Perkreditan : Bagi Bank Komersiil;658.88;658;Administrasi Niaga;Administrasi Niaga;89.86;Administrasi Niaga
2350;Manajemen Kepegawaian 1;6583;658;Administrasi Niaga;Administrasi Niaga;90.61;Administrasi Niaga
2351;Marketing Strategies and Distribution Channels for Foregn Companies in Japan;658.848;658;Administrasi Niaga;Administrasi Niaga;93.95;Administrasi Niaga
2352;Master Electrician's Workbook;621.49;621;Teknik Mesin;Teknik Mesin;70.47;Teknik Mesin, Teknik Elektro
2354;Mekanika tanah dan teknik pondasi;624151;624;Teknik Sipil;Teknik Sipil;100.0;Teknik Sipil
2356;Mempercepat Aplikasi dBase dengan dB Fast;005.72;5;Teknik Informatika & Komputer;Teknik Informatika & Komputer;100.0;Teknik Informatika & Komputer
2357;Mengapa sukses anda terletak dalam angka;658.15;658;Administrasi Niaga;Administrasi Niaga;97.61;Administrasi Niaga
2358;Mengelola Bisnis;658;658;Administrasi Niaga;Administrasi Niaga;100.0;Administrasi Niaga
2359;Menuju masyarakat adil makmur : 70 tahun Prof. Sarbini Sumawinata;302.35;302;Umum;Umum;100.0;Umum
2361;Menyususn Program dengan dbase III Plus;00542;5;Teknik Informatika & Komputer;Teknik Informatika & Komputer;100.0;Teknik Informatika & Komputer
2362;Microcompuers In Education Today : Gary G.Bitter;004.16;4;Teknik Informatika & Komputer;Teknik Informatika & Komputer;89.07;Teknik Informatika & Komputer
2363;Microcomputers in Education Today;004.616;4;Teknik Informatika & Komputer;Teknik Informatika & Komputer;90.95;Teknik Informatika & Komputer
2364;Microeconomics;338.5;338;Administrasi Niaga;Administrasi Niaga;100.0;Administrasi Niaga
2365;Microwave Communications : Components And Circuits;621.380431;621;Teknik Elektro;Teknik Elektro;95.01;Teknik Elektro
2366;Middle East Patterns : Places Peoples, and Politics;915.6;915;Umum;Umum;100.0;Umum
2367;Modern Structured analisys;004.21;4;Teknik Informatika & Komputer;Teknik Informatika & Komputer;99.19;Teknik Informatika & Komputer
2368;New Worlds of Literatur;810.80054;810;Umum;Umum;98.94;Umum
2369;New York Financial markets : The challenges of globalization;332.114;332;Akuntansi;Akuntansi;85.95;Akuntansi
2370;Operational amplifiers and linear integrated circuits : Theory and applications;621.3815;621;Teknik Elektro;Teknik Elektro;82.21;Teknik Elektro
2371;Organisasi dalam praktek;658.402;658;Administrasi Niaga;Administrasi Niaga;100.0;Administrasi Niaga
2372;Oxford Advanced Learner's Dictionary Of Current English;423;423;Umum;Umum;100.0;Umum
2373;Pacific and world studies no.2 Pacific dynamics : The international politics of industrial change;338.099;338;Administrasi Niaga;Administrasi Niaga;63.78;Administrasi Niaga, Umum
2374;Padang Ilalang Di Belakang Rumah : Cerita Kenangan;813;813;Umum;Umum;100.0;Umum
2375;Paduan paket program Wordstar Profesional release 5 ditambah word perfect version 5;005.1;5;Teknik Informatika & Komputer;Teknik Informatika & Komputer;100.0;Teknik Informatika & Komputer
2376;Painting on the PC;760.028;760;Teknik Grafika & Penerbitan;Teknik Grafika & Penerbitan;76.82;Teknik Grafika & Penerbitan, Teknik Informatika & Komputer
2377;Pajak bumi dan bangunan;336.22;336;Akuntansi;Akuntansi;92.73;Akuntansi
2378;Panduan lengkap dan aplikasi wordstar 5.5;005.3;5;Teknik Informatika & Komputer;Teknik Informatika & Komputer;97.12;Teknik Informatika & Komputer
2379;PC Tools Deluxe: Versi 5.1;005.14;5;Teknik Informatika & Komputer;Teknik Informatika & Komputer;100.0;Teknik Informatika & Komputer
2380;Pelajaran Akuntansi Tk dasar 2;657.044;657;Akuntansi;Akuntansi;96.84;Akuntansi
2381;Pemadu Teks dan Gambar INSET dilengkapi penggunaanya pada Wordstar 6.5;005.12;5;Teknik Informatika & Komputer;Teknik Informatika & Komputer;100.0;Teknik Informatika & Komputer
2382;Pemasaran internasional;658.848;658;Administrasi Niaga;Administrasi Niaga;100.0;Administrasi Niaga
2383;Pembinaan dan pengembangan kurikulum di sekolah;375;375;Umum;Umum;100.0;Umum
2384;Pemrograman dasar komputer;005.113;5;Teknik Informatika & Komputer;Teknik Informatika & Komputer;100.0;Teknik Informatika & Komputer
2385;Pemrograman Deklaratif dengan Turbo Prolog 2.0;005.139;5;Teknik Informatika & Komputer;Teknik Informatika & Komputer;98.9;Teknik Informatika & Komputer
2386;Pendayagunaan Sumberdaya Manusia Secara Manusiawi;331.125;331;Administrasi Niaga;Administrasi Niaga;91.62;Administrasi Niaga
2387;Pengantar Ilmu Hukum Pajak;343.04;343;Umum;Umum;100.0;Umum
2388;Pengantar pariwisata;338.4791;338;Administrasi Niaga;Administrasi Niaga;63.76;Administrasi Niaga, Umum
2389;Pengantar Statistika;519.54;519;Matematika;Matematika;96.83;Matematika
2390;Pengantar struktur data;005.73;5;Teknik Informatika & Komputer;Teknik Informatika & Komputer;100.0;Teknik Informatika & Komputer
2393;Penggunaan PC Tools Deluxe: PCShell;005.26;5;Teknik Informatika & Komputer;Teknik Informatika & Komputer;99.34;Teknik Informatika & Komputer
2394;Penilaian Secara Cepat Sumber-Sumber Pencemaran Air, Tanah dan Udara;631.4;631;Umum;Umum;81.69;Umum
2395;Penunutun belajar akuntansi keuangan kanjutan;657.48;657;Akuntansi;Akuntansi;100.0;Akuntansi
2396;Perencanaan beton bertulang;624.135;624;Teknik Sipil;Teknik Sipil;100.0;Teknik Sipil
2397;Perilaku Organisasi : Dr. Winardi, SE;302.35;302;Umum;Umum;91.84;Umum
2398;Perkelahian, olok-olok dan gertakan : cara-cara sederhana yang efektif untuk menolong anak anda;155.4;155;Umum;Umum;90.1;Umum
2399;Physicsl Geography;5514;551;Sains;Sains;86.59;Sains
2400;Pitman business corespondence;428.2;428;Umum;Umum;82.65;Umum, Administrasi Niaga
2401;Power Electronics : Circuits, Devices, and Applications;621.382;621;Teknik Elektro;Teknik Elektro;92.13;Teknik Elektro
2402;Power electronics : Converters, Applications, and design;621.381;621;Teknik Elektro;Teknik Elektro;96.65;Teknik Elektro
2403;Principles of Money, Banking, and Financial Markets;332;332;Akuntansi;Akuntansi;96.15;Akuntansi
2404;Principles of Quality Cntrol;658562;658;Administrasi Niaga;Administrasi Niaga;89.34;Administrasi Niaga
2405;Principles of Quality Control;658562;658;Administrasi Niaga;Administrasi Niaga;100.0;Administrasi Niaga
2406;Prinsip Pemasaran;658.8;658;Administrasi Niaga;Administrasi Niaga;100.0;Administrasi Niaga
2409;Profesi Manajemen;658.4;658;Administrasi Niaga;Administrasi Niaga;100.0;Administrasi Niaga
2410;Programable Logis Controllers;629895;629;Teknik Mesin;Teknik Mesin;83.33;Teknik Mesin, Teknik Informatika & Komputer
2411;Progress in Behavior Modification;153.85;153;Umum;Umum;96.0;Umum
2412;Quinn's Book;813.54;813;Umum;Umum;99.86;Umum
2413;Realitas dalam Manajemen;658.001;658;Administrasi Niaga;Administrasi Niaga;100.0;Administrasi Niaga
2414;Retailing;381.1;381;Administrasi Niaga;Administrasi Niaga;100.0;Administrasi Niaga
2415;Robot Dynamic and Control;929892;929;Umum;Teknik Mesin;57.33;Teknik Mesin, Umum, Teknik Informatika & Komputer
2416;Rock Engineering applications;624.151 32;624;Teknik Sipil;Teknik Sipil;83.39;Teknik Sipil
2417;SAP 90 tm a siries of computer program for the static & dinamic finite element analisys of structures;005.1;5;Teknik Informatika & Komputer;Teknik Informatika & Komputer;69.34;Teknik Informatika & Komputer, Teknik Sipil
2418;Saya Seorang Katolik;282;282;Umum;Umum;100.0;Umum
2419;Seepage, Drainage, And Flow Nets;624.151 36;624;Teknik Sipil;Teknik Sipil;94.18;Teknik Sipil
2420;Sejarah Australia;909.94;909;Umum;Umum;87.68;Umum
2421;Sekretaris Yang Cekatan;651.374;651;Administrasi Niaga;Administrasi Niaga;99.6;Administrasi Niaga
2422;Senyum karyamin;813;813;Umum;Umum;100.0;Umum
2423;Seratus Kiat : Jurus Sukses Kaum Bisnis;6501;650;Administrasi Niaga;Administrasi Niaga;83.5;Administrasi Niaga, Umum
2424;Seri Pengantar komputer bagi sekretaris,Pengantar Komputer dan Dos;005.4;5;Teknik Informatika & Komputer;Teknik Informatika & Komputer;97.58;Teknik Informatika & Komputer
2425;Sistem Informasi Akuntansi;657;657;Akuntansi;Akuntansi;100.0;Akuntansi
2427;Sistem Komputer Akuntansi Audit;657.450285;657;Akuntansi;Akuntansi;93.29;Akuntansi
2428;Sistim Informasi Akuntansi;657.0285;657;Akuntansi;Akuntansi;92.74;Akuntansi
2429;Soal peradilan agama;272.34;272;Umum;Umum;100.0;Umum
2430;Sociology;301;301;Umum;Umum;93.1;Umum
2432;Standar Tata Cara Perencanaan Bangunan MCK Umum;624.45;624;Teknik Sipil;Teknik Sipil;93.14;Teknik Sipil
2434;Statistik Terapan : Untuk Bisnis dan Ekonomi;330.021;330;Administrasi Niaga;Administrasi Niaga;87.88;Administrasi Niaga
2435;Story Board;005.3;5;Teknik Informatika & Komputer;Teknik Informatika & Komputer;100.0;Teknik Informatika & Komputer
2436;Strategi Bersaing  : Teknik Menganalisis Industri dan Pesaing;658401;658;Administrasi Niaga;Administrasi Niaga;95.04;Administrasi Niaga
2437;Strategy Formulation and Implememtation :  Tasks of the General Manager;658.4012;658;Administrasi Niaga;Administrasi Niaga;96.35;Administrasi Niaga
2438;Study Guide Accounting Principles;657;657;Akuntansi;Akuntansi;100.0;Akuntansi
2439;Study Guide Chapters 1-14 for use with Accounting Principles;657.74;657;Akuntansi;Akuntansi;97.94;Akuntansi
2440;Study Guide for Computer and Information Systems;004;4;Teknik Informatika & Komputer;Teknik Informatika & Komputer;100.0;Teknik Informatika & Komputer
2441;Study guide for the economy today;339;339;Administrasi Niaga;Administrasi Niaga;97.66;Administrasi Niaga
2442;Study guide for use with financial accounting concepts and aplications;657.48;657;Akuntansi;Akuntansi;98.43;Akuntansi
2445;System analisys and design merhards;005.1;5;Teknik Informatika & Komputer;Teknik Informatika & Komputer;95.85;Teknik Informatika & Komputer
2446;Tata Cara Perencanaan dan Perancangan Bangunan Radiologi di Rumah Sakit;615.84;615;Umum;Umum;89.44;Umum
2447;Tata cara Perencanaan dan Perancangan Bangunan Radiologi Rumah Sakit;615.84;615;Umum;Umum;90.02;Umum
2448;Technical illustration materials methods and techniques;604.2;604;Teknik Mesin;Teknik Mesin;86.37;Teknik Mesin
2449;Tegangan 1;621.319;621;Teknik Elektro;Teknik Elektro;93.56;Teknik Elektro
2451;Teknik Sumber Daya Air;628162;628;Teknik Sipil;Teknik Sipil;70.93;Teknik Sipil
2452;Tentang dBase IV;005.7565;5;Teknik Informatika & Komputer;Teknik Informatika & Komputer;100.0;Teknik Informatika & Komputer
2454;Teori Akuntansi, Eldon S. Hendriksen;657;657;Akuntansi;Akuntansi;93.57;Akuntansi
2456;Termidinamika Teknik:Beberapa soal dan Penyelesaiannya;621.887;621;Teknik Mesin;Teknik Mesin;95.13;Teknik Mesin
2457;Termodinamika teknik;621.402;621;Teknik Mesin;Teknik Mesin;62.49;Teknik Mesin, Teknik Elektro
2458;Termodinamika Teknik : Beberapa soal dan penyelesaiannya;621.402.1;621;Teknik Mesin;Teknik Mesin;75.43;Teknik Mesin, Teknik Elektro
2459;The ABC's of dBase IV;005.7565;5;Teknik Informatika & Komputer;Teknik Informatika & Komputer;96.34;Teknik Informatika & Komputer
2460;The Act of writing;808.042;808;Umum;Umum;98.21;Umum
2461;The Asphalt Handbook;691.96;691;Teknik Sipil;Teknik Sipil;99.18;Teknik Sipil
2462;The Borzoi Practice Book For Writers;415;415;Umum;Umum;98.4;Umum
2463;The Database Expert's Guide to Ideal;025.04;25;Teknik Informatika & Komputer;Teknik Informatika & Komputer;90.34;Teknik Informatika & Komputer
2464;The Dynamic Earth : An Introduction to Physical Geology;551;551;Sains;Sains;86.57;Sains
2465;The Encyclopedia of the Midqwest;977.003;977;Umum;Umum;89.21;Umum
2466;The Last Spike : The Great Railway 1881-1995;813;813;Umum;Umum;99.0;Umum
2467;The Sentence;428;428;Umum;Umum;92.99;Umum
2468;The world's wasted wealth;338.9;338;Administrasi Niaga;Administrasi Niaga;80.29;Administrasi Niaga, Umum
2469;Transaksi Ekspor impor;351.827 6;351;Umum;Umum;61.16;Umum, Administrasi Niaga
2471;Transformator;621.314;621;Teknik Elektro;Teknik Elektro;95.2;Teknik Elektro
2473;Transportation engineering : Planning and design;629.04;629;Teknik Mesin;Teknik Mesin;84.51;Teknik Mesin
2474;Trigonometry;516.24;516;Matematika;Matematika;96.87;Matematika
2475;Turbo 4.0 Pascal Suplement for Introduction to Pascal and StructureDesign;005.713;5;Teknik Informatika & Komputer;Teknik Informatika & Komputer;98.06;Teknik Informatika & Komputer
2476;Turbo Pascal untuk Pemograman BASIC;005.3;5;Teknik Informatika & Komputer;Teknik Informatika & Komputer;100.0;Teknik Informatika & Komputer
2477;Using Computer;004;4;Teknik Informatika & Komputer;Teknik Informatika & Komputer;100.0;Teknik Informatika & Komputer
2479;Ventura :  desktop publishing;006.868;6;Teknik Informatika & Komputer;Teknik Informatika & Komputer;100.0;Teknik Informatika & Komputer
2480;VLSI Handbook : Silicon, Gallium Arsenide, and Superconductor Circuits;621.381.73;621;Teknik Elektro;Teknik Elektro;100.0;Teknik Elektro
2481;VM Peformance management;658;658;Administrasi Niaga;Administrasi Niaga;100.0;Administrasi Niaga
2482;Willy the curious mouse;428.649;428;Umum;Umum;100.0;Umum
2483;Work Study Theory and Practice;65854;658;Administrasi Niaga;Administrasi Niaga;99.66;Administrasi Niaga
2484;Workbook for Electrical Power;621.31'042;621;Teknik Elektro;Teknik Elektro;100.0;Teknik Elektro
2485;49 Easy electronic projects for transconductance & Norton op Amps;621.395;621;Teknik Elektro;Teknik Elektro;97.85;Teknik Elektro
2486;525 Cara menjadi Manajer yang lebih baik;658.3;658;Administrasi Niaga;Administrasi Niaga;89.38;Administrasi Niaga
2487;Accounting : Principles;657;657;Akuntansi;Akuntansi;95.95;Akuntansi
2488;Activities manual for microprocessors : Principles and applications;005.26;5;Teknik Informatika & Komputer;Teknik Informatika & Komputer;90.98;Teknik Informatika & Komputer
2489;Administrasi Pembangunan;350;350;Umum;Umum;83.3;Umum, Administrasi Niaga
2490;Administrasi pembangunan : Konsep, dimensi dan strateginya;350;350;Umum;Umum;73.86;Umum, Administrasi Niaga
2491;Administrasi personel  untuk peningkatan produktivitas kerja;331.11;331;Administrasi Niaga;Administrasi Niaga;100.0;Administrasi Niaga
2493;Akuntansi Biaya : Pengantar Untuk Perencanaan & Pengendalian Biaya Produksi;657.4201;657;Akuntansi;Akuntansi;99.0;Akuntansi
2496;Akuntansi Terpadu dengan DacEasy Accounting;657.0285;657;Akuntansi;Akuntansi;91.98;Akuntansi
2497;Akunting Manajerial : Managerial Accounting;658.1511;658;Administrasi Niaga;Administrasi Niaga;92.5;Administrasi Niaga
2498;Amazing Models Gravity Power;745.592.8;745;Teknik Grafika & Penerbitan;Teknik Grafika & Penerbitan;71.17;Teknik Grafika & Penerbitan, Teknik Elektro
2499;American Reference Books Annual 1990 Volume 21;810;810;Umum;Umum;86.8;Umum
2500;Analisa Struktur Lanjutan;624.17;624;Teknik Sipil;Teknik Sipil;84.95;Teknik Sipil
2501;Analisis Matematika : Penerapan bisnis dan ekonomi;515.2;515;Matematika;Matematika;91.24;Matematika
2502;Analisis Perancangan Gedung Tahan Gempa;69385;693;Teknik Sipil;Teknik Sipil;95.71;Teknik Sipil
2504;Analisis Struktur Lanjutan;624.17;624;Teknik Sipil;Teknik Sipil;90.1;Teknik Sipil
2505;Aplikasi Akuntansi Manajemen Dalam Praktek Perbankan;658.1511;658;Administrasi Niaga;Administrasi Niaga;84.72;Administrasi Niaga, Akuntansi
2506;Applications in basic marketing : Clippings from the popular business press;657;657;Akuntansi;Akuntansi;65.93;Akuntansi, Administrasi Niaga
2508;Asas-Asas Manajemen;658;658;Administrasi Niaga;Administrasi Niaga;100.0;Administrasi Niaga
2510;Aspek-aspek Pidana di Bidang Ekonomi;345026;345;Umum;Umum;91.33;Umum
2512;Atlas Dunia;912;912;Umum;Umum;82.58;Umum
2514;Auditing : Suatu Pendekatan Terpadu;65745;657;Akuntansi;Akuntansi;95.05;Akuntansi
2515;Auditing II;657.45;657;Akuntansi;Akuntansi;100.0;Akuntansi
2517;Australian Management Dictionary;658.003;658;Administrasi Niaga;Administrasi Niaga;99.21;Administrasi Niaga
2518;Auto mechanics fundamentals;629.23;629;Teknik Mesin;Teknik Mesin;100.0;Teknik Mesin
2519;Back Health Program;363.11;363;Umum;Umum;96.29;Umum
2520;Bagaimana Membuat Pidato atau Presentasi yang Efektif;302.2242;302;Umum;Umum;97.11;Umum
2521;Bagaimana Mendelegasikan Secara Efektif;658409;658;Administrasi Niaga;Administrasi Niaga;97.52;Administrasi Niaga
2523;Basic electric circuit analisys;621.3815;621;Teknik Elektro;Teknik Elektro;99.39;Teknik Elektro
2524;Basic Marketing : A Managerial Approach;658.8;658;Administrasi Niaga;Administrasi Niaga;100.0;Administrasi Niaga
2525;Batam : Step by step guide for investors;332.678;332;Akuntansi;Akuntansi;75.01;Akuntansi, Administrasi Niaga
2526;Berbicara : Sebagai Suatu Ketrampilan Berbahasa;41152;411;Umum;Umum;97.34;Umum
2527;Berhitung dan Bermain dengan MathCAD;005.369;5;Teknik Informatika & Komputer;Teknik Informatika & Komputer;84.78;Teknik Informatika & Komputer, Matematika
2528;Beton Bertulang : Suatu Pendekatan Dasar;6915;691;Teknik Sipil;Teknik Sipil;86.42;Teknik Sipil
2529;Beton bertulang : Suatu pengantar;691.3;691;Teknik Sipil;Teknik Sipil;97.15;Teknik Sipil
2530;Blueprint Reading for contruction : Residential and Commersial;692;692;Teknik Sipil;Teknik Sipil;78.52;Teknik Sipil, Teknik Mesin
2531;Bola Volley :  Pembinaan Teknik, Taktik dan Kondisi;796.325;796;Umum;Umum;90.97;Umum
2532;Bola volly : Belajar dan berlatih sambil bermain;776.325;776;Teknik Grafika & Penerbitan;Teknik Grafika & Penerbitan;73.05;Teknik Grafika & Penerbitan, Umum
2533;Budgeting : Perencanaan Kerja Pengkoordinasian Kerja Pengawasan Kerja;658.154;658;Administrasi Niaga;Administrasi Niaga;100.0;Administrasi Niaga
2534;Buku Data IC OP-AMP :  dan Rangkaian-Rangkaian Op-AMP;001.6;1;Teknik Informatika & Komputer;Teknik Informatika & Komputer;74.42;Teknik Informatika & Komputer, Teknik Elektro
2535;Cara Cepat Menguasai Database III Plus;005.6575;5;Teknik Informatika & Komputer;Teknik Informatika & Komputer;100.0;Teknik Informatika & Komputer
2536;College algebra;512.071;512;Matematika;Matematika;89.97;Matematika
2537;Computer numerical control;621.902 3;621;Teknik Mesin;Teknik Mesin;89.57;Teknik Mesin
2539;Computers As Friends;428.649922;428;Umum;Umum;84.7;Umum
2540;Contoh-contoh Kontrak, Rekes & Surat Resmi Sehari-hari jilid 1;346.02;346;Umum;Umum;73.14;Umum, Administrasi Niaga
2542;Cut Meutia, the brave pearl of Aceh;428.6499;428;Umum;Umum;100.0;Umum
2543;Dasar Metalurgi : Untuk Rekayasawan;669;669;Teknik Sipil;Teknik Sipil;97.07;Teknik Sipil
2544;Dasar-dasar Teori Ekonomi Mikro;338.5;338;Administrasi Niaga;Administrasi Niaga;96.92;Administrasi Niaga
2545;dBase IV : Advancing the worldwide standard in data management and application development;005.7565;5;Teknik Informatika & Komputer;Teknik Informatika & Komputer;96.64;Teknik Informatika & Komputer
2546;Desain baja konstruksi;693.70;693;Teknik Sipil;Teknik Sipil;100.0;Teknik Sipil
2547;Digital satelite communications;621.82;621;Teknik Mesin;Teknik Mesin;61.89;Teknik Mesin, Teknik Elektro
2548;DigitalCircuit;6213815;621;Teknik Elektro;Teknik Elektro;100.0;Teknik Elektro
2549;Digitals Circuits;621.3815;621;Teknik Elektro;Teknik Elektro;99.83;Teknik Elektro
2551;Don't Just Bake Cookies  : A Handbook to Creative Volunteering in the Elementary School;372.5;372;Umum;Umum;90.51;Umum
2552;Easy Electronic Projects for Transconductance & Norton Op Amps;621395;621;Teknik Elektro;Teknik Elektro;98.71;Teknik Elektro
2553;Easy Flow;005.369;5;Teknik Informatika & Komputer;Teknik Informatika & Komputer;92.2;Teknik Informatika & Komputer
2554;Economics : Study Guide;330;330;Administrasi Niaga;Administrasi Niaga;97.99;Administrasi Niaga
2555;Economics in the news;330.05;330;Administrasi Niaga;Administrasi Niaga;87.68;Administrasi Niaga
2557;Ekonomi perusahaan : Konsep-konsep dan praktek-praktek sezaman;338.7;338;Administrasi Niaga;Administrasi Niaga;98.42;Administrasi Niaga
2559;Electronic Troubleshooting;621.381.028'8;621;Teknik Elektro;Teknik Elektro;95.48;Teknik Elektro
2562;Elektromagnetika Teknologi jilid 2;621.3;621;Teknik Elektro;Teknik Elektro;96.83;Teknik Elektro
2566;Energi : Sumber Daya, Inovasi, Tenaga Listrik, Potensi Ekonomi;339.79;339;Administrasi Niaga;Administrasi Niaga;74.54;Administrasi Niaga
2567;Engineering Formulas;620.002;620;Teknik Mesin;Teknik Mesin;80.7;Teknik Mesin
2568;English for Spesific Purposes : Dialogues for Secretaries semester 2;428.651;428;Umum;Umum;99.73;Umum
2569;English for Spesific Purposes Dialogues for Secretaries;428.651;428;Umum;Umum;91.3;Umum
2571;Ensiklopedi Indonesia : AFRIKA;912;912;Umum;Umum;95.68;Umum
2572;Ensiklopedi Indonesia : AMERIKA;910.021;910;Umum;Umum;100.0;Umum
2573;Ensiklopedi Indonesia : AUSTRALIA OSEANIA;910.021;910;Umum;Umum;95.88;Umum
2575;Ensiklopedi Indonesia : EROPA;910.021;910;Umum;Umum;100.0;Umum
2579;Ensiklopedi Nasional Indonesia jilid 1;030.99221;30;Umum;Umum;100.0;Umum
2581;Ensiklopedi Nasional Indonesia jilid 11;030.99221;30;Umum;Umum;99.66;Umum
2583;Ensiklopedi Nasional Indonesia jilid 7;030.99221;30;Umum;Umum;100.0;Umum
2584;Ensiklopedi Nasional Indonesia jilid 9;030.99221;30;Umum;Umum;90.95;Umum
2586;Ensiklopedia Indonesia : ASIA;910.021;910;Umum;Umum;92.87;Umum
2587;Equine Indoscopy;636.1;636;Umum;Umum;98.01;Umum
2588;Etika dalam perusahaan : Pedoman untuk manajer;174.4;174;Umum;Umum;85.99;Umum
2589;Facts On File National Profiles : Australia and New Zealand;993;993;Umum;Umum;100.0;Umum
2590;Favourite stories from Hong Kong;428.649;428;Umum;Umum;100.0;Umum
2591;First Thing First : New Concept English;428;428;Umum;Umum;100.0;Umum
2592;First things first : an integrated course for beginners;428;428;Umum;Umum;95.97;Umum
2596;Fisika Modern;530;530;Teknik Elektro;Teknik Elektro;97.71;Teknik Elektro
2599;Fith International Symposium on Pre-Harvest Sprouting in Cereals;633.10456;633;Umum;Umum;89.47;Umum
2600;Foxbase + : Software database mikrokomputer;005.7565;5;Teknik Informatika & Komputer;Teknik Informatika & Komputer;100.0;Teknik Informatika & Komputer
2601;Geografi Pariwisata;910.91;910;Umum;Umum;100.0;Umum
2602;Glencoe Algebra 2 with trigonometry;512.071;512;Matematika;Matematika;98.52;Matematika
2603;Global jurnal politik internasional : Normalisasi langkah pertama perjalanan seribu LI politik luar negeri Cina kini dan esok;327;327;Umum;Umum;89.97;Umum
2604;Global Order : Values and Power in International Politics;909.829;909;Umum;Umum;100.0;Umum
2605;Goverment Refernce Books 88/89;005.73;5;Teknik Informatika & Komputer;Teknik Informatika & Komputer;83.96;Teknik Informatika & Komputer, Umum
2606;Growing Up With Science : The Illustrated Encyclopedia Invention volume 17;503.21;503;Sains;Sains;100.0;Sains
2607;Growing Up With Science : The Illustrated Encyclopedia of Invention volume 10;503.21;503;Sains;Sains;95.86;Sains
2609;Growing Up With Science : The Illustrated Encyclopedia of Invention Volume 13;503.21.;503;Sains;Sains;99.44;Sains
2610;Growing Up With Science : The Illustrated Encyclopedia of Invention Volume 14;503.21;503;Sains;Sains;85.96;Sains
2611;Growing Up With Science : The Illustrated Encyclopedia of Invention Volume 15;503.21.;503;Sains;Sains;100.0;Sains
2612;Growing Up With Science : The Illustrated Encyclopedia of Invention volume 18;503.21;503;Sains;Sains;92.14;Sains
2613;growing Up With Science : The Illustrated Encyclopedia of Invention volume 19;503.21;503;Sains;Sains;92.09;Sains
2614;Growing Up With Science : The Illustrated Encyclopedia of Invention volume 20;503.21;503;Sains;Sains;100.0;Sains
2615;Growing Up With Science : The Illustrated Encyclopedia of Invention volume 21;503.21;503;Sains;Sains;98.37;Sains
2617;Growing Up With Science : The Illustrated Encyclopedia of Invention volume 24;503.21;503;Sains;Sains;94.81;Sains
2618;Growing Up With Science : The Illustrated Encyclopedia of Invention volume 25;503.21;503;Sains;Sains;96.91;Sains
2619;Growing Up With Science : The Illustrated Encyclopedia of Invention volume 26;503.21;503;Sains;Sains;96.18;Sains
2620;Growing Up With Science : The illustrated Encyclopedia of Invention volume 27;503.21;503;Sains;Sains;99.54;Sains
2621;Growing Up With Science : The Illustrated Encyclopedia of Invention volume 28;503.21;503;Sains;Sains;99.8;Sains
2622;Growing Up With Science : The Illustrated Encyclopedia of Invention volume 3;503.21;503;Sains;Sains;100.0;Sains
2623;Growing Up With Science : The Illustrated Encyclopedia of Invention volume 5;503.21;503;Sains;Sains;95.15;Sains
2624;Growing Up With Science : The Illustrated Encyclopedia of Invention volume 6;503.21;503;Sains;Sains;91.48;Sains
2625;Growing Up With Science : The Illustrated Encyclopedia of Invention volume 7;503.21;503;Sains;Sains;94.66;Sains
2626;Growing Up With Science : The Illustrated Encyclopedia of Invention volume 8;503.21;503;Sains;Sains;94.41;Sains
2627;Growing Up With Science : The Illustrated Encyclopedia of Invention volume 9;503.21;503;Sains;Sains;92.36;Sains
2628;Growing Up With Science : The Illustrated Encyclopedia of Inventionvolume 2;503.21;503;Sains;Sains;97.83;Sains
2629;Growing up With Science : The Ilustrated Encyclopedia of Invention volume 12;503.21;503;Sains;Sains;100.0;Sains
2630;Growing Up Withh Science : The Illustrated Encyclopedia Invention volume 4;503.21;503;Sains;Sains;99.53;Sains
2631;Guide to Oracle;005.74;5;Teknik Informatika & Komputer;Teknik Informatika & Komputer;100.0;Teknik Informatika & Komputer
2632;Hazards at Work : Health, Safety and Welfare in Australian workplace;36311;363;Umum;Umum;97.08;Umum
2633;heck it : PC diagnostic software version 3.0;005.11;5;Teknik Informatika & Komputer;Teknik Informatika & Komputer;99.5;Teknik Informatika & Komputer
2634;Hidrologi untuk perencanaan bangunan air;551.48;551;Sains;Sains;80.83;Sains, Teknik Sipil
2635;Humor yang Sehat di Tempat Kerja : Tanggapilah pekerjaan anda secara serius dan diri anda secara santai;658.314;658;Administrasi Niaga;Administrasi Niaga;100.0;Administrasi Niaga
2636;Hydrology and water quantity control;551.48;551;Sains;Sains;79.72;Sains, Teknik Sipil
2637;IBM PC : Memakai komputer mikro;004.16;4;Teknik Informatika & Komputer;Teknik Informatika & Komputer;97.85;Teknik Informatika & Komputer
2638;Ilmu Ekonomi (Aspek-Aspek Sejarahnya);330.09;330;Administrasi Niaga;Administrasi Niaga;93.48;Administrasi Niaga
2639;Ilmu ekonomi dan aspek metodologisnya;330;330;Administrasi Niaga;Administrasi Niaga;86.27;Administrasi Niaga
2640;Ilmu Kimia Analitik Dasar;543;543;Teknik Sipil;Teknik Sipil;90.04;Teknik Sipil
2641;In the shadows of the sun : Caribbean Development Alternatives and U.S. Policy;330.972;330;Administrasi Niaga;Administrasi Niaga;80.35;Administrasi Niaga, Umum
2642;Indonesia The Industrial and technological challenge;6585980905;658;Administrasi Niaga;Administrasi Niaga;100.0;Administrasi Niaga
2643;Industrial Electronics : A text Lab Manual;621.381 078;621;Teknik Elektro;Teknik Elektro;100.0;Teknik Elektro
2644;Industrial elektronics : A Text-Lab Manual;621.381;621;Teknik Elektro;Teknik Elektro;100.0;Teknik Elektro
2645;Industrial Motor Control Fundamentals;621.46;621;Teknik Mesin;Teknik Mesin;81.47;Teknik Mesin, Teknik Informatika & Komputer
2646;Information Systems Control And Audit;658.4038;658;Administrasi Niaga;Administrasi Niaga;75.25;Administrasi Niaga
2647;Information Transmission, Modulation and Noise;621.382;621;Teknik Elektro;Teknik Elektro;94.83;Teknik Elektro
2648;Instalasi;690;690;Teknik Sipil;Teknik Sipil;92.9;Teknik Sipil
2649;Installation Instructions;0040285;4;Teknik Informatika & Komputer;Teknik Informatika & Komputer;96.16;Teknik Informatika & Komputer
2650;Instant business letters;651.74;651;Administrasi Niaga;Administrasi Niaga;92.52;Administrasi Niaga
2652;Instructor's Guide and Answer Key for Use With Blueprint reading for Construction Residential and Comercial;692.1;692;Teknik Sipil;Teknik Sipil;94.68;Teknik Sipil
2653;Instructor's Guide for Telecommunication : A Text-Lab Manual;621.3692;621;Teknik Elektro;Teknik Elektro;91.84;Teknik Elektro
2654;Instructor's Manual Industrial Motor Control Fundamentals;621.46;621;Teknik Mesin;Teknik Mesin;81.2;Teknik Mesin, Teknik Informatika & Komputer
2656;Intifida : The Palestinian Uprising;956.953044;956;Umum;Umum;100.0;Umum
2657;Investasi Asing dan Industri di Indonesia;332.673.095.98;332;Akuntansi;Akuntansi;91.24;Akuntansi
2658;Jembatan;624.2;624;Teknik Sipil;Teknik Sipil;100.0;Teknik Sipil
2661;Kamus Indonesia - Jepang;413.956;413;Umum;Umum;100.0;Umum
2662;Kamus Istilah Elektronika;621.381;621;Teknik Elektro;Teknik Elektro;98.94;Teknik Elektro
2663;Kamus Istilah Indonesia : Bahasa Indonesia - Deutsch - English;510.03;510;Matematika;Matematika;83.9;Matematika, Umum
2664;Kamus Istilah Matematika : Bahasa Indonesia - Deutsch - English.;510.03;510;Matematika;Matematika;84.59;Matematika, Umum
2665;Kamus Populer Synonyms and Antonyms;423.992;423;Umum;Umum;98.94;Umum
2666;Kamus Teknik Elektronika;621.381;621;Teknik Elektro;Teknik Elektro;92.72;Teknik Elektro
2667;Kebijaksanaan Perusahaan Business Policy : Konsep Dasar dan Studi Kasus;658.401;658;Administrasi Niaga;Administrasi Niaga;100.0;Administrasi Niaga
2668;Kekhawatiran dan Ketakutan;649.6;649;Umum;Umum;100.0;Umum
2669;Kepemimpinan : Strategi Dalam Mengemban Tanggung Jawab;658.4;658;Administrasi Niaga;Administrasi Niaga;72.64;Administrasi Niaga, Umum
2670;Kerangka bertingkat banyak;624.177;624;Teknik Sipil;Teknik Sipil;95.61;Teknik Sipil
2671;Keterampilan Berkomunikasi;302.2;302;Umum;Umum;83.79;Umum, Administrasi Niaga
2672;Ketika hati harus memilih : kisah seorang anak manusia yang bergulat untuk menemukan makna kebahagiaan;813;813;Umum;Umum;100.0;Umum
2673;Kimia fisik dan soal-soal;541.307;541;Teknik Sipil;Teknik Sipil;82.5;Teknik Sipil
2674;Kompendium ekonomika terutama untuk para nonekonom : Ekonomika makro-moneter dan perbankan;330;330;Administrasi Niaga;Administrasi Niaga;87.99;Administrasi Niaga
2675;Komunikasi Bisnis Untuk Sekretaris;657.7;657;Akuntansi;Akuntansi;82.71;Akuntansi, Administrasi Niaga
2680;Langkah Praktis Menuju Sukses;646.7;646;Umum;Umum;69.88;Umum, Administrasi Niaga
2681;Laporan Tahunan Bank Bumi Daya;332.0681;332;Akuntansi;Akuntansi;100.0;Akuntansi
2682;Large Animal Ophthalmology;636.08947;636;Umum;Umum;96.6;Umum
2683;Lotus 1.2.3 Untuk Bisnis;005.713;5;Teknik Informatika & Komputer;Teknik Informatika & Komputer;98.71;Teknik Informatika & Komputer
2684;Macroeconomics : Principles, problems, and policies;339;339;Administrasi Niaga;Administrasi Niaga;96.31;Administrasi Niaga
2685;Mahir dalam manajemen;658;658;Administrasi Niaga;Administrasi Niaga;100.0;Administrasi Niaga
2686;Making histories and contructing human geographies : The local transformation of practice, power relations, and consciousness;304.3;304;Umum;Umum;100.0;Umum
2687;Management Information Systems : A Managerial End User Perspective;658.4038;658;Administrasi Niaga;Administrasi Niaga;100.0;Administrasi Niaga
2688;Managing the Design-Manufacturing Process;6585752;658;Administrasi Niaga;Administrasi Niaga;93.32;Administrasi Niaga
2689;Managing The Dynamics of New Technology;658.524;658;Administrasi Niaga;Administrasi Niaga;100.0;Administrasi Niaga
2690;Manajemen Modern : Konsep dan Aplikasi;658;658;Administrasi Niaga;Administrasi Niaga;100.0;Administrasi Niaga
2691;Manajemen Mutakhir;658;658;Administrasi Niaga;Administrasi Niaga;100.0;Administrasi Niaga
2692;Manajemen orang : Manajemen Bisnis;658.31;658;Administrasi Niaga;Administrasi Niaga;100.0;Administrasi Niaga
2693;Manajemen Pemasaran Modern;658.8;658;Administrasi Niaga;Administrasi Niaga;100.0;Administrasi Niaga
2694;Manajemen Strategi dan Kebijaksanaan Bisnis;658;658;Administrasi Niaga;Administrasi Niaga;100.0;Administrasi Niaga
2695;Manajemen Waktu : Suatu Pedoman Pengelolaan Waktu Yang Efektif dan Produktif;650.1;650;Administrasi Niaga;Administrasi Niaga;83.76;Administrasi Niaga
2696;Manajemen Waktu yang Efektif;650.1;650;Administrasi Niaga;Administrasi Niaga;100.0;Administrasi Niaga
2697;Manajemen Waktu: Suatu Pedoman Pengelolaan Waktu Yang efektif dan Produktif;658.1;658;Administrasi Niaga;Administrasi Niaga;100.0;Administrasi Niaga
2698;Masa Pensiun yang Bahagia;658;658;Administrasi Niaga;Administrasi Niaga;83.22;Administrasi Niaga, Umum
2700;Math for welders;513.0886;513;Matematika;Matematika;87.37;Matematika
2701;Mechanics of Materials;620.11;620;Teknik Mesin;Teknik Mesin;82.45;Teknik Mesin, Teknik Sipil
2702;Megatrends 2000 : Sepuluh Arah Baru untuk Tahun 1990-an;658.4;658;Administrasi Niaga;Administrasi Niaga;100.0;Administrasi Niaga
2705;Mekanika Tanah & Teknik Pondasi;624.15;624;Teknik Sipil;Teknik Sipil;100.0;Teknik Sipil
2707;Memberi & Menerima kritik : Kunci menuju keberhasilan antarpribadi;658;658;Administrasi Niaga;Administrasi Niaga;92.28;Administrasi Niaga
2708;Memberi dan menerima kritik : Teknik-teknik praktis untuk keefektifan hubungan antarpribadi;6583145;658;Administrasi Niaga;Administrasi Niaga;82.58;Administrasi Niaga, Umum
2709;Memimpin, Meningkatkan, atau Menyingkir : Strategi Kepemimpinan untuk Manajer yang ultra Modern;6583;658;Administrasi Niaga;Administrasi Niaga;91.17;Administrasi Niaga
2710;Memperbaiki Ketrampilan Manajemen anda;658.3;658;Administrasi Niaga;Administrasi Niaga;94.51;Administrasi Niaga
2711;Mengembangkan bakat anak sejak lahir;153;153;Umum;Umum;99.41;Umum
2712;Mengenal virus komputer;00516;5;Teknik Informatika & Komputer;Teknik Informatika & Komputer;100.0;Teknik Informatika & Komputer
2713;Menggambar dan Menulis Praktis dengan Fontasi;006.68;6;Teknik Informatika & Komputer;Teknik Informatika & Komputer;89.7;Teknik Informatika & Komputer
2714;Menggunakan Autocad;005;5;Teknik Informatika & Komputer;Teknik Informatika & Komputer;85.88;Teknik Informatika & Komputer
2716;Menggunakan Symphony;005.7565;5;Teknik Informatika & Komputer;Teknik Informatika & Komputer;100.0;Teknik Informatika & Komputer
2717;Menggunakan sympony;005.7565;5;Teknik Informatika & Komputer;Teknik Informatika & Komputer;98.11;Teknik Informatika & Komputer
2718;Menguasai novel netware;004.68;4;Teknik Informatika & Komputer;Teknik Informatika & Komputer;97.56;Teknik Informatika & Komputer
2719;Mengukur Efektivitas Pelatihan;658312404;658;Administrasi Niaga;Administrasi Niaga;89.06;Administrasi Niaga
2720;Menyusun program dengan dbase III plus : Sebuah petunjuk menuju penyusunan program aplikasi;005.7565;5;Teknik Informatika & Komputer;Teknik Informatika & Komputer;100.0;Teknik Informatika & Komputer
2721;Merancang dan merencana lapangan terbang;629.136;629;Teknik Mesin;Teknik Mesin;80.16;Teknik Mesin
2722;Merancang, Merencana Lapangan Terbang;629.136;629;Teknik Mesin;Teknik Mesin;77.18;Teknik Mesin
2723;Merangkai macro lotus symphony;005.369;5;Teknik Informatika & Komputer;Teknik Informatika & Komputer;100.0;Teknik Informatika & Komputer
2724;Messages : The Washington Post media companion;302.23;302;Umum;Umum;93.01;Umum
2726;Metode Pengujian Bentuk dan Sifat Tampak Pipa PVC untuk air Minum;696;696;Teknik Sipil;Teknik Sipil;100.0;Teknik Sipil
2727;Microcomputer Facilities in School;371.334;371;Umum;Umum;83.77;Umum, Teknik Informatika & Komputer
2728;Microwave devices and circuits;621.381 3;621;Teknik Elektro;Teknik Elektro;96.84;Teknik Elektro
2729;Mobilisasi dana dalam era deregulasi;389.58;389;Administrasi Niaga;Administrasi Niaga;76.4;Administrasi Niaga, Akuntansi
2731;Money Madness : Strange manias and extraordinary schemes on and off wall street;332.6097;332;Akuntansi;Akuntansi;84.55;Akuntansi
2732;Moscow 2042;891.7344;891;Umum;Umum;99.29;Umum
2733;Motivasi Kerja Yang Berhasil;658.314;658;Administrasi Niaga;Administrasi Niaga;100.0;Administrasi Niaga
2734;Motivasi Kerja Yang Berhasil : Memotivasi Pegawai untuk memberikan yang terbaik;658.314;658;Administrasi Niaga;Administrasi Niaga;100.0;Administrasi Niaga
2735;Negosiasi yang berhasil;302.3;302;Umum;Umum;81.8;Umum, Administrasi Niaga
2738;Norma Pemeriksaan Akuntansi;65745;657;Akuntansi;Akuntansi;95.01;Akuntansi
2739;Occupational Health and Safety;36311;363;Umum;Umum;91.27;Umum
2740;Pajak citra dan bebannya pokok pemikiran;336.201;336;Akuntansi;Akuntansi;88.75;Akuntansi
2741;Pandai Masak 2;641.5;641;Umum;Umum;92.67;Umum
2742;PC Tools Desktop;005.26;5;Teknik Informatika & Komputer;Teknik Informatika & Komputer;100.0;Teknik Informatika & Komputer
2743;PC-Tools Deluxe Versi 6.0;005.26;5;Teknik Informatika & Komputer;Teknik Informatika & Komputer;100.0;Teknik Informatika & Komputer
2744;Pedoman Analisis Jabatan dan Pemanfaatan Hasilnya;65831;658;Administrasi Niaga;Administrasi Niaga;94.51;Administrasi Niaga
2745;Pedoman dBase III Plus;005.7565;5;Teknik Informatika & Komputer;Teknik Informatika & Komputer;100.0;Teknik Informatika & Komputer
2747;Pedoman Kerja Manajer : Panduan Praktis Untuk Manajemen Yang Sukses;658.405;658;Administrasi Niaga;Administrasi Niaga;100.0;Administrasi Niaga
2748;Pedoman Pemakaian Quatro Pro;005.369;5;Teknik Informatika & Komputer;Teknik Informatika & Komputer;100.0;Teknik Informatika & Komputer
2749;Pelayanan Pelanggan yang bermutu : Seni memperlakukan pelanggan sebagai tamu;658.312;658;Administrasi Niaga;Administrasi Niaga;100.0;Administrasi Niaga
2750;Peluang dan tantangan Eropa 1992 : Riset cecchini fakta & Statistik resmi;658.848;658;Administrasi Niaga;Administrasi Niaga;86.13;Administrasi Niaga
2751;Pembelanjaan Pengantar Managemen Keuangan;658.1;658;Administrasi Niaga;Administrasi Niaga;100.0;Administrasi Niaga
2752;Pemeriksaan Akuntan : Auditing faktor-faktor yang mempengaruhi independensi penampilan akuntan publik suatu hasil penelitian empiris di Indonesia;657;657;Akuntansi;Akuntansi;93.78;Akuntansi
2753;Pemeriksaan dan pengujian komputer pribadi melalui Qaplus;005.30287;5;Teknik Informatika & Komputer;Teknik Informatika & Komputer;89.67;Teknik Informatika & Komputer
2754;Pemimpin yang Berpusat pada Tindakan;658;658;Administrasi Niaga;Administrasi Niaga;87.5;Administrasi Niaga
2755;Pendidikan Agama islam Untuk Mahasiswa;297.8;297;Umum;Umum;98.06;Umum
2758;Pendidikan Moral : Suatu Studi Teori dan Aplikasi sosiologi Pendidikan;570.114;570;Sains;Sains;71.96;Sains, Umum
2759;Pendidikan moral suatu studi teori dan...;370.114;370;Umum;Umum;99.32;Umum
2760;Pengantar ekonomi mikro;339;339;Administrasi Niaga;Administrasi Niaga;99.55;Administrasi Niaga
2761;Pengantar ilmu pariwisata;910.2;910;Umum;Umum;67.69;Umum, Administrasi Niaga
2762;Pengantar mikroekonomi;338.178;338;Administrasi Niaga;Administrasi Niaga;90.69;Administrasi Niaga
2763;Pengantar penelitian ilmiah : Dasar, metode dan teknik;001.4072;1;Teknik Informatika & Komputer;Teknik Informatika & Komputer;96.97;Teknik Informatika & Komputer
2764;Pengantar Portran77 dan komputer pribadi;005.13;5;Teknik Informatika & Komputer;Teknik Informatika & Komputer;100.0;Teknik Informatika & Komputer
2765;Pengantar tentang Pasar Modal di Indonesia;332.642.98;332;Akuntansi;Akuntansi;94.63;Akuntansi
2766;Pengelolaan Usaha;658;658;Administrasi Niaga;Administrasi Niaga;100.0;Administrasi Niaga
2767;Pengembangan TIM : Latihan dalam Kepemimpinan;658.409;658;Administrasi Niaga;Administrasi Niaga;96.63;Administrasi Niaga
2768;Pengetahuan anggaran belanja negara rutin dan pembangunan;353.007;353;Umum;Umum;92.3;Umum
2769;Pengetahuan anggaran belanja negera : rutin dan   pembangunan;353.00722;353;Umum;Umum;94.68;Umum
2770;Pengetahuan Praktis Kesehatan dalam Olahraga 2;613.7;613;Umum;Umum;94.23;Umum
2771;Penimbangan prestasi yang efektif;658.31;658;Administrasi Niaga;Administrasi Niaga;97.36;Administrasi Niaga
2773;Peningkatan dan Pengembangan Pendidikan;371.3;371;Umum;Umum;94.35;Umum
2774;Peningkatan Produktivitas Terpadu : PPT atau pengendalian mutu terpadu (PMT) yang disesuaikan dengan kondisi indonesia berikut persyaratan pokok pelaksanaan dan kaitannya dengan pengawasan melekat (WASKAT);658315;658;Administrasi Niaga;Administrasi Niaga;79.59;Administrasi Niaga
2775;Penuntun jabatan : Paduan memilih jabatan;331.702;331;Administrasi Niaga;Administrasi Niaga;77.44;Administrasi Niaga, Umum
2776;People's reactions to technology : In factories, offices, and aerospace;338.45;338;Administrasi Niaga;Administrasi Niaga;60.89;Administrasi Niaga, Umum
2777;Peradilan tata usaha negera;342;342;Umum;Umum;93.9;Umum
2778;Peranan Bank Komersial : Di Dunia Ketiga;332.17;332;Akuntansi;Akuntansi;100.0;Akuntansi
2779;Perilaku yang Buruk;649.6;649;Umum;Umum;92.96;Umum
2784;Perubahan politik di negara-negara eropa timur;320;320;Umum;Umum;93.97;Umum
2785;Political returns : Irony in politics and theory from plato to the antinuclear movement;320.504;320;Umum;Umum;100.0;Umum
2786;Principle of Accountingvolume 2 Version A;657;657;Akuntansi;Akuntansi;100.0;Akuntansi
2787;Principles of Accounting : volume 1;657;657;Akuntansi;Akuntansi;96.53;Akuntansi
2789;Prinsip-prinsip Network Planning;658.403;658;Administrasi Niaga;Administrasi Niaga;98.95;Administrasi Niaga
2790;Processes of Manufacturing;670.42;670;Teknik Mesin;Teknik Mesin;88.8;Teknik Mesin
2791;Profil Kesehatan Indonesia 1990;351.770.212;351;Umum;Umum;99.24;Umum
2792;Prolog : Programming For Artificial Intelligence;009.039;9;Teknik Informatika & Komputer;Teknik Informatika & Komputer;89.95;Teknik Informatika & Komputer
2793;Psikologi Penjualan;658.85;658;Administrasi Niaga;Administrasi Niaga;85.5;Administrasi Niaga
2794;Putri And The Snake;428.649922;428;Umum;Umum;99.76;Umum
2795;QicckStart Ventura Publisher 2.0;005.3;5;Teknik Informatika & Komputer;Teknik Informatika & Komputer;100.0;Teknik Informatika & Komputer
2796;Rangkaian Mikro Elertronika;621.381;621;Teknik Elektro;Teknik Elektro;100.0;Teknik Elektro
2797;Rangkaian, Piranti, dan Sistem;621.381 5;621;Teknik Elektro;Teknik Elektro;100.0;Teknik Elektro
2798;Retret Untuk Mahasiswa :  diutus menjadi saksi Kristus;241.5;241;Umum;Umum;100.0;Umum
2799;Rhizosphere dynamics;574.526;574;Sains;Sains;80.79;Sains, Umum
2800;Sebuah Lorong Di Kotaku : Cerita Kenangan;813;813;Umum;Umum;100.0;Umum
2801;Seni Berkomunikasi : Menjalin hubungan yang lebih harmonis antar perorangan dalam bisnis;302.2;302;Umum;Umum;90.15;Umum
2802;Seni Menggayakan Kalimat : Bagaimana mengembangkan, mengefektifkan dan mencitarasakan kalimat;410;410;Umum;Umum;84.12;Umum
2803;Seni Menjual;658.85;658;Administrasi Niaga;Administrasi Niaga;100.0;Administrasi Niaga
2804;Sepuluh arah baru untuk tahun 1990-an : Megatrens 2000;330.02;330;Administrasi Niaga;Administrasi Niaga;99.93;Administrasi Niaga
2805;Sistem Komputer Akuntansi Fixed Asset;657.453;657;Akuntansi;Akuntansi;86.19;Akuntansi
2806;Sistem komputer akuntansi payroll;657.450;657;Akuntansi;Akuntansi;93.61;Akuntansi
2807;Sistem Komputer Manajemen LINDO;658.05;658;Administrasi Niaga;Administrasi Niaga;100.0;Administrasi Niaga
2808;Sistem Pengendalian Manajemen : Robert N. Anthony ... (et.al);658.401;658;Administrasi Niaga;Administrasi Niaga;91.43;Administrasi Niaga
2809;Sistem Perbankan dalam Islam;297.65;297;Umum;Umum;85.55;Umum
2810;Sistem perekonomian menurut pancasila dan UUD 45;330.9;330;Administrasi Niaga;Administrasi Niaga;85.41;Administrasi Niaga
2811;Sistem Perekonomian Menurut Pancasila Dan UUD'45;330.9;330;Administrasi Niaga;Administrasi Niaga;95.62;Administrasi Niaga
2812;Small Industry Development;658.022;658;Administrasi Niaga;Administrasi Niaga;100.0;Administrasi Niaga
2814;Software Quality : Concept and plants;005;5;Teknik Informatika & Komputer;Teknik Informatika & Komputer;95.33;Teknik Informatika & Komputer
2815;Solution manual for engineering drawing and design;604.2;604;Teknik Mesin;Teknik Mesin;93.38;Teknik Mesin
2816;Sosiologi;307;307;Umum;Umum;92.99;Umum
2817;Standard Specifications for Transportation Materials and Methods Of Sampling And Testing 1990 : PART II TESTS;388.021;388;Administrasi Niaga;Administrasi Niaga;100.0;Administrasi Niaga
2818;Standard Specifications for Transportation Materials and Methods Of Sampling And Testing : Part I Specifications;388.021;388;Administrasi Niaga;Administrasi Niaga;100.0;Administrasi Niaga
2819;Statistik Indonesia : Statistical Year Book of Indonesia 1990;315.598;315;Umum;Umum;90.92;Umum
2820;Study guide to accompany economics;330;330;Administrasi Niaga;Administrasi Niaga;100.0;Administrasi Niaga
2821;Study guide with solutions for use with fundamental accounting principles;657;657;Akuntansi;Akuntansi;100.0;Akuntansi
2822;Sukreni gadis Bali;813;813;Umum;Umum;100.0;Umum
2823;Surat perjanjian dalam bahasa Inggris : Pedoman dan contoh;332.77;332;Akuntansi;Akuntansi;64.44;Akuntansi, Umum
2824;Tabel beton bertulang : untuk mahasisiwa dan teknisi;693.5;693;Teknik Sipil;Teknik Sipil;98.19;Teknik Sipil
2825;Tata letak pabrik dan pemindahan bahan;658.23;658;Administrasi Niaga;Administrasi Niaga;90.09;Administrasi Niaga
2826;Tatalaksana kurikulum;375;375;Umum;Umum;91.56;Umum
2827;Tataletak Pabrik dan pemindahan bahan;658.23;658;Administrasi Niaga;Administrasi Niaga;90.35;Administrasi Niaga
2829;Techniques for contruction network scheduling;624.068;624;Teknik Sipil;Teknik Sipil;84.71;Teknik Sipil
2830;Teknik dasar memilih mesin dan perlengkapan industri kayu;621.9;621;Teknik Mesin;Teknik Mesin;100.0;Teknik Mesin
2831;Teknik Tegangan Tinggi;621.31;621;Teknik Elektro;Teknik Elektro;99.63;Teknik Elektro
2835;Teknologi Kerja Logam : Untuk Pendidikan Kejuruan;671;671;Teknik Mesin;Teknik Mesin;90.36;Teknik Mesin
2837;Teknologi Kerja Logam:Untuk pendidikan kejuruan;674;674;Teknik Mesin;Teknik Mesin;84.47;Teknik Mesin
2838;Telecommunications : A Text-Lab Manual;621.382;621;Teknik Elektro;Teknik Elektro;93.23;Teknik Elektro
2839;Television and The Crisis of Democracy;324.730973;324;Umum;Umum;92.68;Umum
2841;Teori dan soal-soal uang dan bank;332.1;332;Akuntansi;Akuntansi;100.0;Akuntansi
2845;Teori rakaian  : Dasar-dasar;621.319;621;Teknik Elektro;Teknik Elektro;98.21;Teknik Elektro
2846;Test your vocabulary...;428.81;428;Umum;Umum;100.0;Umum
2847;The American Democracy;320.973;320;Umum;Umum;95.06;Umum
2848;The naked foce : Wajah sang pembunuh;613;613;Umum;Umum;100.0;Umum
2849;The parties respond : Changes in the American party system;524.273;524;Sains;Sains;74.47;Sains, Umum
2850;The Post-Containment Handbook : Key issues In U.S.-Soviet Economic Relations;337.470;337;Administrasi Niaga;Administrasi Niaga;78.4;Administrasi Niaga, Umum
2851;The spoiled son;428.649;428;Umum;Umum;100.0;Umum
2852;The USSR the politics of oligarchy;320.974;320;Umum;Umum;100.0;Umum
2853;The wall street journal on accounting;657.74;657;Akuntansi;Akuntansi;94.12;Akuntansi
2854;Trik dan Teknik Torbo Basic;005.363;5;Teknik Informatika & Komputer;Teknik Informatika & Komputer;93.54;Teknik Informatika & Komputer
2856;Wiraswastawan Indonesia : Rahasia sukses dan biografi;338.12;338;Administrasi Niaga;Administrasi Niaga;88.89;Administrasi Niaga
2857;Written english for business;421;421;Umum;Umum;92.26;Umum
2858;20 Kiat manajer yang sukses;658.3;658;Administrasi Niaga;Administrasi Niaga;100.0;Administrasi Niaga
2859;ABrief Introduction to Hinduism : Religion, Philosophy, and Ways of Liberation;294.5;294;Umum;Umum;94.26;Umum
2860;AC Power Systems;697.93;697;Teknik Sipil;Teknik Sipil;65.64;Teknik Sipil, Teknik Elektro
2861;Accounting and information system;657;657;Akuntansi;Akuntansi;97.87;Akuntansi
2862;Acuan Ringkas AutoCAD;028.7;28;Teknik Informatika & Komputer;Teknik Informatika & Komputer;100.0;Teknik Informatika & Komputer
2863;Akuntansi Intermediate : Kunci,Penyelesaian Soal-Soal;657.044;657;Akuntansi;Akuntansi;100.0;Akuntansi
2864;Akuntansi Manajemen 3 : Proses Pengendalian Manajemen;658.1511;658;Administrasi Niaga;Administrasi Niaga;100.0;Administrasi Niaga
2865;Allways: Pencetakan Profesional untuk Lotus 123;005.43;5;Teknik Informatika & Komputer;Teknik Informatika & Komputer;100.0;Teknik Informatika & Komputer
2866;American breaktrough;421.54;421;Umum;Umum;100.0;Umum
2867;Ami pro made easy;005.3;5;Teknik Informatika & Komputer;Teknik Informatika & Komputer;97.13;Teknik Informatika & Komputer
2868;Analisa dan metodologi ekonomi Indonesia;330.9598;330;Administrasi Niaga;Administrasi Niaga;97.31;Administrasi Niaga
2873;Analisis Laporan Keuangan;657.3;657;Akuntansi;Akuntansi;99.04;Akuntansi
2874;Analisis Struktur Lanjutan : Kunci/Penyelesaian Soal-Soal;624.171;624;Teknik Sipil;Teknik Sipil;95.14;Teknik Sipil
2875;Anggaran Pemerintah dan Inflasi di Indonesia;351.72252;351;Umum;Umum;80.3;Umum
2876;Applications in Basic Marketing : Clipping from the Popular Business Press;380;380;Administrasi Niaga;Administrasi Niaga;91.31;Administrasi Niaga
2878;Applied robotic analysis;629.292;629;Teknik Mesin;Teknik Mesin;100.0;Teknik Mesin
2879;Aqidah Shohimah Aqidah Bathilah;297.211;297;Umum;Umum;100.0;Umum
2881;Auto service and repair;629.287 22;629;Teknik Mesin;Teknik Mesin;93.39;Teknik Mesin
2882;Bahan dan Praktek Beton;691.9;691;Teknik Sipil;Teknik Sipil;100.0;Teknik Sipil
2886;Belajar turbo C dengan cepat dan mudah;005.713;5;Teknik Informatika & Komputer;Teknik Informatika & Komputer;96.82;Teknik Informatika & Komputer
2887;Belenggu;813;813;Umum;Umum;100.0;Umum
2888;Building turbo pascal libraries : Data entry tools;005.262;5;Teknik Informatika & Komputer;Teknik Informatika & Komputer;100.0;Teknik Informatika & Komputer
2889;Buku Pegangan Teknik Tenaga Listrik;621.31;621;Teknik Elektro;Teknik Elektro;100.0;Teknik Elektro
2893;Buku Pegangan Teknik Tenaga Listrik : Pembangkitan Dengan Tenaga Air;621.31;621;Teknik Elektro;Teknik Elektro;93.12;Teknik Elektro
2894;Buku Pegangan Teknik Tenaga Listrik jilid I  : Pembangkitan Dengan Tenaga Air;621.31;621;Teknik Elektro;Teknik Elektro;100.0;Teknik Elektro
2895;Check It;005.26;5;Teknik Informatika & Komputer;Teknik Informatika & Komputer;100.0;Teknik Informatika & Komputer
2896;College physic;510;510;Matematika;Matematika;77.99;Matematika, Teknik Elektro
2897;Control System Design and Simulation;629.8;629;Teknik Mesin;Teknik Mesin;83.14;Teknik Mesin, Teknik Informatika & Komputer
2898;Crisis Educations;371.1009;371;Umum;Umum;98.55;Umum
2899;Cultural Anthropology;301;301;Umum;Umum;99.28;Umum
2900;Dasar Komputer Digital;621.39;621;Teknik Elektro;Teknik Elektro;82.29;Teknik Elektro, Teknik Informatika & Komputer
2903;Dasar metalurgi untuk rekayasawan;669;669;Teknik Sipil;Teknik Sipil;100.0;Teknik Sipil
2905;dasar-Dasar Beton Bertulang versi SI;624.153;624;Teknik Sipil;Teknik Sipil;98.05;Teknik Sipil
2906;Dasar-Dasar Perbankan;332;332;Akuntansi;Akuntansi;94.84;Akuntansi
2908;Delegasi yang berhasil : Rencana tindakan untuk mencapai keberhasilan;658.403;658;Administrasi Niaga;Administrasi Niaga;94.89;Administrasi Niaga
2909;Desain dan Analisis Eksperimen;001.4;1;Teknik Informatika & Komputer;Teknik Informatika & Komputer;93.96;Teknik Informatika & Komputer
2910;Digital  systems : Principles and applications;621.2815;621;Teknik Mesin;Teknik Mesin;55.23;Teknik Mesin, Teknik Elektro
2911;Digital control;681.1;681;Teknik Mesin;Teknik Mesin;84.09;Teknik Mesin
2912;Digital Design;62138;621;Teknik Elektro;Teknik Elektro;87.45;Teknik Elektro
2914;Digital Image Processing : Practical applications of parallel processing techniques;004;4;Teknik Informatika & Komputer;Teknik Informatika & Komputer;82.76;Teknik Informatika & Komputer
2917;Dod Untuk komputer;005.4;5;Teknik Informatika & Komputer;Teknik Informatika & Komputer;100.0;Teknik Informatika & Komputer
2918;Ekonomi Manajerial;658;658;Administrasi Niaga;Administrasi Niaga;96.52;Administrasi Niaga
2919;Electrical Power : Motors, Controls, Generators, Transformers;621.31'042;621;Teknik Elektro;Teknik Elektro;85.81;Teknik Elektro
2921;Electronic Design : Circuits and Systems;621.381'5;621;Teknik Elektro;Teknik Elektro;100.0;Teknik Elektro
2922;Elektronika Terpadu : rangkaian dan sistem analog dan digital;621.381;621;Teknik Elektro;Teknik Elektro;100.0;Teknik Elektro
2923;Enciclopedia of management human resource management;658.03;658;Administrasi Niaga;Administrasi Niaga;100.0;Administrasi Niaga
2924;English Pronouncing Dictionary;421.52;421;Umum;Umum;100.0;Umum
2928;Ensiklopedi Nasional Indonesia jilid 18;030.99221;30;Umum;Umum;100.0;Umum
2929;Esential Information Processing;004;4;Teknik Informatika & Komputer;Teknik Informatika & Komputer;60.31;Teknik Informatika & Komputer, Teknik Elektro
2930;Etika Bisnis;174.4;174;Umum;Umum;100.0;Umum
2931;Evaluasi the Strategies for health for all by the year 2000;351.077;351;Umum;Umum;96.56;Umum
2932;Experimental method form engineers;620.0078;620;Teknik Mesin;Teknik Mesin;79.16;Teknik Mesin
2933;Feedback Control of Dynamic Systems;629.83;629;Teknik Mesin;Teknik Mesin;85.73;Teknik Mesin
2934;Fisika Universitas;530;530;Teknik Elektro;Teknik Elektro;87.88;Teknik Elektro
2937;Fluid mechanics fotr chemical engineers;532;532;Teknik Elektro;Teknik Elektro;92.18;Teknik Elektro
2938;Follow me program 16-30;428.076;428;Umum;Umum;97.25;Umum
2939;Foundation Engineering Handbook;624.15;624;Teknik Sipil;Teknik Sipil;99.09;Teknik Sipil
2940;Fundamentals of machine component design;621.815;621;Teknik Mesin;Teknik Mesin;99.39;Teknik Mesin
2942;Gelombang berjalan dan proteksi surja;621.317;621;Teknik Elektro;Teknik Elektro;96.92;Teknik Elektro
2944;Guide to correspondence in French : a practical guide to social and commercial correspondence, Guide de correspondence en francis;374.4;374;Umum;Umum;99.57;Umum
2945;Hidrologi : Pengukuran dan Pengolahan Data Aliran Sungai Hidrometri;551.48;551;Sains;Sains;87.34;Sains
2946;Hidup Saat ini;371.39;371;Umum;Umum;100.0;Umum
2947;Hidup sesudah mati;291.23;291;Umum;Umum;100.0;Umum
2949;Ilmu Menggambar Bangunan Mesin;604.2;604;Teknik Mesin;Teknik Mesin;90.93;Teknik Mesin
2951;Ilmu Pengetahuan Teknologi dan Pembangunan Bangsa;609;609;Teknik Mesin;Teknik Mesin;71.85;Teknik Mesin, Umum
2953;Indonesia : Evaluating The Strategies For Health For All By The Year 2000 (CFE/2);351.077;351;Umum;Umum;100.0;Umum
2954;Informasi ringkas kesehatah : Health information in brief;351.077;351;Umum;Umum;94.7;Umum
2955;Informasi Ringkas kesehatan : Health information in brief;351.077;351;Umum;Umum;90.81;Umum
2957;Informasi Rumah Sakit 1991;362.110212;362;Umum;Umum;99.59;Umum
2958;Information Processing;004;4;Teknik Informatika & Komputer;Teknik Informatika & Komputer;100.0;Teknik Informatika & Komputer
2959;Inovasi dan Kewiraswastaan Praktek dan Dasar-dasar;3328.64;332;Akuntansi;Akuntansi;72.38;Akuntansi, Administrasi Niaga
2961;Instalasi Listrik Arus Kuat 1 dan 2 : Peraturan, peralatan instalasi, perencanaan, menggambar dan perkiraan biaya;621.31;621;Teknik Elektro;Teknik Elektro;95.08;Teknik Elektro
2962;Introduction to financial management;658.15;658;Administrasi Niaga;Administrasi Niaga;95.8;Administrasi Niaga
2963;Introduction to semiconductor materials and devices;621.381;621;Teknik Elektro;Teknik Elektro;95.32;Teknik Elektro
2964;Kamus Indonesia-Belanda;439.313;439;Umum;Umum;99.11;Umum
2965;Kamus Indonesia-Belanda : Indonesisch-Nederlands Woordenboek;439.313;439;Umum;Umum;100.0;Umum
2967;kamus Indonesia-Belanda : Indonesisch-Nederlands Wordenboek;439.313x;439;Umum;Umum;100.0;Umum
2968;Kamus Istilah Teknik Ilmu Bangunan;620.03;620;Teknik Mesin;Teknik Mesin;83.65;Teknik Mesin, Teknik Sipil
2969;Kamus Istilah Teknik Sipil;624.03;624;Teknik Sipil;Teknik Sipil;80.92;Teknik Sipil
2970;Kamus matematika;503;503;Sains;Sains;76.5;Sains, Matematika
2971;Kamus Peribahasa;999.92;999;Umum;Umum;96.94;Umum
2973;Kearsipan;651.59;651;Administrasi Niaga;Administrasi Niaga;94.02;Administrasi Niaga
2974;Kearsipan 2;651.59;651;Administrasi Niaga;Administrasi Niaga;91.6;Administrasi Niaga
2976;Kekuatan Bahan Terapan;620.112;620;Teknik Mesin;Teknik Mesin;100.0;Teknik Mesin
2978;Kemandirian Kesinambungan dalam Pembangunan Nasional dan Bisinis;658.421;658;Administrasi Niaga;Administrasi Niaga;96.71;Administrasi Niaga
2979;Kemandirian Kesinambungan Dalam Pembangunan Nasional Dan Bisnis;658.421;658;Administrasi Niaga;Administrasi Niaga;98.79;Administrasi Niaga
2981;Kematian yang digandrungi : eutanasia dan hak menentukan nasib sendiri;179.7;179;Umum;Umum;100.0;Umum
2982;Kerangka dasar sistem informasi manajemen : Struktur dan pengembangannya;658.403;658;Administrasi Niaga;Administrasi Niaga;98.95;Administrasi Niaga
2983;Kernel lesson intermediate student book part A;428.2;428;Umum;Umum;100.0;Umum
2986;Kontruksi Baja : Teori, Perhitungan dan Pelaksanaan;691.7;691;Teknik Sipil;Teknik Sipil;92.86;Teknik Sipil
2987;Korosi : untuk Mahasiswa dan Rekayasawan;620.112 23;620;Teknik Mesin;Teknik Mesin;95.18;Teknik Mesin
2988;Kreatifitas dalam Bisnis;650;650;Administrasi Niaga;Administrasi Niaga;100.0;Administrasi Niaga
2989;Kumpulan SNI Bidang Pekerjaan Umum Mengenai Kualitas Air;553.7;553;Sains;Sains;76.86;Sains
2991;Kunci Penyelesaian Soal-soal Disain Beton Bertulang;721.04454;721;Teknik Grafika & Penerbitan;Teknik Grafika & Penerbitan;69.18;Teknik Grafika & Penerbitan, Teknik Sipil
2992;Kunci Penyelesaian Soal-soal Disan Beton Bertulang jilid 1;693.5;693;Teknik Sipil;Teknik Sipil;86.31;Teknik Sipil
2993;Kunci/Penyelesaian Soal-soal disain Beton Bertulang;721.04454;721;Teknik Grafika & Penerbitan;Teknik Grafika & Penerbitan;68.62;Teknik Grafika & Penerbitan, Teknik Sipil
2994;Laboratory Manual For Electronic Communication;621.3;621;Teknik Elektro;Teknik Elektro;100.0;Teknik Elektro
2996;Lokakarya dan seminar : Perencanaan, pelaksanaan, dan kegunaan;371.37;371;Umum;Umum;90.59;Umum
2997;Lotus 1-2-3/G;650285'5369;650;Administrasi Niaga;Administrasi Niaga;100.0;Administrasi Niaga
2998;Machine design : a text book;621.815;621;Teknik Mesin;Teknik Mesin;98.94;Teknik Mesin
3001;Manajemen Konstruksi : Buku Pegangan Untuk: Kontraktor, Arsitek, Mahasiswa;658.46;658;Administrasi Niaga;Administrasi Niaga;87.42;Administrasi Niaga
3002;Manajemen Manufaktur dan Pabrik;658.5;658;Administrasi Niaga;Administrasi Niaga;98.33;Administrasi Niaga
3004;Manajemen Perkantoran : Pedoman untuk Produktivitas dan Keefektifan..;651.3;651;Administrasi Niaga;Administrasi Niaga;100.0;Administrasi Niaga
3005;Manajemen Perkantoran Modern;651.3;651;Administrasi Niaga;Administrasi Niaga;100.0;Administrasi Niaga
3007;Manajemen untuk semua orang Meraih Sukses Dalam Putaran Waktu;658.4012;658;Administrasi Niaga;Administrasi Niaga;94.75;Administrasi Niaga
3009;Marketing perspectives from business week to accompany : Fundamentals of marketing;380.1;380;Administrasi Niaga;Administrasi Niaga;100.0;Administrasi Niaga
3010;Mastering The Business Cycle : How to Keep your Company on Track in Times of Economic Change;6584;658;Administrasi Niaga;Administrasi Niaga;96.66;Administrasi Niaga
3011;Matematika untuk pemrosesan data;510;510;Matematika;Matematika;97.63;Matematika
3012;Mekanika tanah rekayasa geoteknik;624.151;624;Teknik Sipil;Teknik Sipil;94.35;Teknik Sipil
3013;Membuat Program Grafik Lewat Turbo Pascal 5.5/6.0;006.6762;6;Teknik Informatika & Komputer;Teknik Informatika & Komputer;100.0;Teknik Informatika & Komputer
3014;Memenangkan persahabatan : agar anda tidak menjadi korban persahabatan;658.3145;658;Administrasi Niaga;Administrasi Niaga;83.89;Administrasi Niaga, Umum
3015;Mendapatkan Pekerjaan yang Tepat : Strategi pencarian dan teknik wawancara untuk mendapatkan pekerjaan dengan cara anda;658311;658;Administrasi Niaga;Administrasi Niaga;100.0;Administrasi Niaga
3016;Mengajar Dengan Sukses;370.71;370;Umum;Umum;100.0;Umum
3017;Mengembangkan rumah Tangga dan Karier;646.7;646;Umum;Umum;100.0;Umum
3018;Mengenal Artificial Intellegence : Suparman;006.3;6;Teknik Informatika & Komputer;Teknik Informatika & Komputer;86.7;Teknik Informatika & Komputer
3019;Menggunakan Wordstar profesional release 5;005.3;5;Teknik Informatika & Komputer;Teknik Informatika & Komputer;97.03;Teknik Informatika & Komputer
3021;Meningkatkan Produktivitas Karyawan;658314;658;Administrasi Niaga;Administrasi Niaga;94.66;Administrasi Niaga
3022;Menjadi Pendengar Yang Baik : Pedoman Praktis untuk Mendengarkan yang Efektif;650;650;Administrasi Niaga;Administrasi Niaga;91.03;Administrasi Niaga
3023;Menjalankan MS DOS;001.642;1;Teknik Informatika & Komputer;Teknik Informatika & Komputer;94.78;Teknik Informatika & Komputer
3024;Menjalankan MS DOS : Versi 4 dan DOS Shell;001.642;1;Teknik Informatika & Komputer;Teknik Informatika & Komputer;100.0;Teknik Informatika & Komputer
3025;Menjalankan MS DOS versi 4 dan DOS Shell;001.642;1;Teknik Informatika & Komputer;Teknik Informatika & Komputer;93.3;Teknik Informatika & Komputer
3026;Merakit Sendiri Penerima TV Satelit;621.388.53;621;Teknik Elektro;Teknik Elektro;93.94;Teknik Elektro
3027;Merakit sendiri sistem pengaman rumah;537.5;537;Teknik Elektro;Teknik Elektro;86.9;Teknik Elektro
3028;Metalurgi Fisik Modern;669;669;Teknik Sipil;Teknik Sipil;97.45;Teknik Sipil
3029;Metode dan Analisis Penelitian : Mencari Hubungan;519.54;519;Matematika;Matematika;70.7;Matematika, Teknik Informatika & Komputer
3030;Metode Numerik Untuk Teknik :  Dengan penerapan pada Komputer Pribadi;519.4;519;Matematika;Matematika;81.3;Matematika
3031;Metode Numerik Untuk Teknik : Dengan Penerapan Pada Komputer Pribadi;519.4;519;Matematika;Matematika;83.16;Matematika
3032;Modern Masonry, brick block, stone;693.1;693;Teknik Sipil;Teknik Sipil;93.68;Teknik Sipil
3035;Motor bakar untuk mobil;62925;629;Teknik Mesin;Teknik Mesin;100.0;Teknik Mesin
3036;"Negosiasi Yang Berhasil : Strategi & Taktik ""Sama-sama Menang"" yang Efektif";302.3;302;Umum;Umum;99.3;Umum
3037;Negosiasi yang berhasil : Strategik dan taktik sama-sama menang yang efektif;302.3;302;Umum;Umum;94.17;Umum
3038;Niger : Personal Rule and Survival in the Sahel;966.9;966;Umum;Umum;97.63;Umum
3039;Object oriented modeling and desain;005.1;5;Teknik Informatika & Komputer;Teknik Informatika & Komputer;100.0;Teknik Informatika & Komputer
3040;Operasi Dan Pemeliharaan Mesin Diesel : Konstruksi, Operasi, Pemeliharaan dan Perbaikan Mesin Disel;621.43;621;Teknik Mesin;Teknik Mesin;94.36;Teknik Mesin
3041;Operasi dan Pemeliharaan Mesin Disel;621.43;621;Teknik Mesin;Teknik Mesin;96.84;Teknik Mesin
3042;Operasi dan Pemeliharaan Mesin Disel : Konstruksi, Operasi, Pemeliharaan dan Perbaikan Mesin Disel;621.43;621;Teknik Mesin;Teknik Mesin;100.0;Teknik Mesin
3043;Optical fiber communications;621.3827;621;Teknik Elektro;Teknik Elektro;97.5;Teknik Elektro
3044;Optimizing Microsoft TM C Libraries;005.133;5;Teknik Informatika & Komputer;Teknik Informatika & Komputer;100.0;Teknik Informatika & Komputer
3045;Organisasi dan manajemen;658.01;658;Administrasi Niaga;Administrasi Niaga;100.0;Administrasi Niaga
3046;PageMaker Desktop Publishing;006.686;6;Teknik Informatika & Komputer;Teknik Informatika & Komputer;100.0;Teknik Informatika & Komputer
3048;PC Tools 7 Made Easy;005.3;5;Teknik Informatika & Komputer;Teknik Informatika & Komputer;100.0;Teknik Informatika & Komputer
3050;Pedoman Lengkap Virus Komputer;005.381;5;Teknik Informatika & Komputer;Teknik Informatika & Komputer;90.45;Teknik Informatika & Komputer
3051;Pemasaran Global;658.83;658;Administrasi Niaga;Administrasi Niaga;90.77;Administrasi Niaga
3052;Pemasaran Langsung Yang Menguntungkan;658.83;658;Administrasi Niaga;Administrasi Niaga;100.0;Administrasi Niaga
3053;Pembangkit listrik tenaga air;621.31;621;Teknik Elektro;Teknik Elektro;73.38;Teknik Elektro, Teknik Mesin
3054;Pembangkit listrik tenaga air : MM Dandekar;621.31;621;Teknik Elektro;Teknik Elektro;81.23;Teknik Elektro
3055;Pemrograman dBase III Plus;005.42;5;Teknik Informatika & Komputer;Teknik Informatika & Komputer;100.0;Teknik Informatika & Komputer
3056;Pendidikan Islam di Indonesia : Anatara Cinta dan Fakta;297.7;297;Umum;Umum;100.0;Umum
3058;Pengambilan Keputusan Bagi para Pemimpin : Proses hirarki analitik untuk pengembalian keputusan dalam situasi kompleks;658403;658;Administrasi Niaga;Administrasi Niaga;84.06;Administrasi Niaga
3059;Pengantar Arsitektur;720;720;Teknik Grafika & Penerbitan;Teknik Grafika & Penerbitan;90.31;Teknik Grafika & Penerbitan
3060;Pengantar ilmu keuangan negara;351.72;351;Umum;Umum;83.33;Umum, Akuntansi
3062;Pengantar Statistika ekonomi dan perusahaan;519.54;519;Matematika;Matematika;86.14;Matematika
3063;Pengantar tentang riset pemasaran;658.83;658;Administrasi Niaga;Administrasi Niaga;98.55;Administrasi Niaga
3066;Pengetanahan netral sistem tenaga dan pengetanahan peralatan;629.134;629;Teknik Mesin;Teknik Mesin;84.02;Teknik Mesin
3070;People and technology in the workplace;338.064;338;Administrasi Niaga;Administrasi Niaga;99.51;Administrasi Niaga
3071;Peran, Masalah dan Prospek Bank Perkriditan Rakyat;332.3;332;Akuntansi;Akuntansi;87.86;Akuntansi
3072;Peranan motivasi dalam.. : Memotivasi Pegawai untuk Memberikan yang Terbaik;658.314;658;Administrasi Niaga;Administrasi Niaga;100.0;Administrasi Niaga
3073;Perencanaan Konvensiuntuk Mahasiswa Politeknik jurusan Pariwisata;060;60;Umum;Umum;72.0;Umum, Administrasi Niaga
3074;Perencanaan Media : Media Planning;658.83;658;Administrasi Niaga;Administrasi Niaga;100.0;Administrasi Niaga
3075;Perencanaan Teknik Mesin jilid I;621.815;621;Teknik Mesin;Teknik Mesin;94.48;Teknik Mesin
3076;Performance and control...;621.310;621;Teknik Elektro;Teknik Elektro;95.51;Teknik Elektro
3077;Persoalan Umat Islam Sekarang;297.67;297;Umum;Umum;100.0;Umum
3078;Principles of Applied Optics;621.36;621;Teknik Elektro;Teknik Elektro;90.04;Teknik Elektro
3080;Prinsip-Prinsip Manajemen;658;658;Administrasi Niaga;Administrasi Niaga;100.0;Administrasi Niaga
3082;Prinsip-prinsip Perpindahan Panas;536.25;536;Teknik Elektro;Teknik Elektro;78.74;Teknik Elektro, Teknik Mesin
3084;Prodigy : Made Easy;005.3;5;Teknik Informatika & Komputer;Teknik Informatika & Komputer;91.56;Teknik Informatika & Komputer
3085;Profesional Selling;658.85;658;Administrasi Niaga;Administrasi Niaga;100.0;Administrasi Niaga
3086;Profil Kesehatan Indonesia;351770212;351;Umum;Umum;100.0;Umum
3087;Profil Kesehatan Indonesia 1991 : Departemen Kesehatan RI;351.770212;351;Umum;Umum;99.6;Umum
3088;Profil Kesehatan Indonesia Tahun 1989, tahun 1990, tahun 1991;351.0770212;351;Umum;Umum;94.75;Umum
3089;Promosi Penjualan Terbaik;658.83;658;Administrasi Niaga;Administrasi Niaga;100.0;Administrasi Niaga
3090;Psikologi umum : Buku panduan mahasiswa;150;150;Umum;Umum;100.0;Umum
3091;Psychology Today an Introduction;150;150;Umum;Umum;98.41;Umum
3092;Reading in introductory macroeconomics;339;339;Administrasi Niaga;Administrasi Niaga;89.81;Administrasi Niaga
3093;Recasting Science : Consensual Procedures in Public Policy Making;320.6;320;Umum;Umum;97.17;Umum
3095;Repair and protector of conrete structures;624.183;624;Teknik Sipil;Teknik Sipil;94.47;Teknik Sipil
3096;Rightwriter version 3.0 : Untuk menulis inggris dengan Baik dan Benar;65174;651;Administrasi Niaga;Umum;52.6;Umum, Administrasi Niaga
3097;Riset Pemasaran;658.83;658;Administrasi Niaga;Administrasi Niaga;99.06;Administrasi Niaga
3098;Riwayat Hidup Budha Gautama;294.3;294;Umum;Umum;100.0;Umum
3099;Robotics Designing the Mechanisms for Automated Machinery;629.092;629;Teknik Mesin;Teknik Mesin;83.33;Teknik Mesin, Teknik Informatika & Komputer
3100;Ruang dalam Arsitektur;720;720;Teknik Grafika & Penerbitan;Teknik Grafika & Penerbitan;92.85;Teknik Grafika & Penerbitan
3101;Rumah Tumbuh;7432;743;Teknik Grafika & Penerbitan;Teknik Grafika & Penerbitan;92.36;Teknik Grafika & Penerbitan
3102;Rumus-Rumus & Penyelesaian Soal Mekanika Fluida;531.021;531;Teknik Elektro;Teknik Elektro;90.54;Teknik Elektro
3103;Self-tuning Systems : Control and signal Processing;629.836;629;Teknik Mesin;Teknik Mesin;77.12;Teknik Mesin, Teknik Elektro
3104;Sendi-Sendi Statistik;519.5;519;Matematika;Matematika;95.08;Matematika
3105;Seri Ilmu Sumber daya manusia : Psikologi Industri;158.7;158;Umum;Umum;83.46;Umum
3106;Sideways;005174;5;Teknik Informatika & Komputer;Teknik Informatika & Komputer;100.0;Teknik Informatika & Komputer
3107;Sifat-sifat fisis dan geoteknik tanah;6241513;624;Teknik Sipil;Teknik Sipil;92.63;Teknik Sipil
3108;Sifat-sifat Fisis dan Geoteknis Tanah : Mekanika Tanah;62415;624;Teknik Sipil;Teknik Sipil;93.01;Teknik Sipil
3110;Simulasi : Teknik Pemrograman dan metode analisis;005.1011;5;Teknik Informatika & Komputer;Teknik Informatika & Komputer;96.53;Teknik Informatika & Komputer
3111;Sistem Distribusi Daya Listrik;621.319;621;Teknik Elektro;Teknik Elektro;92.39;Teknik Elektro
3113;Sistem Televisi dan Video;621.388;621;Teknik Elektro;Teknik Elektro;100.0;Teknik Elektro
3114;Statistika : Untuk Ekonomi Dan Niaga I;310;310;Umum;Administrasi Niaga;45.69;Administrasi Niaga, Umum, Matematika
3115;Strategic for college reading and thinking;428.4071;428;Umum;Umum;99.95;Umum
3116;Struktur;6241;624;Teknik Sipil;Teknik Sipil;91.69;Teknik Sipil
3120;Study Guide to accaumpany Hilton : Managerial Accounting;658.151;658;Administrasi Niaga;Administrasi Niaga;100.0;Administrasi Niaga
3122;Tabarruj;297.7;297;Umum;Umum;100.0;Umum
3124;Technology Transfer : Financing and commercisalizing the high tech product or service : from research to roll out;338.926;338;Administrasi Niaga;Administrasi Niaga;92.18;Administrasi Niaga
3125;Teknik Analisis dalam penelitian percobaan;001.4;1;Teknik Informatika & Komputer;Teknik Informatika & Komputer;89.49;Teknik Informatika & Komputer
3127;Teknik Menjual yang Efektif;658.82;658;Administrasi Niaga;Administrasi Niaga;100.0;Administrasi Niaga
3130;Teknik Penarikan Contoh Untuk Penelitian Survei;001.4;1;Teknik Informatika & Komputer;Teknik Informatika & Komputer;86.95;Teknik Informatika & Komputer
3131;Teknik pengukuran dan pengaturan;629.831;629;Teknik Mesin;Teknik Mesin;82.34;Teknik Mesin, Teknik Informatika & Komputer
3133;Teknik Sumber Daya Air jilid 1;628.11;628;Teknik Sipil;Teknik Sipil;76.74;Teknik Sipil, Sains
3136;Teknologi Pengelasan Logam;671.52;671;Teknik Mesin;Teknik Mesin;92.38;Teknik Mesin
3137;Telepon dan Manajemen waktu : Menjadikannya alat dan bukan tiruan;658;658;Administrasi Niaga;Administrasi Niaga;89.32;Administrasi Niaga
3138;Teori ekonomi bagian 1 dan 2;330.1;330;Administrasi Niaga;Administrasi Niaga;100.0;Administrasi Niaga
3139;Teori Rangkaian : Dasar-dasar;62138153;621;Teknik Elektro;Teknik Elektro;94.62;Teknik Elektro
3140;Teori umum mengenai kesempatan kerja, bunga dan uang;330.1;330;Administrasi Niaga;Administrasi Niaga;86.02;Administrasi Niaga
3143;The bird of light;598.338;598;Sains;Sains;79.95;Sains, Umum
3144;The Complete Scanner Handbook for Desktop Publishing, Macintosh Edition;686.225;686;Teknik Grafika & Penerbitan;Teknik Grafika & Penerbitan;86.77;Teknik Grafika & Penerbitan
3145;The entrepreneur's guide series employee matters : A Legal guide to hiring firing & setting employee policies;344.012;344;Umum;Umum;75.7;Umum, Administrasi Niaga
3146;The Micro Economy today;338.5;338;Administrasi Niaga;Administrasi Niaga;96.05;Administrasi Niaga
3147;The philosophy of science;121;121;Umum;Umum;84.03;Umum
3148;The vest-pocket marketer;658.8;658;Administrasi Niaga;Administrasi Niaga;100.0;Administrasi Niaga
3149;Theory and problems of personal finance;332.024;332;Akuntansi;Akuntansi;100.0;Akuntansi
3150;Theory and problems of introductory geology;550.202;550;Sains;Sains;74.19;Sains
3151;Theory and problems of strenght...;539.41;539;Teknik Elektro;Teknik Elektro;87.6;Teknik Elektro
3152;Thermodynamics for technicians;536.7;536;Teknik Elektro;Teknik Elektro;90.58;Teknik Elektro
3153;Total quality control;658.562;658;Administrasi Niaga;Administrasi Niaga;93.7;Administrasi Niaga
3155;Turbo C++;005.262;5;Teknik Informatika & Komputer;Teknik Informatika & Komputer;91.39;Teknik Informatika & Komputer
3156;Turbo Pascal;005.133;5;Teknik Informatika & Komputer;Teknik Informatika & Komputer;100.0;Teknik Informatika & Komputer
3157;Uang di negara sedang berkembang;332.4;332;Akuntansi;Akuntansi;92.26;Akuntansi
3160;Upgrading PCs Made Easy;004.16;4;Teknik Informatika & Komputer;Teknik Informatika & Komputer;99.49;Teknik Informatika & Komputer
3161;Venezuela : Tarnished Democray;987.063;987;Umum;Umum;96.2;Umum
3162;Ventura Piblisher : Tingkat Lanjut;005.36;5;Teknik Informatika & Komputer;Teknik Informatika & Komputer;100.0;Teknik Informatika & Komputer
3163;Wajah Orang-Orang Kufur;297.1;297;Umum;Umum;100.0;Umum
3164;Wordstar 6.0;652.5;652;Administrasi Niaga;Teknik Informatika & Komputer;100.0;Teknik Informatika & Komputer
3165;Workbook for auto air conditioning technology;629.277;629;Teknik Mesin;Teknik Mesin;98.18;Teknik Mesin
3166;Yesus Sebelum Agama Kristen  : warta Yang memerdekakan;232.8;232;Umum;Umum;98.09;Umum
3167;Zionis Sebuah Gerakan Keagamaan dan Politeik;956.94;956;Umum;Umum;100.0;Umum
3168;1-2-3 Release 2.4 : The Complete Reference;006.68;6;Teknik Informatika & Komputer;Teknik Informatika & Komputer;95.23;Teknik Informatika & Komputer
3169;50 Aktivitas untuk mengembangkan ketrampilan Manajemen;658;658;Administrasi Niaga;Administrasi Niaga;95.49;Administrasi Niaga
3170;50 Aktivitas untuk Mengembangkan Ketrampilan Manajemen Volume 1;658;658;Administrasi Niaga;Administrasi Niaga;100.0;Administrasi Niaga
3171;Abstrak Hasil-hasil Penelitian Perguruan Tinggi Atas Biaya SPP/DPP;025.4028;25;Teknik Informatika & Komputer;Teknik Informatika & Komputer;75.94;Teknik Informatika & Komputer, Umum
3172;Accounting case study data Processing application III Dbase III Plus;332.1;332;Akuntansi;Akuntansi;84.17;Akuntansi, Teknik Informatika & Komputer
3173;Acuan Ringkas C;028;28;Teknik Informatika & Komputer;Teknik Informatika & Komputer;86.7;Teknik Informatika & Komputer
3174;Acuan Ringkas Fungsi-fungsi MS-D0s;005.7;5;Teknik Informatika & Komputer;Teknik Informatika & Komputer;97.02;Teknik Informatika & Komputer
3175;Ajaran Iman Katolik 2 : Untuk Mahasiswa;268;268;Umum;Umum;96.77;Umum
3176;Aktivitas untuk mengembangkan keteramapilan manajemen : Volume 1;658;658;Administrasi Niaga;Administrasi Niaga;96.29;Administrasi Niaga
3178;Akuntansi Bisnis Untuk Sekretaris;657.2;657;Akuntansi;Akuntansi;92.39;Akuntansi
3179;Akuntansi Manajemen : Konsep Dasar Akuntansi Manajemen dan Proses Perencanaan;658;658;Administrasi Niaga;Administrasi Niaga;97.37;Administrasi Niaga
3180;Akuntansi Pemerintahan;657.598;657;Akuntansi;Akuntansi;100.0;Akuntansi
3181;Alat Pesawat Pengangkat;621.873;621;Teknik Mesin;Teknik Mesin;97.2;Teknik Mesin
3182;Alat-alat Berat dan Penggunaanya;621.9;621;Teknik Mesin;Teknik Mesin;91.34;Teknik Mesin
3183;Aljabar Linear;5125;512;Matematika;Matematika;100.0;Matematika
3186;Aqidah : Landasan Pokok Membina Umat;297.2;297;Umum;Umum;100.0;Umum
3187;Aqidah ahlus sunnah wal-jama'ah;297.81;297;Umum;Umum;96.12;Umum
3188;Aqidah Shohihah Versus Aqidah Bathilah;297.211;297;Umum;Umum;98.17;Umum
3191;Automotive automatic transmissions and transaxles shop manual;6292446;629;Teknik Mesin;Teknik Mesin;100.0;Teknik Mesin
3192;Bagaimana cara memperoleh dan memanfaatkan uang;332.4;332;Akuntansi;Akuntansi;100.0;Akuntansi
3193;Bagaimana menjadikan diri sendiri sebagai sahabat terbaik;65831244;658;Administrasi Niaga;Administrasi Niaga;60.45;Administrasi Niaga, Umum
3195;Batu & Mineral;552.06;552;Sains;Sains;87.35;Sains
3196;Belajar DOS dalam Sehari;003;3;Teknik Informatika & Komputer;Teknik Informatika & Komputer;97.26;Teknik Informatika & Komputer
3197;Berita Resmi Paten;08.0272;27;Teknik Informatika & Komputer;Teknik Informatika & Komputer;70.24;Teknik Informatika & Komputer, Umum
3201;Bikin Sendiri Alat Instrumentasi Bengkel Kerja Elektronika;621.381;621;Teknik Elektro;Teknik Elektro;83.26;Teknik Elektro, Teknik Informatika & Komputer
3202;Bimbingan Islam untuk Pribadi dan Masyarakat;297;297;Umum;Umum;100.0;Umum
3203;Birokrasi dan Administrasi Pembangunan : Beberapa Pemikiran Pemecahan;35301;353;Umum;Umum;88.78;Umum
3204;Budaya dan Politik Australia;994;994;Umum;Umum;99.74;Umum
3205;Building a Peace Economy : Opportunities and Problems of Post-Cold War Defense Cuts;3309;330;Administrasi Niaga;Administrasi Niaga;71.03;Administrasi Niaga, Umum
3206;Buku latihan Lotus 1-2-3;005.7565;5;Teknik Informatika & Komputer;Teknik Informatika & Komputer;94.22;Teknik Informatika & Komputer
3207;Burung;598;598;Sains;Sains;84.39;Sains, Umum
3208;Cara Menggunakan Word Perfect Versi 5.1;005.133;5;Teknik Informatika & Komputer;Teknik Informatika & Komputer;100.0;Teknik Informatika & Komputer
3209;Cara mudah merawat dan memperbaiki printer;621.381;621;Teknik Elektro;Teknik Elektro;88.11;Teknik Elektro
3210;Cara pemeriksaan penyetelan dan perawatan motor bensin;629.287;629;Teknik Mesin;Teknik Mesin;98.62;Teknik Mesin
3211;Cara Praktis Belajar Elektronika;621.381;621;Teknik Elektro;Teknik Elektro;100.0;Teknik Elektro
3214;Circuits, Devices And Systems : A First Course In Electrical Engineering;621.3;621;Teknik Elektro;Teknik Elektro;97.79;Teknik Elektro
3215;Citra Muslim : Tinjauan Sejarah dan Sosiologi;297.63;297;Umum;Umum;98.43;Umum
3217;Computational methods in multibody dynamics;531.11;531;Teknik Elektro;Teknik Elektro;91.87;Teknik Elektro
3218;Corporate informations systems management;658.403 801 1;658;Administrasi Niaga;Administrasi Niaga;98.97;Administrasi Niaga
3220;Dasar-dasar analisis numerik : Suatu pendekatan Algoritma;515.1;515;Matematika;Matematika;93.44;Matematika
3221;Dasar-dasar dan Praktek Irigasi;628.168;628;Teknik Sipil;Teknik Sipil;99.0;Teknik Sipil
3223;Dasar-dasar Fisika Universitas : Mekanika dan Termodinamika;5301;530;Teknik Elektro;Teknik Elektro;91.9;Teknik Elektro
3224;Dasar-Dasar Mikroprosesor;004.16;4;Teknik Informatika & Komputer;Teknik Informatika & Komputer;97.07;Teknik Informatika & Komputer
3225;Dasar-dasar Niaga;650.01;650;Administrasi Niaga;Administrasi Niaga;84.63;Administrasi Niaga
3226;Dasar-Dasar Teknik Listrik;621.3;621;Teknik Elektro;Teknik Elektro;100.0;Teknik Elektro
3228;Data dan Persamaan Transistor : Tower's International Transistor Selector;621.381.32;621;Teknik Elektro;Teknik Elektro;92.41;Teknik Elektro
3229;Data network;004.66;4;Teknik Informatika & Komputer;Teknik Informatika & Komputer;97.94;Teknik Informatika & Komputer
3230;Design of steel structures;624.128;624;Teknik Sipil;Teknik Sipil;100.0;Teknik Sipil
3231;Digital control systems;621.382;621;Teknik Elektro;Teknik Elektro;79.68;Teknik Elektro, Teknik Mesin
3235;Disiplin Pengemudi Mencerminkan Budaya Bangsa;388;388;Administrasi Niaga;Umum;63.21;Umum, Administrasi Niaga
3238;Ekonomi moneter;338.9;338;Administrasi Niaga;Administrasi Niaga;90.91;Administrasi Niaga
3239;Ekonomi moneter dan perbankan;338.9;338;Administrasi Niaga;Administrasi Niaga;66.57;Administrasi Niaga, Akuntansi
3240;Ekonomi untuk Manajer;331.714;331;Administrasi Niaga;Administrasi Niaga;100.0;Administrasi Niaga
3241;Ekonomika sumberdaya air : Pengantar ke hidronamika;551;551;Sains;Sains;76.41;Sains, Administrasi Niaga
3242;Ekonomika untuk manajemen;331.714;331;Administrasi Niaga;Administrasi Niaga;100.0;Administrasi Niaga
3244;Ekonomika untuk manajer;331.714;331;Administrasi Niaga;Administrasi Niaga;100.0;Administrasi Niaga
3245;Electric Power Systems Manual;621.319;621;Teknik Elektro;Teknik Elektro;89.26;Teknik Elektro
3246;Electromagnetics;621.3;621;Teknik Elektro;Teknik Elektro;96.21;Teknik Elektro
3248;Electronic Devices;621.381;621;Teknik Elektro;Teknik Elektro;100.0;Teknik Elektro
3249;Electronics Drafting;621.381;621;Teknik Elektro;Teknik Elektro;96.01;Teknik Elektro
3250;Elemen Mesin;620.11;620;Teknik Mesin;Teknik Mesin;100.0;Teknik Mesin
3251;Elemen Mesin : Desain dan Kalkulasi dari Sambungan, Bantalan dan Poros;620.11;620;Teknik Mesin;Teknik Mesin;100.0;Teknik Mesin
3252;Elemen Mesin : Desain dan Kalkulasi dari Sambungan, Bantalan,dan Poros;62011;620;Teknik Mesin;Teknik Mesin;98.03;Teknik Mesin
3253;Elemen Mesin jilid II : Desain dan Kalkulus dari Sambungan, Bantalan, dan Poros;620.11;620;Teknik Mesin;Teknik Mesin;100.0;Teknik Mesin
3255;Enggineering safety;620004;620;Teknik Mesin;Teknik Mesin;82.97;Teknik Mesin
3256;Essentials of econometrics;330.015;330;Administrasi Niaga;Administrasi Niaga;89.68;Administrasi Niaga
3257;Etika administrasi negara;350;350;Umum;Umum;100.0;Umum
3258;Experiments for Introduction to Digital Circuits;621.138.5;621;Teknik Mesin;Teknik Mesin;64.16;Teknik Mesin, Teknik Elektro
3259;Experiments In Grob Basic Electronics;621.381;621;Teknik Elektro;Teknik Elektro;99.15;Teknik Elektro
3260;Experiments in Microprocessor and Interfacing : Programming and Hardware;00526;5;Teknik Informatika & Komputer;Teknik Informatika & Komputer;93.49;Teknik Informatika & Komputer
3261;Fiber Optec Communications;621.381;621;Teknik Elektro;Teknik Elektro;99.28;Teknik Elektro
3262;Fiber Optic Comunication System;621.382 275;621;Teknik Elektro;Teknik Elektro;100.0;Teknik Elektro
3263;Fiber-Reinforced Cement Composites;620.135;620;Teknik Mesin;Teknik Mesin;88.87;Teknik Mesin
3265;Filosofi Rumah Sehat Mandiri Th. 2000;728;728;Teknik Grafika & Penerbitan;Teknik Grafika & Penerbitan;82.52;Teknik Grafika & Penerbitan
3266;Financial analysis and forecasting a software system;332.0112;332;Akuntansi;Akuntansi;86.57;Akuntansi
3268;Formula untuk Pemasaran yang berhasil;658.8;658;Administrasi Niaga;Administrasi Niaga;100.0;Administrasi Niaga
3269;Foundations For Microwave Enggineering;621381;621;Teknik Elektro;Teknik Elektro;92.02;Teknik Elektro
3270;Fundamentals of Financial Management;658.15;658;Administrasi Niaga;Administrasi Niaga;100.0;Administrasi Niaga
3271;Fungsi-Fungsi MS-DOS;005.7;5;Teknik Informatika & Komputer;Teknik Informatika & Komputer;100.0;Teknik Informatika & Komputer
3274;Gagasan Pengembangan Profesi dan Pendidikan Akuntansi di Indonesia : Kumpulan Artikel;657.598;657;Akuntansi;Akuntansi;93.95;Akuntansi
3275;Getaran Mekanis : Mechanical Vibrations Versi S1/Metrik;620.3'01;620;Teknik Mesin;Teknik Mesin;100.0;Teknik Mesin
3276;Getaran Mekanis : Teori dan Soal-Soal;6203;620;Teknik Mesin;Teknik Mesin;81.61;Teknik Mesin, Matematika
3277;Graphiccs Programming PowerPack;0066;6;Teknik Informatika & Komputer;Teknik Informatika & Komputer;93.66;Teknik Informatika & Komputer
3278;Grob Basic electronics;621.38;621;Teknik Elektro;Teknik Elektro;100.0;Teknik Elektro
3279;Guide Machinery's Handbook : To The Use Of Tables And Formulas In;621.802;621;Teknik Mesin;Teknik Mesin;97.45;Teknik Mesin
3281;Handbook Of Electronics Formulas, Symbols and Definition;621.381;621;Teknik Elektro;Teknik Elektro;99.11;Teknik Elektro
3282;Harga dan Penetapan Harga Dalam Bidang Pemasaran (Marketing);658.8;658;Administrasi Niaga;Administrasi Niaga;100.0;Administrasi Niaga
3283;Harga dan penetapan harga dalam bidang pemasaran(Marketing);650.13;650;Administrasi Niaga;Administrasi Niaga;94.71;Administrasi Niaga
3284;Harvard Graphiics for Windows Made Easy;005.3;5;Teknik Informatika & Komputer;Teknik Informatika & Komputer;100.0;Teknik Informatika & Komputer
3285;Heat transfer;536.2;536;Teknik Elektro;Teknik Elektro;100.0;Teknik Elektro
3286;Hidrolika saluran terbuka;627;627;Teknik Sipil;Teknik Sipil;89.36;Teknik Sipil
3287;How to answer english questions;420;420;Umum;Umum;99.93;Umum
3288;Hydraulics field Manual;627;627;Teknik Sipil;Teknik Sipil;91.73;Teknik Sipil
3289;Ilmu budaya dasar;306;306;Umum;Umum;96.02;Umum
3294;Ilmu dan teknologi bahan Ilmu logam dan bukan logam;669;669;Teknik Sipil;Teknik Sipil;91.6;Teknik Sipil
3295;Impian Yahudi dan Kehancuran Menurut Al-Qur'an;297.061;297;Umum;Umum;100.0;Umum
3296;Impian Yahudi dan Kehancurannya Menurut Al-Qur'an;297.232;297;Umum;Umum;100.0;Umum
3297;Indonesia dalam kancah isu lingkungan global;304.2;304;Umum;Umum;94.57;Umum
3298;"Industrial & Wiraswasta : Masyarakat Industri ""belah ketupat""";658.3;658;Administrasi Niaga;Administrasi Niaga;99.54;Administrasi Niaga
3299;Industrial Lasers and Their Applications;621.366;621;Teknik Elektro;Teknik Elektro;77.98;Teknik Elektro, Teknik Mesin
3301;Instalasi Pembangkit Daya;621;621;Teknik Mesin;Teknik Elektro;52.97;Teknik Elektro, Teknik Mesin
3304;Instalasi Pembangkit Daya jilid 1;621.312;621;Teknik Elektro;Teknik Elektro;92.73;Teknik Elektro
3305;Instructor's guide auto electricity, electronics, computers;629.2540;629;Teknik Mesin;Teknik Mesin;71.64;Teknik Mesin, Teknik Elektro
3306;Instructor's manual for : Auto service and repair;629.28;629;Teknik Mesin;Teknik Mesin;93.72;Teknik Mesin
3307;Instructor's planning guide for automotive electronic fundamentals;629.2549;629;Teknik Mesin;Teknik Mesin;94.06;Teknik Mesin
3308;Instructors guide to microprocessors and interfacing : Programming and hardware;005.26;5;Teknik Informatika & Komputer;Teknik Informatika & Komputer;92.25;Teknik Informatika & Komputer
3309;Intel Microprocessors Hadware, software and Applications 8085, 8086, 8088, 80486;004.16;4;Teknik Informatika & Komputer;Teknik Informatika & Komputer;100.0;Teknik Informatika & Komputer
3312;International relations in a changing global system;327;327;Umum;Umum;83.16;Umum, Administrasi Niaga
3314;Introduction to Digital Circuits;621.381.5;621;Teknik Elektro;Teknik Elektro;82.19;Teknik Elektro
3315;Introduction To Digital Circuits : Instructor's Guide to Accompany;621.3815;621;Teknik Elektro;Teknik Elektro;92.75;Teknik Elektro
3316;Introduction to Electrical Engineering;621.3;621;Teknik Elektro;Teknik Elektro;94.06;Teknik Elektro
3317;ISDN Broadband ISDN;004.6;4;Teknik Informatika & Komputer;Teknik Informatika & Komputer;89.24;Teknik Informatika & Komputer
3318;Islam dan aspek-aspek kemasyarakatan;297.1;297;Umum;Umum;100.0;Umum
3321;Istilah-istilah Dunia Pariwisata;338.1.4;338;Administrasi Niaga;Administrasi Niaga;75.16;Administrasi Niaga, Umum
3324;Jalur-Jalur Pemasaran;658.83;658;Administrasi Niaga;Administrasi Niaga;100.0;Administrasi Niaga
3325;Juran on quality by design : The new steps planning quality into goods and services;658.562;658;Administrasi Niaga;Administrasi Niaga;94.66;Administrasi Niaga
3326;Jurnal ekonomi indonesia : Indonesian Economic Journal;330;330;Administrasi Niaga;Administrasi Niaga;93.53;Administrasi Niaga
3327;Kaizen Ky'zen : Kunci Sukses Jepang Dalam Persaingan;658;658;Administrasi Niaga;Administrasi Niaga;100.0;Administrasi Niaga
3328;Kalkulus dan ilmu ukuar analitik;515.115;515;Matematika;Matematika;100.0;Matematika
3329;Kalkulus Dan Ilmu Ukur Analitik;515.115;515;Matematika;Matematika;100.0;Matematika
3335;Kamus Teknik Elektronika : Inggris-Indonesia;621.303;621;Teknik Elektro;Teknik Elektro;77.48;Teknik Elektro, Teknik Mesin
3336;Keberhasilan Industrialisasi di Asia Timur;338.0959;338;Administrasi Niaga;Administrasi Niaga;100.0;Administrasi Niaga
3337;Kebijakan Harga : Seri Pemasaran Dan Promosi;658.816;658;Administrasi Niaga;Administrasi Niaga;98.53;Administrasi Niaga
3338;Kerangka Bertingkat Banyak : Perhitungan dan Tabel-Momen Metode Cross, Kani, dan Takabeya;745.5;745;Teknik Grafika & Penerbitan;Teknik Grafika & Penerbitan;80.42;Teknik Grafika & Penerbitan
3340;Keunggulan Bersaing : Menciptakan dan Mempertahankan Kinerja Unggul;658.001;658;Administrasi Niaga;Administrasi Niaga;100.0;Administrasi Niaga
3341;Kimia Dasar  : Prinsip dan Terapan Modern jilid 2;540;540;Teknik Sipil;Teknik Sipil;87.35;Teknik Sipil
3342;Kimia Dasar : Prinsip dan terapan modem;540;540;Teknik Sipil;Teknik Sipil;98.62;Teknik Sipil
3343;Kimia Dasar : Prinsip dan Terapan Modern;540;540;Teknik Sipil;Teknik Sipil;90.19;Teknik Sipil
3344;Kimia Fisika Jilid 1;541.3;541;Teknik Sipil;Teknik Sipil;80.13;Teknik Sipil, Teknik Elektro
3347;Kompendium ekonomika terutama untuk para nonekonomi : Mikroekonomika dan ekstensinya;350;350;Umum;Umum;67.8;Umum, Administrasi Niaga
3348;Komposit metal;669.2;669;Teknik Sipil;Teknik Sipil;87.66;Teknik Sipil
3350;Komunikasi ElektronikaJilid 1;621.382;621;Teknik Elektro;Teknik Elektro;93.01;Teknik Elektro
3351;Konsep fisika modern;530;530;Teknik Elektro;Teknik Elektro;97.13;Teknik Elektro
3352;Konsep-konsep probabilitas dalam perencanaan dan perancangan rekayasa : Prinsip-prinsip dasar;620;620;Teknik Mesin;Teknik Mesin;78.77;Teknik Mesin, Teknik Sipil
3353;Konstruksi Bangunan Gedung Sambungan Kayu Pintu dan Jendela;694.3;694;Teknik Sipil;Teknik Sipil;91.1;Teknik Sipil
3354;Konstruksi Mesin 2;621.815;621;Teknik Mesin;Teknik Mesin;91.95;Teknik Mesin
3355;Kumpulan Abstrak Penelitian Universitas Airlangga Tahun 1990;025.4028;25;Teknik Informatika & Komputer;Teknik Informatika & Komputer;83.31;Teknik Informatika & Komputer
3356;Kunci penyelesaian soal-soal : Disain Struktur Dalam Arsitektur;624.177;624;Teknik Sipil;Teknik Sipil;79.43;Teknik Sipil, Teknik Grafika & Penerbitan
3357;Kursus kilat 24 jam jurus MS DOS 5.0;005.369;5;Teknik Informatika & Komputer;Teknik Informatika & Komputer;100.0;Teknik Informatika & Komputer
3358;Labor relations law : Fred Witney dan Benjamin J. Taylor;344.73;344;Umum;Umum;94.35;Umum
3359;Lenk's Laser Handbook;001.38932;1;Teknik Informatika & Komputer;Teknik Informatika & Komputer;50.97;Teknik Informatika & Komputer, Teknik Elektro
3360;Logika Bridge;795.415;795;Umum;Umum;80.3;Umum
3361;Machinery's Handbook;001.80212;1;Teknik Informatika & Komputer;Teknik Informatika & Komputer;73.66;Teknik Informatika & Komputer, Teknik Mesin
3363;Management;658;658;Administrasi Niaga;Administrasi Niaga;100.0;Administrasi Niaga
3365;Managerial economics : Analysis and strategy;330.068;330;Administrasi Niaga;Administrasi Niaga;100.0;Administrasi Niaga
3366;Managerial economics analysis and strategy;330.068;330;Administrasi Niaga;Administrasi Niaga;100.0;Administrasi Niaga
3367;Managing for Total Quality : From Deming to Taguchi and SPC;658.562;658;Administrasi Niaga;Administrasi Niaga;88.67;Administrasi Niaga
3368;Managing Service;658.84;658;Administrasi Niaga;Administrasi Niaga;100.0;Administrasi Niaga
3369;Manajemen abad ke 21 : Maju bersama Jepang dan Cina;658.3;658;Administrasi Niaga;Administrasi Niaga;98.39;Administrasi Niaga
3370;Manajemen Bank;332.1;332;Akuntansi;Akuntansi;100.0;Akuntansi
3371;Manajemen Bank : A. Hasymi Ali;658.1;658;Administrasi Niaga;Administrasi Niaga;71.7;Administrasi Niaga, Akuntansi
3372;Manajemen Bank Komersial;332.1;332;Akuntansi;Akuntansi;78.36;Akuntansi, Administrasi Niaga
3373;Manajemen Indonesia : Memasuki era Globalisasi;658;658;Administrasi Niaga;Administrasi Niaga;100.0;Administrasi Niaga
3375;Manajemen Pelayanan Umum di Indonesia;658;658;Administrasi Niaga;Administrasi Niaga;80.95;Administrasi Niaga, Umum
3376;Manajemen Pemasaran : Analisis, Perencanaan, Imlementasi dan Pengendalian;658.8;658;Administrasi Niaga;Administrasi Niaga;100.0;Administrasi Niaga
3377;Manajemen Proyek Pembangunan;658.404;658;Administrasi Niaga;Administrasi Niaga;97.36;Administrasi Niaga
3378;Manajemen Risiko;658.155;658;Administrasi Niaga;Administrasi Niaga;95.66;Administrasi Niaga
3379;Management;658;658;Administrasi Niaga;Administrasi Niaga;100.0;Administrasi Niaga
3381;Matematika Cetak Mencetak;510;510;Matematika;Matematika;92.11;Matematika
3382;Mathematics for Grob Basic Electronics;621.381;621;Teknik Elektro;Teknik Elektro;88.01;Teknik Elektro
3383;Mechanical And Electrical Equipment for Building;696;696;Teknik Sipil;Teknik Sipil;92.8;Teknik Sipil
3384;Mechanical And Electrical Equipment For Buildings;696;696;Teknik Sipil;Teknik Sipil;90.42;Teknik Sipil
3387;Mekanika Teknik (Mechanics of Materials);624.076;624;Teknik Sipil;Teknik Sipil;70.89;Teknik Sipil, Teknik Mesin
3388;Memahami Asuransi di Indonesia;369.09598;369;Umum;Umum;88.48;Umum
3389;Memahami diagram elektronika;621.381;621;Teknik Elektro;Teknik Elektro;98.59;Teknik Elektro
3390;Memahami Puisi;417;417;Umum;Umum;99.36;Umum
3391;Memakai Ventura Secara Profesional;005.369;5;Teknik Informatika & Komputer;Teknik Informatika & Komputer;100.0;Teknik Informatika & Komputer
3392;Membuat sendiri program akuntansi dengan dBase III+;005.7565;5;Teknik Informatika & Komputer;Teknik Informatika & Komputer;87.08;Teknik Informatika & Komputer
3393;Mengenal Keramik : canggih, cerdas dan Biokeramik;666;666;Teknik Sipil;Teknik Sipil;80.36;Teknik Sipil
3394;Mengenal Keramik Canggih Cerdas dan Biokeramik;666;666;Teknik Sipil;Teknik Sipil;94.8;Teknik Sipil
3395;Mengenal Logika Komputer dengan Pemrograman Bahasa Basic;005133;5;Teknik Informatika & Komputer;Teknik Informatika & Komputer;90.89;Teknik Informatika & Komputer
3397;Mengerti fisika : Mekanika, termofisika, listrik dan magnet, gelombang;530;530;Teknik Elektro;Teknik Elektro;97.13;Teknik Elektro
3398;Menggambar Mesin :  Menurut Standar ISO;604.2;604;Teknik Mesin;Teknik Mesin;100.0;Teknik Mesin
3399;Menggambar Mesin : Menurut Standar ISO;604.2;604;Teknik Mesin;Teknik Mesin;96.32;Teknik Mesin
3400;Menggambar mesin menurut standar;604.2;604;Teknik Mesin;Teknik Mesin;100.0;Teknik Mesin
3401;Menggunakan fasilitas wordstar untuk menulis laporan dan skripsi;005.742;5;Teknik Informatika & Komputer;Teknik Informatika & Komputer;92.47;Teknik Informatika & Komputer
3402;Merakit Sendiri Pemancar Radio Jalur 80 Meter;621.3841;621;Teknik Elektro;Teknik Elektro;100.0;Teknik Elektro
3403;Merakit Sendiri Pemancar Radio Jalur 80 Meter : Untuk Hobiest Elektronika, Amatir Radio, Calon Amatir Radio;621.384.1;621;Teknik Elektro;Teknik Elektro;92.81;Teknik Elektro
3404;Mesin Sinkron Generator Sinkron Motor Sinkron;621.319;621;Teknik Elektro;Teknik Elektro;100.0;Teknik Elektro
3405;Mesin-Mesin Listrik;621.310.42;621;Teknik Elektro;Teknik Elektro;86.72;Teknik Elektro
3408;Mesin-Mesin Sinkron;621.319;621;Teknik Elektro;Teknik Elektro;77.35;Teknik Elektro, Teknik Mesin
3409;Metallurgy Fundamentals;669;669;Teknik Sipil;Teknik Sipil;88.11;Teknik Sipil
3410;Metode Plastis : Analisis dan Desain;620.112 33;620;Teknik Mesin;Teknik Mesin;86.27;Teknik Mesin
3411;Metode Selidik Tanah;631.4;631;Umum;Umum;67.74;Umum, Sains
3412;Mikroelektronika : Sistem Digital dan Rangkaian Analog;621.398;621;Teknik Elektro;Teknik Elektro;100.0;Teknik Elektro
3414;Modern carpentry : building construction details in easy-to-understand form;694;694;Teknik Sipil;Teknik Sipil;84.85;Teknik Sipil
3415;Modern operating systems;005.42;5;Teknik Informatika & Komputer;Teknik Informatika & Komputer;100.0;Teknik Informatika & Komputer
3416;Modern Plumbing;696.1;696;Teknik Sipil;Teknik Sipil;80.54;Teknik Sipil, Teknik Mesin
3417;Motivasi & Perilaku;153.8;153;Umum;Umum;100.0;Umum
3420;Occupational Skill Standards, Testing and Certification : A Review;65831125;658;Administrasi Niaga;Administrasi Niaga;76.46;Administrasi Niaga, Umum
3422;Optoelectronics : Fiber Opticsand Lasers;621.3692;621;Teknik Elektro;Teknik Elektro;100.0;Teknik Elektro
3423;Panduan Dasar untuk Account Officer;657;657;Akuntansi;Akuntansi;95.49;Akuntansi
3426;Panduan Reparasi VCR;384.58;384;Administrasi Niaga;Administrasi Niaga;78.36;Administrasi Niaga
3427;Paradox 4 Made Easy;025.04;25;Teknik Informatika & Komputer;Teknik Informatika & Komputer;100.0;Teknik Informatika & Komputer
3428;Pascal Programming: Suatu Modul untuk Short Course Program;005.133;5;Teknik Informatika & Komputer;Teknik Informatika & Komputer;88.4;Teknik Informatika & Komputer
3429;PC Tools : The Complete Reference;005.3;5;Teknik Informatika & Komputer;Teknik Informatika & Komputer;100.0;Teknik Informatika & Komputer
3430;Pedoman Drainase Jalan Raya;625.734;625;Teknik Sipil;Teknik Sipil;94.9;Teknik Sipil
3431;Pedoman Umum Merancang Bangunan;690;690;Teknik Sipil;Teknik Sipil;92.99;Teknik Sipil
3433;Pemasaran Eceran;658.83;658;Administrasi Niaga;Administrasi Niaga;91.58;Administrasi Niaga
3435;Pemasaran Pariwisata 1;338.4791;338;Administrasi Niaga;Administrasi Niaga;90.08;Administrasi Niaga
3436;Pembangunan ekonomi : Studi tentang sejarah pemikiran;338.9;338;Administrasi Niaga;Administrasi Niaga;99.13;Administrasi Niaga
3437;Pemeriksaan Akuntan;657;657;Akuntansi;Akuntansi;100.0;Akuntansi
3438;Pemikiran pelaksanaan, dan perintisan pembangunan ekonomi;330;330;Administrasi Niaga;Administrasi Niaga;100.0;Administrasi Niaga
3440;Pengantar Bisnis : Pendekatan Tanya-Jawab;650;650;Administrasi Niaga;Administrasi Niaga;100.0;Administrasi Niaga
3442;Pengantar ekonomi;339;339;Administrasi Niaga;Administrasi Niaga;100.0;Administrasi Niaga
3443;Pengantar Ekonomi Perusahaan;338.7;338;Administrasi Niaga;Administrasi Niaga;94.06;Administrasi Niaga
3448;Pengantar ilmu ekonomi 1 dan 2 : Buku panduan mahasiswa;330;330;Administrasi Niaga;Administrasi Niaga;97.97;Administrasi Niaga
3449;Pengantar ilmu hukum : Buku Panduan;340;340;Umum;Umum;100.0;Umum
3450;Pengantar Ilmu Hukum : Buku panduan mahasiswa;340;340;Umum;Umum;100.0;Umum
3452;Pengantar ilmu hukum dan tata hukum Indonesia;340.1;340;Umum;Umum;100.0;Umum
3453;Pengantar Makreoekonomi : Richard G. Lipsey [et.al];339;339;Administrasi Niaga;Administrasi Niaga;100.0;Administrasi Niaga
3454;Pengantar Makroekonomi;339;339;Administrasi Niaga;Administrasi Niaga;96.73;Administrasi Niaga
3458;Pengantar Pengolahan Citra;004;4;Teknik Informatika & Komputer;Teknik Informatika & Komputer;99.2;Teknik Informatika & Komputer
3459;Pengantar Shalat Yang Khusyu';297.52;297;Umum;Umum;100.0;Umum
3460;Pengawasan keuangan negara;351.72;351;Umum;Umum;95.56;Umum
3461;Pengembangan kelembagaan : Pengalaman proyek-proyek Bank Dunia;338.9;338;Administrasi Niaga;Administrasi Niaga;85.69;Administrasi Niaga
3462;Pengembangan Produk Baru : Seri Pemasaran Dan Promosi;658.83;658;Administrasi Niaga;Administrasi Niaga;100.0;Administrasi Niaga
3463;Pengetahuan Bahan Teknik;620.11;620;Teknik Mesin;Teknik Mesin;86.46;Teknik Mesin
3467;Pengukuran Listrik : Laporan Praktikum Laboratorium;621.374.4;621;Teknik Elektro;Teknik Elektro;92.92;Teknik Elektro
3469;Perajin tradisional di daerah propinsi daerah istimewa yogyakarta;315.598 2;315;Umum;Umum;100.0;Umum
3470;Perang Jihad di Jaman Modern;297.46;297;Umum;Umum;100.0;Umum
3471;Perdagangan internasional;382.1;382;Administrasi Niaga;Administrasi Niaga;96.23;Administrasi Niaga
3472;Perencanaan Kota;658.231732;658;Administrasi Niaga;Administrasi Niaga;95.52;Administrasi Niaga
3473;Perpajakan : dilengkapi dengan latihan soal ujian negara;336.2;336;Akuntansi;Akuntansi;89.68;Akuntansi
3474;Pesona Kematian;813;813;Umum;Umum;100.0;Umum
3475;Petunjuk mengadakan short course/training untuk industri;378.199;378;Umum;Umum;85.71;Umum
3476;Philosophy and the computer;102.85;102;Umum;Umum;94.07;Umum
3477;Pohon;582.16;582;Sains;Sains;85.96;Sains
3478;Pokok-pokok Pikiran tentang Pembangunan Koperasi;658.02;658;Administrasi Niaga;Administrasi Niaga;100.0;Administrasi Niaga
3479;Pola pengasuhan anak secara tradisional daerah Maluku;315.5987;315;Umum;Umum;97.05;Umum
3480;Prinsip-Prinsip Akuntansi : Kunci Penyelesaian Soal-Soal;657.042;657;Akuntansi;Akuntansi;92.65;Akuntansi
3482;Prinsip-Prinsip dan Penerapan Digital;521.39;521;Sains;Sains;70.06;Sains, Teknik Elektro
3483;Prinsip-Prinsip Dasar Manajemen Bank Umum : Penerapannya di Indonesia;332.11;332;Akuntansi;Akuntansi;91.86;Akuntansi
3484;Prinsip-Prinsip Penjualan;658.8;658;Administrasi Niaga;Administrasi Niaga;100.0;Administrasi Niaga
3485;Problems in Grob Basic Electronics;621.381;621;Teknik Elektro;Teknik Elektro;100.0;Teknik Elektro
3486;Problems Supplement to Accompany Vector Mechanics for Engineers Dynamics;621.391;621;Teknik Elektro;Teknik Elektro;73.81;Teknik Elektro, Teknik Mesin
3487;Proces improvement in the electronics Industry;621.381;621;Teknik Elektro;Teknik Elektro;88.55;Teknik Elektro
3488;Programmable Logic Devices and Logic Controllers;629.9;629;Teknik Mesin;Teknik Mesin;79.27;Teknik Mesin, Teknik Informatika & Komputer
3489;Programmable logic devices and logis controllers;6299;629;Teknik Mesin;Teknik Mesin;80.2;Teknik Mesin, Teknik Informatika & Komputer
3490;Proses Penjualan;658.81;658;Administrasi Niaga;Administrasi Niaga;96.03;Administrasi Niaga
3491;Prospek ekonomi Indonesia jangka pendek dan sumber pembiayaan pembangunan;338.95;338;Administrasi Niaga;Administrasi Niaga;100.0;Administrasi Niaga
3492;Protokol Keempat 1;813;813;Umum;Umum;100.0;Umum
3494;Rangkaian Listrik jilid 1;621.319;621;Teknik Elektro;Teknik Elektro;96.76;Teknik Elektro
3497;Robot dan otomasi industri;670.427;670;Teknik Mesin;Teknik Mesin;81.74;Teknik Mesin, Teknik Informatika & Komputer
3499;Rumah Pesona : Rancangan Rumah Tinggal Satu Lantai dan Dua Lantai;690.8;690;Teknik Sipil;Teknik Sipil;68.43;Teknik Sipil, Teknik Grafika & Penerbitan
3500;Rumusan Praktis Ahlus Sunnah Wal-Jama'ah;297.81;297;Umum;Umum;100.0;Umum
3502;Sampling untuk pemeriksaan;519.52;519;Matematika;Matematika;92.05;Matematika
3503;Sebuah Petunjuk Dengan Sejumlah Taktik Foxbase +;005.756;5;Teknik Informatika & Komputer;Teknik Informatika & Komputer;96.23;Teknik Informatika & Komputer
3504;Seluk beluk membuat booster : Teknik merakit dan daya penunjangnya...;662.4;662;Teknik Mesin;Teknik Mesin;89.83;Teknik Mesin
3505;Seni Dalam Pandangan Islam : Seni Vocal, Musik & Tari;297.673;297;Umum;Umum;92.58;Umum
3506;Seni negosiasi : Cara menutup transaksi yang berhasil;302;302;Umum;Umum;99.39;Umum
3507;Senjata dan baju zizrah : Temukan perkembangan senjata tangan-dari kapak zamanbatu hingga pistol koboi Amerika Utara;623.441;623;Teknik Mesin;Teknik Mesin;70.1;Teknik Mesin, Umum
3508;Senjata tradisional Lampung;315.59816;315;Umum;Umum;97.25;Umum
3509;Sepuluh Hukum Bisnis dan Bagaimana Melanggarnya : Rahasia meningkatkan semangat karyawan memperbaiki pelayanan kepada Langganan, Memperbesar Laba Perusahaan, Sambil bergembira-ria di Tempat Kerja;6583;658;Administrasi Niaga;Administrasi Niaga;90.18;Administrasi Niaga
3510;Seri kompendium ekonomika terutama untuk para nonekonomi;330;330;Administrasi Niaga;Administrasi Niaga;93.81;Administrasi Niaga
3511;Simfoni tanpa henti;338.9598;338;Administrasi Niaga;Administrasi Niaga;100.0;Administrasi Niaga
3512;Sistem Administrasi Negara Republik Indonesia;350;350;Umum;Umum;100.0;Umum
3513;Sistem pengendalian sosial tradisional masyarakat melayu di Sumatra utara;315.598;315;Umum;Umum;97.07;Umum
3514;Sistem Pengukuran : Aplikasi dan Perancangan;530.81;530;Teknik Elektro;Teknik Elektro;95.53;Teknik Elektro
3515;Sistem Pengukuran : Aplikasi dan Perencanaan;53081;530;Teknik Elektro;Teknik Elektro;83.09;Teknik Elektro
3516;Small Gas Engines;621.434;621;Teknik Mesin;Teknik Mesin;96.13;Teknik Mesin
3517;Small Gas Engines : Fundamental, Service, troubleshooting, repair;621454;621;Teknik Mesin;Teknik Mesin;96.27;Teknik Mesin
3518;Soal jawab advanced accounting;657.04;657;Akuntansi;Akuntansi;89.63;Akuntansi
3519;Soal-Jawab dinamika teknik;531.11;531;Teknik Elektro;Teknik Elektro;80.95;Teknik Elektro
3520;Software engineering : a praticioner's aproach;005.1;5;Teknik Informatika & Komputer;Teknik Informatika & Komputer;100.0;Teknik Informatika & Komputer
3521;Sosio ekonomi : Analisis eksistensi kapitalisme dan sosialisme;330;330;Administrasi Niaga;Administrasi Niaga;96.27;Administrasi Niaga
3522;Spektroskopi Inframerah;535.84;535;Teknik Elektro;Teknik Elektro;80.89;Teknik Elektro
3523;Spice : A Guide to circuit simulation & Analysis using PSPICE;515.223;515;Matematika;Matematika;71.47;Matematika, Teknik Elektro
3524;Standard Specifications for Highway Bridges;388.1;388;Administrasi Niaga;Administrasi Niaga;100.0;Administrasi Niaga
3525;Standard Specifications for Highway Bridges 1992;388.1;388;Administrasi Niaga;Administrasi Niaga;100.0;Administrasi Niaga
3527;Statistik : Versi S1 Metrik;519.54;519;Matematika;Matematika;97.61;Matematika
3528;Statistik dan Sistem Informasi untuk Pimpinan;519.54;519;Matematika;Matematika;92.42;Matematika
3529;Statistika Dan Sistem Informasi : Untuk Pimpinan;519.54;519;Matematika;Matematika;88.82;Matematika
3530;Statistika dan sistem informasi untuk pimpinan;519.54;519;Matematika;Matematika;96.57;Matematika
3532;Statistika dan Sistem Informasi untukPimpinan;519.54;519;Matematika;Matematika;89.96;Matematika
3533;Strategic Marketing Channel Management;658,8;658;Administrasi Niaga;Administrasi Niaga;99.03;Administrasi Niaga
3534;Structuring Data With Turbo Pascal;005362;5;Teknik Informatika & Komputer;Teknik Informatika & Komputer;90.49;Teknik Informatika & Komputer
3535;Struktur Baja : Desain dan Perilaku 1 Dengan Penekanan Pada Load and Resistance Factor Design;691.7;691;Teknik Sipil;Teknik Sipil;98.77;Teknik Sipil
3536;Studi kasus dasar-dasar akuntansi;657;657;Akuntansi;Akuntansi;100.0;Akuntansi
3537;Study Guide for Modern Refrigeration and Air Conditioning;621.56;621;Teknik Mesin;Teknik Mesin;76.98;Teknik Mesin, Teknik Sipil
3538;Tabel Beton Bertulang : Untuk Mahasiswa dan Teknisi;6935;693;Teknik Sipil;Teknik Sipil;100.0;Teknik Sipil
3539;Tantangan Wanita Modern : Ketakutan Wanita akan Kemandirian;305.4;305;Umum;Umum;100.0;Umum
3542;Tata Cara Periklanan Kleppner;658.83;658;Administrasi Niaga;Administrasi Niaga;100.0;Administrasi Niaga
3545;Teknik Digit 1 : kursus dasar Elektronika digit;621.391.6;621;Teknik Elektro;Teknik Elektro;91.98;Teknik Elektro
3547;Teknik Sampling : Untuk Survei dan Eksperimen;001422;1;Teknik Informatika & Komputer;Teknik Informatika & Komputer;87.71;Teknik Informatika & Komputer
3548;Teknik Sampling : Untuk Survei dan Skperimen;001.422;1;Teknik Informatika & Komputer;Teknik Informatika & Komputer;97.37;Teknik Informatika & Komputer
3549;Teknologi informasi bank;332.1;332;Akuntansi;Akuntansi;96.05;Akuntansi
3550;Teori dan soal ekonomi mikro;338.5;338;Administrasi Niaga;Administrasi Niaga;95.39;Administrasi Niaga
3551;Teori dan soal-soal analisis numerik;519.4;519;Matematika;Matematika;76.09;Matematika
3553;Teori dan soal-soal matematika dasar;511;511;Matematika;Matematika;100.0;Matematika
3554;Teori ekonomi mikro 1;339;339;Administrasi Niaga;Administrasi Niaga;100.0;Administrasi Niaga
3556;Teori lokasi;338.09;338;Administrasi Niaga;Administrasi Niaga;93.38;Administrasi Niaga
3560;Teori Pertumbuhan Ekonomi;330;330;Administrasi Niaga;Administrasi Niaga;100.0;Administrasi Niaga
3561;Teori plat dan cangkang;624.177 6;624;Teknik Sipil;Teknik Sipil;89.72;Teknik Sipil
3562;Termodinamika Teknik : Tabel dan Grafik;536.7;536;Teknik Elektro;Teknik Elektro;76.01;Teknik Elektro, Teknik Mesin
3563;The Clipper Interface Handbook;05.7565;756;Teknik Grafika & Penerbitan;Teknik Grafika & Penerbitan;69.05;Teknik Grafika & Penerbitan, Teknik Informatika & Komputer
3564;Analisis ISO 9000;005.83;5;Teknik Informatika & Komputer;Teknik Informatika & Komputer;100.0;Teknik Informatika & Komputer
3565;The Marketing Of Financial Services : A Book Of Cases;332.10688;332;Akuntansi;Akuntansi;92.67;Akuntansi
3567;Top Eksekutif Indonesia 1;658.009;658;Administrasi Niaga;Administrasi Niaga;83.83;Administrasi Niaga, Umum
3568;Total quality control essentials : Key elements, methologies, and managing for succes;658.562;658;Administrasi Niaga;Administrasi Niaga;100.0;Administrasi Niaga
3569;Travel and tourism : In business now;338.479;338;Administrasi Niaga;Administrasi Niaga;94.29;Administrasi Niaga
3574;Turbin, Pompa dan Kompresor;621.406;621;Teknik Mesin;Teknik Mesin;100.0;Teknik Mesin
3575;Turn Signals Are The facial Expressions of Automobiles;600;600;Teknik Mesin;Teknik Mesin;82.95;Teknik Mesin
3576;TWI;371.35;371;Umum;Umum;97.29;Umum
3577;Undang-Undang Nomor: 7 Tahun 1992 : Tentang Perbankan;332.11;332;Akuntansi;Akuntansi;84.14;Akuntansi, Umum
3579;Vademekum Elektronika;621.381;621;Teknik Elektro;Teknik Elektro;98.65;Teknik Elektro
3580;Visual Basic for Windows Inside & Out;005.3;5;Teknik Informatika & Komputer;Teknik Informatika & Komputer;100.0;Teknik Informatika & Komputer
3581;WordPerfect 5.1 bagi para Profesional;005.133;5;Teknik Informatika & Komputer;Teknik Informatika & Komputer;100.0;Teknik Informatika & Komputer
3582;Workbook for auto service and repair;629.2877;629;Teknik Mesin;Teknik Mesin;92.43;Teknik Mesin
3583;Workbook for Automotive electronic fundamentals;629.2549;629;Teknik Mesin;Teknik Mesin;91.94;Teknik Mesin
3584;Workbook for modern carpentry : Building construction details in easy-to-understand form;694;694;Teknik Sipil;Teknik Sipil;88.92;Teknik Sipil
3585;Wright bersaudara : Kisah tentang perjuangan membuat dan menerbangkan pesawat pertama;920;920;Umum;Umum;80.31;Umum, Teknik Mesin
3586;Wujud zat dan kesetimbangan kimia : penuntun belajar kimia dasar;514.2;514;Matematika;Matematika;69.91;Matematika, Teknik Sipil
3587;Ya atau Tidak : Pemandu Cara Pengambilan Keputusan yang lebih Tepat/Baik;658.402;658;Administrasi Niaga;Administrasi Niaga;85.91;Administrasi Niaga
3588;302 Rangkaian Elektronika : Rangkaian-Rangkaian Elektronika Praktis untuk Hobbyist;621.381;621;Teknik Elektro;Teknik Elektro;100.0;Teknik Elektro
3590;302 Rangkaian Elektronika : Rangkaian-rangkaian Elektronika Praktis untuk Hobbyst;621.381;621;Teknik Elektro;Teknik Elektro;100.0;Teknik Elektro
3591;50 Aktivitas untuk mengembangkan keterampilan manajemen;658;658;Administrasi Niaga;Administrasi Niaga;98.27;Administrasi Niaga
3592;A Mind of one's own : Feminist essays on reason & objectivity;305.42 01;305;Umum;Umum;98.55;Umum
3593;AASHTO : Guide for Design of Pavement 1993;629.136;629;Teknik Mesin;Teknik Mesin;67.14;Teknik Mesin, Teknik Sipil
3594;Adding Value : A Systematic Guide to Business Driven Management and Leadership;658.4092;658;Administrasi Niaga;Administrasi Niaga;100.0;Administrasi Niaga
3595;Aircraft Maintenance & Repair;629.134;629;Teknik Mesin;Teknik Mesin;94.82;Teknik Mesin
3598;Akuntansi Dana Suatu Pengantar;657;657;Akuntansi;Akuntansi;100.0;Akuntansi
3599;Akuntansi Gl Multiuser dengan Foxpro Lan : Seri Aplikasi Akuntansi;657;657;Akuntansi;Akuntansi;85.68;Akuntansi
3603;Akuntansi Manajemen : Dilengkapi Software Konsultan Expres untuk latihan praktis dan membantu penghitungan;6581511;658;Administrasi Niaga;Administrasi Niaga;88.46;Administrasi Niaga
3604;Akuntansi Perbankan : Akuntansi Transaksi Bank Dalam Valuta Rupiah;657.806;657;Akuntansi;Akuntansi;100.0;Akuntansi
3605;Akustik lingkungan;534;534;Teknik Elektro;Teknik Elektro;69.64;Teknik Elektro
3606;American Government;320.073;320;Umum;Umum;99.88;Umum
3607;Analisa Rasio Keuangan dengan Lotus 1-2-3;658.15;658;Administrasi Niaga;Administrasi Niaga;76.09;Administrasi Niaga, Akuntansi
3609;Analisis sistem tenaga listrik;621.31;621;Teknik Elektro;Teknik Elektro;98.48;Teknik Elektro
3611;Ancangan Semiotika Dan Pengkajian Susastra;810;810;Umum;Umum;81.79;Umum, Teknik Informatika & Komputer
3612;Apakah Anda Seorang Manajer yang Kreatif;65812;658;Administrasi Niaga;Administrasi Niaga;90.9;Administrasi Niaga
3613;Applied Strategic Planning : A Comprehensive Guide;658.405.2;658;Administrasi Niaga;Administrasi Niaga;93.21;Administrasi Niaga
3616;Aqidah Shohimah versus Aqidah Bathilah;297.2;297;Umum;Umum;100.0;Umum
3617;Aqidah Shohimah versusAqidah Bathilah;297.2;297;Umum;Umum;100.0;Umum
3618;Aritifical intelligence;004.3;4;Teknik Informatika & Komputer;Teknik Informatika & Komputer;95.73;Teknik Informatika & Komputer
3620;Auditing : Pendekatan terpadu;657.45;657;Akuntansi;Akuntansi;97.53;Akuntansi
3623;Avatamsaka Sutra : Sutra Karangan Bunga;294.34;294;Umum;Umum;100.0;Umum
3624;Bahan-Bahan Listrik Untuk Politeknik;621.3;621;Teknik Elektro;Teknik Elektro;95.89;Teknik Elektro
3625;Basic Financial Management;65815;658;Administrasi Niaga;Administrasi Niaga;94.29;Administrasi Niaga
3626;Basic technical writing;808.0666;808;Umum;Umum;100.0;Umum
3628;Belajar Cepat Word for Windows Versi 2.0;005.1;5;Teknik Informatika & Komputer;Teknik Informatika & Komputer;91.83;Teknik Informatika & Komputer
3629;Belajar Sendiri Menggunakan WordStar, Spellstar, Mailmerge : Sampai Dengan Release 7;005.742;5;Teknik Informatika & Komputer;Teknik Informatika & Komputer;96.22;Teknik Informatika & Komputer
3630;Beton Pra Tegang;693.5;693;Teknik Sipil;Teknik Sipil;100.0;Teknik Sipil
3632;Beyond the frontiers of Indonesia Banking and finance : Financial intermediation to mobilize the potential of small entrepeneurs;332.1;332;Akuntansi;Akuntansi;95.72;Akuntansi
3634;Building structures;624.17;624;Teknik Sipil;Teknik Sipil;94.53;Teknik Sipil
3635;Buku Latihan dataBase III Plus : Tingkat Dasar;005.7565;5;Teknik Informatika & Komputer;Teknik Informatika & Komputer;100.0;Teknik Informatika & Komputer
3639;Business Week's Guide to the Best Executive Education Program;65840071073;658;Administrasi Niaga;Administrasi Niaga;100.0;Administrasi Niaga
3640;Cable television technology and opretions HDTV and NTSC Systems;621.388;621;Teknik Elektro;Teknik Elektro;90.71;Teknik Elektro
3641;Cable Television Technolohy and Operations : HDTV and NTSC Systems;621.388;621;Teknik Elektro;Teknik Elektro;93.41;Teknik Elektro
3645;Computer Organization and Architecture : Principles of Structure and function;004.22;4;Teknik Informatika & Komputer;Teknik Informatika & Komputer;89.26;Teknik Informatika & Komputer
3647;Credit management handbook : A complete guide to credit and account receivable oprations;658.88;658;Administrasi Niaga;Administrasi Niaga;100.0;Administrasi Niaga
3648;Dasar Teori Listrik Magnet;530141;530;Teknik Elektro;Teknik Elektro;100.0;Teknik Elektro
3649;Dasar-Dasar Akuntansi Untuk Sekretaris Yang Sukses;657.83;657;Akuntansi;Akuntansi;100.0;Akuntansi
3650;Dasar-Dasar Analisis Numerik : Suatu Pendekatan Algoritma;515.1;515;Matematika;Matematika;97.3;Matematika
3653;Dasar-dasar manajemen dan manajemen gerakan pramuka;369.4;369;Umum;Umum;83.18;Umum, Administrasi Niaga
3654;Dasar-Dasar Pengukuran Tanah : Surveying;526.9;526;Sains;Sains;82.74;Sains
3655;Dasar-dasar Pengukuran Tanah jilid 1;526.9;526;Sains;Sains;84.83;Sains
3656;Dasar-dasar Perencanaan Beton Bertulang;691.3;691;Teknik Sipil;Teknik Sipil;100.0;Teknik Sipil
3658;Dasar-dasar perencanaan beton bertulang berdasarkan SKSNI T-15-1991-03;691.3;691;Teknik Sipil;Teknik Sipil;96.42;Teknik Sipil
3659;Dasar-dasar pneumatik : Prinsip dasar-perhitungan-komponen-pelaksanaan;621.51;621;Teknik Mesin;Teknik Mesin;85.2;Teknik Mesin
3660;Dasar-dasar profesi Politeknik Pemrosesan Polimer Praktis : Plastik, Karet, Serat, Tali, Tekstil, Busa;668.9;668;Teknik Sipil;Teknik Sipil;81.71;Teknik Sipil
3661;Data Dan Persamaan Transistor : Data Spesifikasi untuk Pengenalan, Pemilihan, dan Penggantian Transistor;621.381;621;Teknik Elektro;Teknik Elektro;95.75;Teknik Elektro
3662;Desain Struktur Beton Prategang;624.183;624;Teknik Sipil;Teknik Sipil;91.46;Teknik Sipil
3664;Desain Struktur Beton Prategang jilid 1;624.183;624;Teknik Sipil;Teknik Sipil;100.0;Teknik Sipil
3665;Desain struktur rangka beton bertulang di daerah rawan gempa berdasarkan SKSNI T-15-1991-03;693.5;693;Teknik Sipil;Teknik Sipil;100.0;Teknik Sipil
3666;Digital computer electronics;621.381;621;Teknik Elektro;Teknik Elektro;100.0;Teknik Elektro
3668;Digital Filter : Analisis, Design, and Applications;6213815324;621;Teknik Elektro;Teknik Elektro;89.58;Teknik Elektro
3669;Digital Filters : Analysis, Design and Applications;621.3813.324;621;Teknik Elektro;Teknik Elektro;88.97;Teknik Elektro
3671;Dinamika Struktur : Teori & Perhitungan Kunci Penyelesaian Soal-Soal;624.176;624;Teknik Sipil;Teknik Sipil;98.7;Teknik Sipil
3672;Dinamika struktur teoti dan perhitungan;624.176;624;Teknik Sipil;Teknik Sipil;92.77;Teknik Sipil
3673;Dua belas pedoman untuk menjadi kaya : Rahasia dinamis dari keberhasilan keuangan;658.1;658;Administrasi Niaga;Administrasi Niaga;85.65;Administrasi Niaga
3674;Dynamics of structures;624.171;624;Teknik Sipil;Teknik Sipil;91.63;Teknik Sipil
3679;Ekonomi teknik : Engineering economics;338.5;338;Administrasi Niaga;Administrasi Niaga;97.38;Administrasi Niaga
3681;Ekonomi Uang Dan Bank : Teori dan Pengalaman Di Indonesia;332.1;332;Akuntansi;Akuntansi;100.0;Akuntansi
3683;Electrical Engineering;621.3;621;Teknik Elektro;Teknik Elektro;99.26;Teknik Elektro
3684;Electricity/Electronics Fundamentals : A Text-Lab Manual;621.3;621;Teknik Elektro;Teknik Elektro;100.0;Teknik Elektro
3692;Elektronika Terpadu Integrated Electronics : rangkaian dan sistem analog dan digital;621.381;621;Teknik Elektro;Teknik Elektro;100.0;Teknik Elektro
3693;Elemen Hingga untuk Analisis struktur;620.001535;620;Teknik Mesin;Teknik Mesin;83.18;Teknik Mesin
3694;English For Corporate Communications : Cases in International Business;428;428;Umum;Umum;83.8;Umum, Administrasi Niaga
3695;Error Detection Circuits;621.38412;621;Teknik Elektro;Teknik Elektro;94.07;Teknik Elektro
3696;European Finance;332.094;332;Akuntansi;Akuntansi;85.1;Akuntansi
3697;File and Disk Management : From Chaos to Control;005.74;5;Teknik Informatika & Komputer;Teknik Informatika & Komputer;89.7;Teknik Informatika & Komputer
3699;Free Lunch on Wall Street;658.82;658;Administrasi Niaga;Administrasi Niaga;90.4;Administrasi Niaga
3700;Fundamentals of engineering electromagnetics;621.3;621;Teknik Elektro;Teknik Elektro;83.14;Teknik Elektro, Teknik Mesin
3701;Glosarium biologi;570.03;570;Sains;Sains;88.01;Sains
3702;Glosarium Fisika;330;330;Administrasi Niaga;Administrasi Niaga;100.0;Administrasi Niaga
3703;Glosarium Kimia;540.1;540;Teknik Sipil;Teknik Sipil;88.49;Teknik Sipil
3704;Glosarium Matematika;510;510;Matematika;Matematika;88.84;Matematika
3705;Grafik dan tabel perhitungan beton bertulang;693.5;693;Teknik Sipil;Teknik Sipil;96.7;Teknik Sipil
3706;Gugus Kendali Mutu;658.56;658;Administrasi Niaga;Administrasi Niaga;97.83;Administrasi Niaga
3707;Guide to DOS 6;005.42;5;Teknik Informatika & Komputer;Teknik Informatika & Komputer;97.18;Teknik Informatika & Komputer
3708;Handbook of Fluid Sealing;621.885;621;Teknik Mesin;Teknik Mesin;83.99;Teknik Mesin, Teknik Elektro
3709;Hidrologi : Untuk Pengairan;551.48;551;Sains;Sains;96.3;Sains
3712;How to Start and Operate a Mail-Order Business;658.872;658;Administrasi Niaga;Administrasi Niaga;100.0;Administrasi Niaga
3713;hubungan utara selatan : Konplik atau kerja sama;327.11;327;Umum;Umum;97.14;Umum
3714;Ihwal menerjemahkan;418.02;418;Umum;Umum;100.0;Umum
3715;Ilmu Gaya bangunan-bangunan statis tak tentu;531;531;Teknik Elektro;Teknik Elektro;64.7;Teknik Elektro, Teknik Sipil
3716;Ilmu Konstruksi Bangunan Kayu;694;694;Teknik Sipil;Teknik Sipil;100.0;Teknik Sipil
3717;Instructor's Guide for Electricity/Electronics Fundamentals : A Text-Lab Manual;621.3;621;Teknik Elektro;Teknik Elektro;85.64;Teknik Elektro
3718;Instructor's Guide for Machining Fundamentals;621.9;621;Teknik Mesin;Teknik Mesin;100.0;Teknik Mesin
3720;Instrumentasi Elektronik Dan Teknik Pengukuran;621.381;621;Teknik Elektro;Teknik Elektro;83.33;Teknik Elektro, Teknik Informatika & Komputer
3723;Instrumentation for Engineering Measurements;681.2;681;Teknik Mesin;Teknik Mesin;82.09;Teknik Mesin, Teknik Informatika & Komputer
3724;Introduction To Asphalt;625.85;625;Teknik Sipil;Teknik Sipil;100.0;Teknik Sipil
3725;ISA Manusia apa Bukan ?;232;232;Umum;Umum;97.1;Umum
3726;Jangan Biarkan Bumi Merana : Laporan Wordlwatch Institute;304.2;304;Umum;Umum;98.16;Umum
3727;Jangan biarkan bumi merana : Laporan Worldwatch Institut;304.2;304;Umum;Umum;75.68;Umum, Sains
3729;Kamus Bergambar Mikroelektronika dan Mikrokomputer;04.1603;160;Umum;Umum;65.45;Umum, Teknik Informatika & Komputer
3731;Kamus Elektronika Teknologi Baru;621.381.025;621;Teknik Elektro;Teknik Elektro;89.15;Teknik Elektro
3732;Kamus Istilah skripsi dan tesis;030;30;Umum;Umum;68.61;Umum, Teknik Informatika & Komputer
3733;Kamus Lengkap Cina Indonesia;413.951;413;Umum;Umum;95.55;Umum
3734;Kamus Linguistik;403;403;Umum;Umum;94.45;Umum
3737;Kamus Standar Bahasa Indonesia-Jepang;495.69922103;495;Umum;Umum;100.0;Umum
3738;Kamus Teknik : Empat Bahasa Belanda - Inggris - Jerman - Indonesia;620.003;620;Teknik Mesin;Teknik Mesin;92.82;Teknik Mesin
3741;Kamus Teknik empat Bahasa Belanda Inggris Jerman Indonesia;620.003;620;Teknik Mesin;Teknik Mesin;91.27;Teknik Mesin
3742;Kamus Teknik Empat Bahasa Belanda Inggris, Jerman Indonesia;620.003;620;Teknik Mesin;Teknik Mesin;94.48;Teknik Mesin
3743;Kejahatan terhadap perbankan;332.1;332;Akuntansi;Akuntansi;79.89;Akuntansi, Umum
3744;Kesehatan Dalam Angka Facts and Figures in Health 1993;610.021;610;Umum;Umum;97.87;Umum
3745;Kesusastraan Amerika;891.9;891;Umum;Umum;98.13;Umum
3746;Keterampilan bernegosiasi;685.4;685;Teknik Mesin;Teknik Mesin;100.0;Teknik Mesin
3747;Keterampilan Bertanya Dan Menjelaskan : untuk guru, macaru, dan pelatih macaru Program Pengalaman Lapangan;371.1;371;Umum;Umum;98.14;Umum
3748;Komunikasi : Komunikasi dan Hubungan Masyarakat;302.2;302;Umum;Umum;92.63;Umum
3753;Komunikasi Politik dan Sistem Politik Indonesia;320.9598;320;Umum;Umum;99.01;Umum
3754;Kredit berdokumen (L/C) dan lalulintas pembayaran penunjang globalisasi perekonomian;332.77;332;Akuntansi;Akuntansi;94.32;Akuntansi
3755;Kriminalistik : Pengetahuan Tentang Teknik dan Taktik Penyidikan;364.1;364;Umum;Umum;88.39;Umum
3757;Lapar;813;813;Umum;Umum;100.0;Umum
3758;Learning throuhg simulations : A Guide to the design and use of simulations in business and education;650.011;650;Administrasi Niaga;Administrasi Niaga;80.77;Administrasi Niaga, Umum
3759;LISP;005.133;5;Teknik Informatika & Komputer;Teknik Informatika & Komputer;99.02;Teknik Informatika & Komputer
3760;Logic Design Theory;621.395;621;Teknik Elektro;Teknik Elektro;90.85;Teknik Elektro
3761;Lotus untuk Bisnis dan Hobi : Dokumentasi dengan Cetakan;0053;5;Teknik Informatika & Komputer;Teknik Informatika & Komputer;90.36;Teknik Informatika & Komputer
3763;Mahir Mengetik 10 jari : Cepat tepat dengan Sistem module;653.2;653;Administrasi Niaga;Administrasi Niaga;82.05;Administrasi Niaga
3765;Managing the profesional service firm;658;658;Administrasi Niaga;Administrasi Niaga;100.0;Administrasi Niaga
3766;Manajemen : suatu pengantar;658;658;Administrasi Niaga;Administrasi Niaga;96.3;Administrasi Niaga
3767;Manajemen Dana Bank;658.15;658;Administrasi Niaga;Administrasi Niaga;83.96;Administrasi Niaga, Akuntansi
3768;Manajemen Kantor Teori dan Praktek;651.3;651;Administrasi Niaga;Administrasi Niaga;96.1;Administrasi Niaga
3769;Manajemen pemasaran;658.8;658;Administrasi Niaga;Administrasi Niaga;100.0;Administrasi Niaga
3771;Manajemen Proyek : Empat langkah menuju keberhasilan;658.404;658;Administrasi Niaga;Administrasi Niaga;100.0;Administrasi Niaga
3772;Manajemen Proyek: Empat langkah menuju Keberhasilan;658.404;658;Administrasi Niaga;Administrasi Niaga;100.0;Administrasi Niaga
3773;Manajemen Transportasi;658.383;658;Administrasi Niaga;Administrasi Niaga;93.09;Administrasi Niaga
3775;Masalah pengaturan alih teknologi;338.926;338;Administrasi Niaga;Administrasi Niaga;96.45;Administrasi Niaga
3776;Matematika Dasar;512;512;Matematika;Matematika;100.0;Matematika
3777;Matematika Teknik Lanjutan;512.1;512;Matematika;Matematika;100.0;Matematika
3781;McGraw-Hill Handbook of Electrical Construction Calculations;621.319;621;Teknik Elektro;Teknik Elektro;88.7;Teknik Elektro
3783;Mekanika Fluida dan Hidraulika;532.1;532;Teknik Elektro;Teknik Elektro;85.05;Teknik Elektro
3789;Mekanika Tanah dalam Praktek Rekayasa jilid 1;624.15;624;Teknik Sipil;Teknik Sipil;100.0;Teknik Sipil
3791;Mekanika Teknik Dinamika;620.1054;620;Teknik Mesin;Teknik Mesin;97.72;Teknik Mesin
3792;Mekanika teknik dinamika Jilid 2;620.1;620;Teknik Mesin;Teknik Mesin;90.97;Teknik Mesin
3794;Melacak Kesalahan Elektronika;621.389;621;Teknik Elektro;Teknik Elektro;91.0;Teknik Elektro
3796;Memakai Coreldraw versi 3.0;005.133;5;Teknik Informatika & Komputer;Teknik Informatika & Komputer;100.0;Teknik Informatika & Komputer
3797;Memancing di Perairan Tawar dan Laut;797.17;797;Umum;Umum;90.1;Umum
3798;Memancing Harimau Turun Gunung : 36 Strategi Perang Cina Kuno;658.2;658;Administrasi Niaga;Administrasi Niaga;95.31;Administrasi Niaga
3799;Memasang sendiri sistem alarm;384.7;384;Administrasi Niaga;Administrasi Niaga;100.0;Administrasi Niaga
3800;Memotivasi Pegawai;658;658;Administrasi Niaga;Administrasi Niaga;97.62;Administrasi Niaga
3801;Mengefektifkan kinerja;658.314;658;Administrasi Niaga;Administrasi Niaga;100.0;Administrasi Niaga
3802;Mengelola Waktu;658;658;Administrasi Niaga;Administrasi Niaga;100.0;Administrasi Niaga
3803;Menguasai Autocad Release 12;005.73;5;Teknik Informatika & Komputer;Teknik Informatika & Komputer;100.0;Teknik Informatika & Komputer
3804;Menuju abad ke-21 : Tindakan sukarela dan agenda global forum pembangunan berpusat rakyat;330.4;330;Administrasi Niaga;Administrasi Niaga;84.18;Administrasi Niaga
3805;Menyambut Kelahiran Bayi Anda : Pedoman Praktis Untuk Perawatan Bayi;618.4;618;Umum;Umum;90.19;Umum
3808;Menyusun lapaoran teknik;808.06;808;Umum;Umum;100.0;Umum
3809;Menyusun Laporan Teknik;808.06;808;Umum;Umum;91.13;Umum
3813;Merakit Sendiri Videoscope;621.388.332;621;Teknik Elektro;Teknik Elektro;82.27;Teknik Elektro, Teknik Informatika & Komputer
3816;Metode dan analisis penelitian;001.42;1;Teknik Informatika & Komputer;Teknik Informatika & Komputer;82.71;Teknik Informatika & Komputer
3817;Metode ramalan kuantitatif untuk perencanaan ekonomi dan bisnis;133.3;133;Umum;Umum;71.8;Umum, Administrasi Niaga
3818;Microcomputer Engineering;621.391;621;Teknik Elektro;Teknik Elektro;79.23;Teknik Elektro, Teknik Informatika & Komputer
3819;Mictocomputer Engineering;621.341;621;Teknik Elektro;Teknik Elektro;90.59;Teknik Elektro
3821;Modeling Analisis of Manufacturing Systems;6585;658;Administrasi Niaga;Administrasi Niaga;87.2;Administrasi Niaga
3822;Modern control systems analysis and design;629.83;629;Teknik Mesin;Teknik Mesin;100.0;Teknik Mesin
3823;Modern Industrial Electronics;621.381;621;Teknik Elektro;Teknik Elektro;90.6;Teknik Elektro
3824;Motivasi dan Kepribadian 1;158.1;158;Umum;Umum;100.0;Umum
3825;Organisasi : Perilaku, Struktur, Proses;658.1;658;Administrasi Niaga;Administrasi Niaga;100.0;Administrasi Niaga
3826;Pedoman Penyusunan Profil Kesehatan Propinsi;351.77028;351;Umum;Umum;94.0;Umum
3827;Pedoman untuk mencari sumber kerusakan merawat dan menjalankan kendaraan bermotor : Petunjuk-petunjuk yang bermanfaat bagi pengemudi dan pemilik kendaraan bermotor;629.287;629;Teknik Mesin;Teknik Mesin;96.9;Teknik Mesin
3828;Pedoman untuk Mencari sumber Kerusakan, Merawat dan Menjalankan Kendaraan Bermotor;629.287;629;Teknik Mesin;Teknik Mesin;93.59;Teknik Mesin
3829;Pendayagunaan sumber daya manusia secara manusiawi;331.11;331;Administrasi Niaga;Administrasi Niaga;86.05;Administrasi Niaga
3831;Pendidikan keterampilan industri teknik parabola rekayasa teknologi parabola paratekno;516.15;516;Matematika;Matematika;68.97;Matematika, Teknik Mesin
3832;Pengantar akuntansi manajemen;657.02;657;Akuntansi;Akuntansi;75.92;Akuntansi, Administrasi Niaga
3833;Pengantar Kebijaksanaan Ekonomi;338.9;338;Administrasi Niaga;Administrasi Niaga;93.42;Administrasi Niaga
3834;Pengantar Psikologi Umum dan Perkembangan;155;155;Umum;Umum;100.0;Umum
3835;Pengantar Sistem Informasi Manajemen;658.4038;658;Administrasi Niaga;Administrasi Niaga;90.64;Administrasi Niaga
3838;Pengkajian Program Pengembangan IPTEK di Perguruan Tinggi dalam Rangka Merumuskan Peranan IPTEK dalam Menunjang Kebijaksanaan Pembangunan;371.1;371;Umum;Umum;94.24;Umum
3839;Peningkatan mutu pengajaran bahasa Indonesia ragam iptek di perguruan tinggi;410;410;Umum;Umum;98.48;Umum
3840;Penulisan karangan ilmiah dengan bahasa Indonesia yang benar;808.066;808;Umum;Umum;95.98;Umum
3841;Perancangan dan Pemeliharaan Sistem Plambing;696.1;696;Teknik Sipil;Teknik Sipil;89.67;Teknik Sipil
3842;Perang pemasaran;380.1;380;Administrasi Niaga;Administrasi Niaga;90.25;Administrasi Niaga
3843;Perencanaan dan Perancangan Bandar Udara;625.83;625;Teknik Sipil;Teknik Sipil;68.99;Teknik Sipil, Teknik Mesin
3844;Pergilah Kejalan Islam : Sebuah paket tentang metode gerakan Islam kini;297.67;297;Umum;Umum;96.91;Umum
3845;Pesawat-pesawat conversi energi II : Turbin Uap;621.165;621;Teknik Mesin;Teknik Mesin;96.96;Teknik Mesin
3846;Petunjuk menikmati hidup dan pekerjaan anda;131;131;Umum;Umum;98.3;Umum
3847;Petunjuk praktis bermain tenis;796.342;796;Umum;Umum;90.05;Umum
3848;Pinjaman luar negeri : Serta prosedur administratif dalam pembiyayaan proyek pembangunan di Indonesia;336.34;336;Akuntansi;Akuntansi;75.38;Akuntansi, Administrasi Niaga
3849;Pokok-Pokok Pemantapan Dan Pengembangan Sistem Informasi Kesehatan;351.819;351;Umum;Umum;88.58;Umum
3851;Pompa Dan Blower Sentrifugal;621.63;621;Teknik Mesin;Teknik Mesin;92.71;Teknik Mesin
3857;Power Electronics : Circuit, Devices, and Applications;621.317;621;Teknik Elektro;Teknik Elektro;91.53;Teknik Elektro
3860;Power Electronis : Circuit, Devices, and Applications;621.317;621;Teknik Elektro;Teknik Elektro;84.17;Teknik Elektro, Teknik Mesin
3861;Prinsip-prinsip Dasar Keimanan;297.211;297;Umum;Umum;100.0;Umum
3862;Prinsip-prinsip Dasar Sastra;801;801;Umum;Umum;87.35;Umum
3863;Prinsip-prinsip keseimbangan kimia;540.1;540;Teknik Sipil;Teknik Sipil;83.82;Teknik Sipil
3866;Proces/Industrial Instruments and Controls Handbook;629.8;629;Teknik Mesin;Teknik Mesin;96.46;Teknik Mesin
3867;Process/Industrial Instrument and Controls Handbook;629.8;629;Teknik Mesin;Teknik Mesin;83.03;Teknik Mesin, Teknik Informatika & Komputer
3868;Process/Industrial Instruments and Controls HandBook;6298;629;Teknik Mesin;Teknik Mesin;82.06;Teknik Mesin, Teknik Informatika & Komputer
3870;Production and Operations Management : Manufacturing and Services;6585;658;Administrasi Niaga;Administrasi Niaga;100.0;Administrasi Niaga
3871;Psikologi perusahaan;158;158;Umum;Umum;93.43;Umum
3872;Pusat Pembangkit Tenaga Listrik;621.31;621;Teknik Elektro;Teknik Elektro;85.57;Teknik Elektro
3873;Quantities and Units for Science and Technics;502.8;502;Sains;Sains;73.96;Sains
3874;Rencana dan estimate real of cost;690;690;Teknik Sipil;Teknik Sipil;92.92;Teknik Sipil
3875;Renovasi rumah;728;728;Teknik Grafika & Penerbitan;Teknik Grafika & Penerbitan;86.79;Teknik Grafika & Penerbitan
3877;Sari-sari Manajemen;658;658;Administrasi Niaga;Administrasi Niaga;100.0;Administrasi Niaga
3878;Seluk beluk dan teknik perdagangan luar negeri : satuan penuntun ekspor dan impor;382;382;Administrasi Niaga;Administrasi Niaga;83.22;Administrasi Niaga, Umum
3879;Seluk beluk dan teknik perdagangan luar negeri : Suatu penuntun impor & ekspor;382;382;Administrasi Niaga;Administrasi Niaga;87.36;Administrasi Niaga
3880;Seni Memperhatikan : Terjemahan dan pengantar oleh Agus Cremers dan Drs Frans Ceunfin;177;177;Umum;Umum;90.5;Umum
3881;Seri ilmu dan seni manajemen bisnis : Memimpin manusia;658;658;Administrasi Niaga;Administrasi Niaga;97.32;Administrasi Niaga
3882;Seri Peraturan Perundang-undangan Republik Indonesia 1985 - 1992;342.02;342;Umum;Umum;87.15;Umum
3883;Siapkah Anda Mengelola ?;658;658;Administrasi Niaga;Administrasi Niaga;100.0;Administrasi Niaga
3884;Sistem Pengendalian Manajemen : Suatu Pengantar;658.4013;658;Administrasi Niaga;Administrasi Niaga;100.0;Administrasi Niaga
3885;Sistem Telekomunikasi 2;621.388.5;621;Teknik Elektro;Teknik Elektro;98.69;Teknik Elektro
3886;Sistem Telekomunikasi : Berdasarkan Kurikulum & GBPP STM Telekomunikasi, Untuk Semester 3;621.388.5;621;Teknik Elektro;Teknik Elektro;90.05;Teknik Elektro
3887;Soaiologi Agama;291.17;291;Umum;Umum;98.57;Umum
3888;Soal Dan Penyelesaian Hidrolika;627;627;Teknik Sipil;Teknik Sipil;78.47;Teknik Sipil
3890;Standard Handbook For Electrical Engineers;621.3;621;Teknik Elektro;Teknik Elektro;84.57;Teknik Elektro
3891;Statistik untuk Manajemen dan Ekonomi;519.5;519;Matematika;Matematika;84.48;Matematika
3894;Surat Bisnis Modern;658.45;658;Administrasi Niaga;Administrasi Niaga;100.0;Administrasi Niaga
3896;Taguchi Methods Explained : Practical Steps to Robust Design;871.25 hlm.;871;Umum;Umum;69.35;Umum, Teknik Mesin
3897;Tanggung Jawab Umat Islam dihadapan Umat Dunia;297.5;297;Umum;Umum;100.0;Umum
3898;Tanggung Jawab Umat Islam dihadapkan Umat Dunia;297.5;297;Umum;Umum;100.0;Umum
3899;Tantangan dan peluang 1993;959.8;959;Umum;Umum;95.89;Umum
3900;TCP/IP network administration;005.713;5;Teknik Informatika & Komputer;Teknik Informatika & Komputer;99.47;Teknik Informatika & Komputer
3901;Teguchi Methods Explaned : Practical Steps to Robust design;671.25;671;Teknik Mesin;Teknik Mesin;100.0;Teknik Mesin
3902;Teknik Jalan Raya;6257;625;Teknik Sipil;Teknik Sipil;98.3;Teknik Sipil
3903;Teknik mendesain perabot yang benar;694.31;694;Teknik Sipil;Teknik Sipil;82.64;Teknik Sipil
3906;Tele Selling;380.1;380;Administrasi Niaga;Administrasi Niaga;100.0;Administrasi Niaga
3907;Teori dan Aplikasi Program Komputer COBOL dengan 343 Contoh Program;005.133;5;Teknik Informatika & Komputer;Teknik Informatika & Komputer;95.82;Teknik Informatika & Komputer
3909;Teori dan soal-soal Transpormasi laplace;515.723;515;Matematika;Matematika;98.45;Matematika
3910;Teori Soal dan Penyelesaian Konstruksi Beton Praktek jilid 1;624;624;Teknik Sipil;Teknik Sipil;94.0;Teknik Sipil
3911;Teori Soal dan Penyelesaian Konstruksi Beton Pratekan;693;693;Teknik Sipil;Teknik Sipil;100.0;Teknik Sipil
3914;Tune up & perawatan;629.2;629;Teknik Mesin;Teknik Mesin;96.66;Teknik Mesin
3915;Tuntunan Praktis Pemrograman Clipper 5 : Tingkat Lanjut;005.7565;5;Teknik Informatika & Komputer;Teknik Informatika & Komputer;99.56;Teknik Informatika & Komputer
3916;Turbin Uap : Teori dan Rancangan;621.165;621;Teknik Mesin;Teknik Mesin;100.0;Teknik Mesin
3919;Turbin Uap Teori dan Rancangan : P. Shlyakhin;621.165;621;Teknik Mesin;Teknik Mesin;93.23;Teknik Mesin
3925;Ujian Cobaaan Fitnah dalam Da'wah;297.6;297;Umum;Umum;100.0;Umum
3926;Ujian Cobaan Fitnah : Dalam Da'wah;297.6;297;Umum;Umum;100.0;Umum
3927;Understanding And Using English Grammar;425;425;Umum;Umum;97.49;Umum
3928;Understanding business;650;650;Administrasi Niaga;Administrasi Niaga;100.0;Administrasi Niaga
3929;Understanding comics : the invisible art;741.5;741;Teknik Grafika & Penerbitan;Teknik Grafika & Penerbitan;84.78;Teknik Grafika & Penerbitan
3930;Up & Runing with Harvard Graphics for Windows;005.369;5;Teknik Informatika & Komputer;Teknik Informatika & Komputer;100.0;Teknik Informatika & Komputer
3931;UU RI No. 14 tahun 1992 Tentang Lalu Lintas dan Angkutan Jalan Dalam rangka Menyebut Operasi Zebra 1993;343.094.594;343;Umum;Umum;93.47;Umum
3932;Wanita Ciptaan Ajaib : Beberapa Gangguan Sistem Tumbuh dan Perawatan;614;614;Umum;Umum;89.21;Umum
3933;Welcome to personal computer;004;4;Teknik Informatika & Komputer;Teknik Informatika & Komputer;96.52;Teknik Informatika & Komputer
3935;Workbook for Machining Fundamentals : From Basic To Advanced Techniques;621.9;621;Teknik Mesin;Teknik Mesin;99.74;Teknik Mesin
3936;Workbook for Technology of Machine Tools;621.902;621;Teknik Mesin;Teknik Mesin;93.48;Teknik Mesin
3937;Yang tergusur;306.089 24;306;Umum;Umum;99.62;Umum
3939;Advanced Concepts in Operating Systems;005.43;5;Teknik Informatika & Komputer;Teknik Informatika & Komputer;100.0;Teknik Informatika & Komputer
3940;Akuntansi Biaya jilid 2 : Perencanaan & Pengendalian;657.42;657;Akuntansi;Akuntansi;91.98;Akuntansi
3941;Akuntansi Keuangan Menengah;657;657;Akuntansi;Akuntansi;100.0;Akuntansi
3943;An Introductiopn to Formal Specification with Z and VDM;0051;5;Teknik Informatika & Komputer;Teknik Informatika & Komputer;94.37;Teknik Informatika & Komputer
3944;Analisa : Car Modern Anggaran Biaya Pelaksanaan;658.2;658;Administrasi Niaga;Administrasi Niaga;89.92;Administrasi Niaga
3947;Analisa Anggaran Biaya Pelaksanaan;658.2;658;Administrasi Niaga;Administrasi Niaga;100.0;Administrasi Niaga
3951;Analisis administrasi manajemen dan kepemimpinan pendidikan;371.2;371;Umum;Umum;81.86;Umum, Administrasi Niaga
3952;Analog VLSI : Signal and Information Processing;621.3815;621;Teknik Elektro;Teknik Elektro;100.0;Teknik Elektro
3953;Analog-to-digital conversion : a practical approach;621.398;621;Teknik Elektro;Teknik Elektro;100.0;Teknik Elektro
3954;Aneka hukum bisnis;346.07;346;Umum;Umum;89.91;Umum
3955;Apa dan Siapa Orang Jawa Tengan;920.5982;920;Umum;Umum;100.0;Umum
3956;Applied Numerical Methods for Engineers;519.402.462;519;Matematika;Matematika;99.89;Matematika
3957;Arsitektur bentuk ruang dan susunannya...;724;724;Teknik Grafika & Penerbitan;Teknik Grafika & Penerbitan;97.62;Teknik Grafika & Penerbitan
3958;Arus Bolak-Balik : Diktat, Soal dan Penyelesaian;537.6;537;Teknik Elektro;Teknik Elektro;95.98;Teknik Elektro
3962;Auditing konteporer;657.45;657;Akuntansi;Akuntansi;98.01;Akuntansi
3963;Autocad 12 For Windows;005.1;5;Teknik Informatika & Komputer;Teknik Informatika & Komputer;100.0;Teknik Informatika & Komputer
3964;Automating business process reengineering : Breaking the TQM barner;658.56;658;Administrasi Niaga;Administrasi Niaga;100.0;Administrasi Niaga
3965;Bagaimana meningkatkan daya saing : Manajemen keselarasan;658;658;Administrasi Niaga;Administrasi Niaga;100.0;Administrasi Niaga
3966;Bagaimana Meningkatkan daya sang Manajemen Keselarasan;658;658;Administrasi Niaga;Administrasi Niaga;100.0;Administrasi Niaga
3967;Bangunan Tropis;725;725;Teknik Grafika & Penerbitan;Teknik Grafika & Penerbitan;80.04;Teknik Grafika & Penerbitan
3968;Banking, Finance & Monetary Policy In Singapore;332.112095957;332;Akuntansi;Akuntansi;100.0;Akuntansi
3969;Basic Aerobatics;797.54;797;Umum;Umum;69.32;Umum, Teknik Mesin
3970;Basic electronic : A tex lab manual;621.3815;621;Teknik Elektro;Teknik Elektro;100.0;Teknik Elektro
3971;Bathroom Remodeling;643.52;643;Umum;Umum;68.46;Umum, Teknik Grafika & Penerbitan
3972;Belajar AutoCad 12 dalam Sehari;005.711;5;Teknik Informatika & Komputer;Teknik Informatika & Komputer;100.0;Teknik Informatika & Komputer
3973;Belajar PageMaker 5.0 dalam sehari : Kenneth L. Hughes;006686;6;Teknik Informatika & Komputer;Teknik Informatika & Komputer;91.01;Teknik Informatika & Komputer
3974;Benarkah Aqidah Ahlussunnah Wal Jama'ah;297.86;297;Umum;Umum;100.0;Umum
3975;Berbicara efektif : Panduan penting untuk mendapatkan hasil terbaik dari keterampilan presentasi anda;384.092;384;Administrasi Niaga;Administrasi Niaga;73.08;Administrasi Niaga, Umum
3976;Berbicara efektif : Panduan penting untuk mendapatkan hasil terbaik dari keterampilanpresentasi anda;384.092;384;Administrasi Niaga;Administrasi Niaga;78.86;Administrasi Niaga, Umum
3977;Berpikir kreatif : Dalam pengambilan keputusan dan manajemen;153.42;153;Umum;Umum;81.1;Umum
3978;Beyond the Frontiers of Indonesian Banking and Finance;3321;332;Akuntansi;Akuntansi;94.1;Akuntansi
3979;Bituminous Mixtures : In Road Construction;624;624;Teknik Sipil;Teknik Sipil;100.0;Teknik Sipil
3980;Buddhisme Zen;294.3;294;Umum;Umum;100.0;Umum
3981;Build Your Own Low-Cost Data Acquisition and Display Devices;005.7;5;Teknik Informatika & Komputer;Teknik Informatika & Komputer;100.0;Teknik Informatika & Komputer
3982;Buku Latihan dBase III Plus tingkat lanjut Soal dan Jawab;005.7565;5;Teknik Informatika & Komputer;Teknik Informatika & Komputer;98.57;Teknik Informatika & Komputer
3983;Buku latihan Dbase III Plus tingkat Soal dan Jawab;0057565;5;Teknik Informatika & Komputer;Teknik Informatika & Komputer;100.0;Teknik Informatika & Komputer
3984;Buku Pedoman Ahli Pemasang Pipa;696.2028;696;Teknik Sipil;Teknik Sipil;81.33;Teknik Sipil
3985;Buku Pegangan Teknik Telekomunikasi;621.382;621;Teknik Elektro;Teknik Elektro;100.0;Teknik Elektro
3987;Business Letters;651;651;Administrasi Niaga;Administrasi Niaga;90.72;Administrasi Niaga
3988;Cataloging and Classification  : An Interodaction;025.34;25;Teknik Informatika & Komputer;Teknik Informatika & Komputer;89.66;Teknik Informatika & Komputer
3989;CICS/ESA Version 3 Architercture and Problem Determination;005.43;5;Teknik Informatika & Komputer;Teknik Informatika & Komputer;85.51;Teknik Informatika & Komputer
3990;Communication Systems;621.382;621;Teknik Elektro;Teknik Elektro;100.0;Teknik Elektro
3992;Computer and the Americans with Disabilities Act : A Manager's Guide;3624048;362;Umum;Umum;87.84;Umum
3993;Computer integrated manufacturing;670.285;670;Teknik Mesin;Teknik Mesin;81.1;Teknik Mesin, Teknik Informatika & Komputer
3994;Computer organization & design the hardware,software interface;004.22;4;Teknik Informatika & Komputer;Teknik Informatika & Komputer;89.7;Teknik Informatika & Komputer
3995;Concrete Bridges : Inspection, repair Strengthening, Testing and Load Capacity Evaluation;624.2;624;Teknik Sipil;Teknik Sipil;95.8;Teknik Sipil
3996;Concrete Bridges : Inspection, repair, Strengthening, Testing and Load Capacity Evaluation;624.2;624;Teknik Sipil;Teknik Sipil;94.96;Teknik Sipil
3997;Contoh-contoh Kontrak, Rekes & Surat Resmi Sehari-hari;383122;383;Administrasi Niaga;Administrasi Niaga;71.13;Administrasi Niaga, Umum
4000;Contoh-contoh kontrak, rekes dan surat resmi sehari-hari;383.122;383;Administrasi Niaga;Administrasi Niaga;89.11;Administrasi Niaga
4001;Cutting the cost of flying;629132;629;Teknik Mesin;Teknik Mesin;85.89;Teknik Mesin
4002;Daftar-daftar untuk konstruksi baja;693.7;693;Teknik Sipil;Teknik Sipil;84.28;Teknik Sipil
4005;Dasar-dasar akuntansi bank;657;657;Akuntansi;Akuntansi;100.0;Akuntansi
4007;Dasar-Dasar Fisika Universitas : Mekanika dan Termodinamika;530.1;530;Teknik Elektro;Teknik Elektro;100.0;Teknik Elektro
4008;Dasar-dasar termodinamika teknik;621.402;621;Teknik Mesin;Teknik Mesin;80.27;Teknik Mesin, Teknik Elektro
4009;Data : Informasi Tenaga di Bidang Kesehatan di Daerah Th1992;351770683021;351;Umum;Umum;96.97;Umum
4010;Data Dan Persamaan Fet & Mosfet (Tower's InternationalIospower and other Fet Selector;621.381.528;621;Teknik Elektro;Teknik Elektro;100.0;Teknik Elektro
4011;Data dan persamaan FET & MOSFET : Towers' international mospower and other FET selector;621.381;621;Teknik Elektro;Teknik Elektro;100.0;Teknik Elektro
4012;dBase III +, FoxBase Multi User (Local Network);005.7565;5;Teknik Informatika & Komputer;Teknik Informatika & Komputer;100.0;Teknik Informatika & Komputer
4013;Desain Pelatihan Efektif : Bagi Supervisor dan Manajemen Madya;6585;658;Administrasi Niaga;Administrasi Niaga;91.17;Administrasi Niaga
4016;Distributed Systems : Concepts and design;003.78;3;Teknik Informatika & Komputer;Teknik Informatika & Komputer;74.74;Teknik Informatika & Komputer
4017;Doing Social Reseach;30072;300;Umum;Umum;83.24;Umum, Teknik Informatika & Komputer
4018;Ekonomi enak dibaca dan perlu;330.959;330;Administrasi Niaga;Administrasi Niaga;100.0;Administrasi Niaga
4019;Ekonomi Makro;339.5;339;Administrasi Niaga;Administrasi Niaga;97.36;Administrasi Niaga
4020;Ekonomi manajemen dan pemasaran berwawasan internasional/global;330.9;330;Administrasi Niaga;Administrasi Niaga;100.0;Administrasi Niaga
4022;Eksekutif yang efektif;342.06;342;Umum;Administrasi Niaga;78.67;Administrasi Niaga, Umum
4023;Electronic Devices : A Text And Software Problems Manual;621.381;621;Teknik Elektro;Teknik Elektro;100.0;Teknik Elektro
4024;Electronic Materials and Processes Handbook;621.381;621;Teknik Elektro;Teknik Elektro;84.46;Teknik Elektro, Teknik Mesin
4025;Elektro magnetic;621.24;621;Teknik Mesin;Teknik Elektro;79.85;Teknik Elektro, Teknik Mesin
4027;Elemen Mesin : Elemen Konstruksi Bangunan Mesin;621.82;621;Teknik Mesin;Teknik Mesin;83.18;Teknik Mesin, Teknik Sipil
4028;Elemen Mesin : Elemen kontruksi dari bangunan mesin;621.82;621;Teknik Mesin;Teknik Mesin;100.0;Teknik Mesin
4029;Elemen Mesin jilid 1 : Disain dan Kalkulus dari Sambungan, Bantalan dan Poros;621.;621;Teknik Mesin;Teknik Mesin;100.0;Teknik Mesin
4030;Elementary linear algebra;512.5;512;Matematika;Matematika;94.17;Matematika
4031;Elementary Numerical Analysis;519.4;519;Matematika;Matematika;95.96;Matematika
4032;Elying in Adverse Conditions;629.1325214;629;Teknik Mesin;Teknik Mesin;85.96;Teknik Mesin
4033;Energy : Technology & Development;621.042.5;621;Teknik Mesin;Teknik Mesin;92.51;Teknik Mesin
4034;Entrepeneurship;658421;658;Administrasi Niaga;Administrasi Niaga;100.0;Administrasi Niaga
4035;Environmental Analysis : Analytical Chemistry by Open Learning;620.8;620;Teknik Mesin;Teknik Mesin;80.54;Teknik Mesin
4036;Etika Bisnis : Dasar dan aplikasinya;174.4;174;Umum;Umum;100.0;Umum
4037;Exchange Rates and International Finance;332.042;332;Akuntansi;Akuntansi;76.23;Akuntansi, Administrasi Niaga
4040;SOFTWARE QUALITY;658.15;658;Administrasi Niaga;Administrasi Niaga;100.0;Administrasi Niaga
4041;Financial Risk Management : index;658.15;658;Administrasi Niaga;Administrasi Niaga;96.95;Administrasi Niaga
4042;Finite element modeling for stress analysis;624.17;624;Teknik Sipil;Teknik Sipil;77.73;Teknik Sipil, Teknik Mesin
4045;Global Marketing, Syed H. Akhter;658.848;658;Administrasi Niaga;Administrasi Niaga;100.0;Administrasi Niaga
4046;Grafika Komputer dan Antarmuka Grafis : Teknik penyusunan program aplikasi berbasis garfis yang profesional;00666;6;Teknik Informatika & Komputer;Teknik Informatika & Komputer;92.45;Teknik Informatika & Komputer
4047;Hazardous waste management;368.72876;368;Umum;Umum;68.43;Umum
4048;Heating, Ventilating, and Air Conditioning Analysis and Design;697;697;Teknik Sipil;Teknik Sipil;71.54;Teknik Sipil, Teknik Mesin
4049;Ilmu Administrasi;651.3;651;Administrasi Niaga;Administrasi Niaga;100.0;Administrasi Niaga
4050;Industrial economics : Economic analisys and public policy;338.9;338;Administrasi Niaga;Administrasi Niaga;100.0;Administrasi Niaga
4051;Industrial Economics : Economic Analysis and Public Policy;338.9;338;Administrasi Niaga;Administrasi Niaga;99.02;Administrasi Niaga
4053;Inside rad : Haw to build fully functional computer systems in 90 days or less;005.1;5;Teknik Informatika & Komputer;Teknik Informatika & Komputer;92.61;Teknik Informatika & Komputer
4055;International accounting and...;657.96;657;Akuntansi;Akuntansi;99.75;Akuntansi
4056;International Management;658.049;658;Administrasi Niaga;Administrasi Niaga;95.0;Administrasi Niaga
4057;International Organization A Dictionary and Directory;658.13;658;Administrasi Niaga;Administrasi Niaga;77.0;Administrasi Niaga, Umum
4058;Introduction To Total Quality;658.562;658;Administrasi Niaga;Administrasi Niaga;100.0;Administrasi Niaga
4059;Introductory Semiconductor Device Physics;621381152;621;Teknik Elektro;Teknik Elektro;100.0;Teknik Elektro
4060;ISO 9000 In Construction;624;624;Teknik Sipil;Teknik Sipil;86.1;Teknik Sipil
4061;Kamus Komputer Masa Kini;004.003;4;Teknik Informatika & Komputer;Teknik Informatika & Komputer;92.24;Teknik Informatika & Komputer
4063;Kamus saku fisika;530.03;530;Teknik Elektro;Teknik Elektro;96.21;Teknik Elektro
4064;kamus Teknik Listrik;621.406;621;Teknik Mesin;Teknik Elektro;51.11;Teknik Elektro, Teknik Mesin
4065;Keirestu : Inside the hidden Japanese conglomerates;338.804;338;Administrasi Niaga;Administrasi Niaga;83.26;Administrasi Niaga, Umum
4066;Kesehatan dalam angka : facts and figures in health 1993;610.021;610;Umum;Umum;97.79;Umum
4067;Kesehatan Dalam Angka Facts Figures in Health 1993;610.021;610;Umum;Umum;100.0;Umum
4069;Keunggulan Bersaing: menciptakan dan mempertahankan kinerja unggu;658.001;658;Administrasi Niaga;Administrasi Niaga;98.4;Administrasi Niaga
4073;Komposisi : sebuah pengantar kemahiran bahasa;415;415;Umum;Umum;100.0;Umum
4074;Komunikasi Bisnis : Praktis;658.4'5;658;Administrasi Niaga;Administrasi Niaga;80.4;Administrasi Niaga, Umum
4075;Konsep dan perancangan Database;005.74;5;Teknik Informatika & Komputer;Teknik Informatika & Komputer;94.27;Teknik Informatika & Komputer
4076;Kontrl Automatik : Teori dan Penerapan;629.8;629;Teknik Mesin;Teknik Mesin;100.0;Teknik Mesin
4078;Kritik terhadap Ilmu Fiqih dan Ilmu Kalam : Wahiduddin Khan;297.4;297;Umum;Umum;100.0;Umum
4079;Kumpulan Soal dan Jawaban Ujian Nasional Akuntansi Tingkat Dasar Dua;657075;657;Akuntansi;Akuntansi;93.01;Akuntansi
4080;Laboratory Manual of Modern Welding;671.52;671;Teknik Mesin;Teknik Mesin;100.0;Teknik Mesin
4081;Lahir untuk kebebasan : Sejarah perempuan di Amerika;305.409;305;Umum;Umum;100.0;Umum
4082;Logic Synthesis;621.395;621;Teknik Elektro;Teknik Elektro;85.56;Teknik Elektro
4086;Management Control Systems : Using Adaptive Systems to Attain Control;658.15;658;Administrasi Niaga;Administrasi Niaga;92.99;Administrasi Niaga
4087;Management of retail buying;658.87;658;Administrasi Niaga;Administrasi Niaga;100.0;Administrasi Niaga
4088;Management Personalia;658.3;658;Administrasi Niaga;Administrasi Niaga;100.0;Administrasi Niaga
4089;Manajemen Konflik : Konflik perubahan dan pengembangan;351.1;351;Umum;Umum;77.46;Umum, Administrasi Niaga
4091;Manajemen Perkreditan : Bagi Bank Komersil;658.88;658;Administrasi Niaga;Administrasi Niaga;100.0;Administrasi Niaga
4092;Matematika Lanjutan : Untuk Para Insinyur Dan Ilmuwan;510;510;Matematika;Matematika;100.0;Matematika
4094;Matematika Lanjutan untuk Para Insinyur dan Ilmuwan;510;510;Matematika;Matematika;100.0;Matematika
4095;Matematika lanjutanuntuk para insinyur dan ilmuwan;510.2462;510;Matematika;Matematika;100.0;Matematika
4096;Matematika Pengantar untuk ekonomi;510;510;Matematika;Matematika;86.76;Matematika
4097;Mathematics for engineering : An Active-learning approach;510.2;510;Matematika;Matematika;97.94;Matematika
4098;Matlab Tools for Control System Analysis and Design;629.8312;629;Teknik Mesin;Teknik Mesin;68.92;Teknik Mesin, Teknik Elektro
4099;McGraw-Hill Electronic Testing Handbook : Procedures and Techniques;621.380287;621;Teknik Elektro;Teknik Elektro;88.26;Teknik Elektro
4100;Mengenal Dunia Perbankan;332.15;332;Akuntansi;Akuntansi;96.43;Akuntansi
4103;Menjual berlandaskan percaya diri pada tahun 90-an;380.01;380;Administrasi Niaga;Administrasi Niaga;100.0;Administrasi Niaga
4104;Menuju pemasaran glogal;303.6;303;Umum;Umum;61.37;Umum, Administrasi Niaga
4105;Merakit Sendiri Stasiun Mini Pemancar Televisi;621.388;621;Teknik Elektro;Teknik Elektro;95.94;Teknik Elektro
4107;Metodologi penelitian ekonomi;001.42;1;Teknik Informatika & Komputer;Teknik Informatika & Komputer;100.0;Teknik Informatika & Komputer
4108;MKDU: Dasar-Dasar Pendidikan Agama Islam : Untuk Perguruan Tinggi;297.64;297;Umum;Umum;100.0;Umum
4109;Modern Building : Instructor's Guide;671512;671;Teknik Mesin;Teknik Mesin;62.49;Teknik Mesin, Teknik Sipil
4110;Motivasi dan Kepribadian;151.8;151;Umum;Umum;100.0;Umum
4112;Multiengine Fliying;629.1325243;629;Teknik Mesin;Teknik Mesin;91.52;Teknik Mesin
4113;Nuansa menuju perbaikan kualitas dan produktivitas;658.5;658;Administrasi Niaga;Administrasi Niaga;100.0;Administrasi Niaga
4114;Object-oriented system design : An integrated approach;380.1;380;Administrasi Niaga;Administrasi Niaga;89.8;Administrasi Niaga
4115;Operating System Concepts;005.43;5;Teknik Informatika & Komputer;Teknik Informatika & Komputer;100.0;Teknik Informatika & Komputer
4117;Organic synthesis;547.2;547;Teknik Sipil;Teknik Sipil;91.21;Teknik Sipil
4119;Panduan Meng-upgrade PC bagi Semua Orang;005.3;5;Teknik Informatika & Komputer;Teknik Informatika & Komputer;83.37;Teknik Informatika & Komputer
4120;Panic Profits : How to make money when the market takes a dive6cJohn Dennis Brown;332.4;332;Akuntansi;Akuntansi;96.22;Akuntansi
4121;Pedoman Plambing Indonesia 1979;696.1;696;Teknik Sipil;Teknik Sipil;99.53;Teknik Sipil
4122;Pemimpin positif;658;658;Administrasi Niaga;Administrasi Niaga;90.3;Administrasi Niaga
4125;Pengantar hukum kepailitan di Indonesia;346.07;346;Umum;Umum;97.98;Umum
4126;Pengantar ilmu ekonomi bagian mikro;338.5;338;Administrasi Niaga;Administrasi Niaga;100.0;Administrasi Niaga
4127;Pengantar Matematika : Untuk Ilmu Ekonomi Dan Bisnis;510;510;Matematika;Matematika;80.82;Matematika, Administrasi Niaga
4129;Pengembangan Produksi dan Sumber Daya Manusia;331.11;331;Administrasi Niaga;Administrasi Niaga;100.0;Administrasi Niaga
4131;Penggunaan IBM PC-Dos/MS-Dos;005.4;5;Teknik Informatika & Komputer;Teknik Informatika & Komputer;100.0;Teknik Informatika & Komputer
4132;Pengolahan Data Akuntansi Berkomputer;657.453;657;Akuntansi;Akuntansi;82.31;Akuntansi, Teknik Informatika & Komputer
4133;Peralatan instrumen otomotif;62928;629;Teknik Mesin;Teknik Mesin;100.0;Teknik Mesin
4134;Perencanaan biaya bangunan;657.48;657;Akuntansi;Akuntansi;71.64;Akuntansi, Teknik Sipil
4135;Perkembangan pemikiran ekonomi : Dasar teori ekonomi pertumbuhan dan ekonomi pembangunan;338.9;338;Administrasi Niaga;Administrasi Niaga;100.0;Administrasi Niaga
4137;Pokok-pokok analisa laporan keuangan;332.1;332;Akuntansi;Akuntansi;89.98;Akuntansi
4138;Pokok-pokok hukum perikatan;346.02;346;Umum;Umum;89.52;Umum
4141;Pompa dan kompresor;621.69;621;Teknik Mesin;Teknik Mesin;100.0;Teknik Mesin
4142;Pompa dan Kompresor : Pemilihan, Pemakaian dan Pemeliharaan;621.69;621;Teknik Mesin;Teknik Mesin;98.63;Teknik Mesin
4143;Power System Voltage Stability;621.319;621;Teknik Elektro;Teknik Elektro;100.0;Teknik Elektro
4144;Ppengantar hukum kepailitan di Indonesia;346.07;346;Umum;Umum;100.0;Umum
4145;Preconstruction estimating : Budget through bid;692.5;692;Teknik Sipil;Teknik Sipil;99.99;Teknik Sipil
4146;Presentasi bisnis;302.2;302;Umum;Umum;72.76;Umum, Administrasi Niaga
4147;Principles of Composite Material Mechanics;620.118;620;Teknik Mesin;Teknik Mesin;92.05;Teknik Mesin
4150;Prinsip-Prinsip Digital;621.381;621;Teknik Elektro;Teknik Elektro;100.0;Teknik Elektro
4153;Promotional strategy : Managing the Marketing communications process;658.82;658;Administrasi Niaga;Administrasi Niaga;99.5;Administrasi Niaga
4154;Proses Perancangan Pengajaran;375.001;375;Umum;Umum;97.19;Umum
4156;Quality is just the beginning : Managing for total responsiveness;658.562;658;Administrasi Niaga;Administrasi Niaga;100.0;Administrasi Niaga
4157;Rangkaian Digital dan Rancangan Logika;621.3815;621;Teknik Elektro;Teknik Elektro;96.1;Teknik Elektro
4158;Rangkaian Digital dan Rancangan Logika : Digital Circuit and Logic Design;621.3815;621;Teknik Elektro;Teknik Elektro;88.15;Teknik Elektro
4161;Sahabat Internet;004.65;4;Teknik Informatika & Komputer;Teknik Informatika & Komputer;93.1;Teknik Informatika & Komputer
4162;San Pek Eng Tay : Romantika Emansipasi Seorang Perempuan;895.13;895;Umum;Umum;100.0;Umum
4163;Sebuah Petinjuk Dengan Sejumlah Taktik FoxBase+;025.04;25;Teknik Informatika & Komputer;Teknik Informatika & Komputer;95.41;Teknik Informatika & Komputer
4164;Seluk Beluk Organisasi Perusahaan Modern;651.3;651;Administrasi Niaga;Administrasi Niaga;100.0;Administrasi Niaga
4166;Sistem Ekonomi Islam sebuah Alternatif;297.63;297;Umum;Umum;100.0;Umum
4170;Sistem Pengawasan Intern : Sistem Internal Control;658.40;658;Administrasi Niaga;Administrasi Niaga;96.69;Administrasi Niaga
4172;Standar akuntansi keuangan;657;657;Akuntansi;Akuntansi;100.0;Akuntansi
4174;Standar Perencanaan Tapak;624.8;624;Teknik Sipil;Teknik Sipil;98.87;Teknik Sipil
4175;Stasiun mini pemancar televisi;6213888;621;Teknik Elektro;Teknik Elektro;86.5;Teknik Elektro
4176;Pembangkit Listrik Tenaga Surya : PLTS;621.31;621;Teknik Elektro;Teknik Elektro;89.24;Teknik Elektro
4177;Struktur Baja : Desain dan Perilaku;6917;691;Teknik Sipil;Teknik Sipil;97.29;Teknik Sipil
4179;Struktur beton bertulang : Berdasarkan SK SNI T-15-1991- 03 Departemen Pekerjaan Umum RI;624.1834;624;Teknik Sipil;Teknik Sipil;96.65;Teknik Sipil
4182;Supaya Anak Anda Sehat : Petunjuk Bagi Orangtua Menghadapi Berbagai Masalah Kesehatan Anak;614.4;614;Umum;Umum;96.55;Umum
4183;Surat Berharga : Cek, Wesel dan Giro Bilyet;651.7;651;Administrasi Niaga;Administrasi Niaga;64.09;Administrasi Niaga, Akuntansi
4184;Tantangan Industri Manufaktur : Penerapan Perbaikan Berkesinambungan;6585;658;Administrasi Niaga;Administrasi Niaga;81.68;Administrasi Niaga
4185;Tatakrama Perusahaan : Mengelola Hubungan masyarakat dan pribadi;158.2;158;Umum;Umum;87.6;Umum
4187;Tenaga Listrik : Profil dan Anatomi Hasil Pembangunan Dua Puluh Lima Tahun;621.3109.598;621;Teknik Elektro;Teknik Elektro;94.83;Teknik Elektro
4189;Teori dan Soal Matriks : versi SI Matrik;512.943;512;Matematika;Matematika;97.11;Matematika
4190;Teori dan Soal-soal Matematika Lanjutan untuk Para Insinyur dan Ilmuwan;510;510;Matematika;Matematika;97.67;Matematika
4191;Teori Elastisitas;620.1;620;Teknik Mesin;Teknik Mesin;82.52;Teknik Mesin
4193;Texbook of polymer science;668.9;668;Teknik Sipil;Teknik Sipil;78.97;Teknik Sipil
4194;The Economic way of thinking;330;330;Administrasi Niaga;Administrasi Niaga;100.0;Administrasi Niaga
4195;The McGraw-Hill Illustrated Encyclopedia of Robotics & Artificial Intelligence;629.892'03;629;Teknik Mesin;Teknik Mesin;84.28;Teknik Mesin
4196;The New Software Engineering;005.1;5;Teknik Informatika & Komputer;Teknik Informatika & Komputer;91.43;Teknik Informatika & Komputer
4197;The Oxford-Duden Pictorial German-English Dictionary;433;433;Umum;Umum;99.35;Umum
4200;Tuntunan Praktis pemrograman Clipper 5 tingkat dasar;005.7565;5;Teknik Informatika & Komputer;Teknik Informatika & Komputer;93.68;Teknik Informatika & Komputer
4201;Tuntutan Kebaikan dan Kebenaran dari Avalokitesvara Bodhisattva (Kwan SE in Posat);294.3;294;Umum;Umum;100.0;Umum
4202;Tuntutan praktis pemrograman : Membedah PC dengan turbo pascal;005.6;5;Teknik Informatika & Komputer;Teknik Informatika & Komputer;100.0;Teknik Informatika & Komputer
4203;Turbo Pascal Versi 5.0 : Teori Dan Aplikasi Program Komputer Bahasa Turbo Pascal Termasuk Database Toolbox;005.36;5;Teknik Informatika & Komputer;Teknik Informatika & Komputer;100.0;Teknik Informatika & Komputer
4204;Uang dan Perbankan;332.1;332;Akuntansi;Akuntansi;87.08;Akuntansi
4206;Undang-Undang Hak Cipat;346.4;346;Umum;Umum;100.0;Umum
4207;Undang-undang hak cipta paten dan merk serta peraturan dan pelaksanaannya;346.048;346;Umum;Umum;98.3;Umum
4208;Undang-Undang Hak Cipta Yang Telah Diperbaharui;346.4;346;Umum;Umum;99.77;Umum
4209;Undang-Undang Hak Cipta yang telah diperbaruhi :  dilengkapi dengan UU, KEPRES, PP, PERMEN, DLL;346.4;346;Umum;Umum;100.0;Umum
4210;100 penyebab kredit macet;33275;332;Akuntansi;Akuntansi;80.31;Akuntansi
4211;101 easy-to-do auto repairs : Money-saving advice on common car problems you fix yourself;629.28;629;Teknik Mesin;Teknik Mesin;87.19;Teknik Mesin
4212;Accounting Information Systems;657.83;657;Akuntansi;Akuntansi;100.0;Akuntansi
4213;Accounting teks and coses;657;657;Akuntansi;Akuntansi;100.0;Akuntansi
4214;Accounting Text and Cases;657;657;Akuntansi;Akuntansi;95.49;Akuntansi
4215;Advanced engineering mathematics;515;515;Matematika;Matematika;100.0;Matematika
4216;Advertising and Marketing to the New Majority;6591;659;Administrasi Niaga;Administrasi Niaga;97.65;Administrasi Niaga
4217;Akuntansi keuangan dasar 1;657.3;657;Akuntansi;Akuntansi;100.0;Akuntansi
4221;Akuntansi Terpadu dengan Dac Easy Accounting;657;657;Akuntansi;Akuntansi;87.3;Akuntansi
4222;Alat Berat : untuk Mahasiswa Politeknik Jurusan Teknik Sipil Semester 4;621.902;621;Teknik Mesin;Teknik Mesin;72.3;Teknik Mesin, Teknik Sipil
4223;Aljabar linear elementer;512.5;512;Matematika;Matematika;98.63;Matematika
4224;Analisa Break Even;658.15;658;Administrasi Niaga;Administrasi Niaga;100.0;Administrasi Niaga
4225;Analisa Break Even: Ancangan linear secara ringkas dan Praktis;658.15;658;Administrasi Niaga;Administrasi Niaga;94.17;Administrasi Niaga
4229;Analisa Potensi Diri Mengukur Potensi Manajerial Anda;155.2;155;Umum;Umum;91.78;Umum
4230;Analisis Ekonomi teknik;338.826;338;Administrasi Niaga;Administrasi Niaga;97.6;Administrasi Niaga
4234;Analisis Siklus-Siklus Teknik : Pusat daya, Kilang Pendingin dan Pencairan Gas;621.4;621;Teknik Mesin;Teknik Mesin;62.47;Teknik Mesin, Teknik Elektro
4235;Analog-to-Digital Conversion : A Pratical Approach;621.394.14;621;Teknik Elektro;Teknik Elektro;95.99;Teknik Elektro
4236;Applied econometric time series;330.015 195;330;Administrasi Niaga;Administrasi Niaga;87.67;Administrasi Niaga
4237;Artificial Intelegence theory and practice;006.3;6;Teknik Informatika & Komputer;Teknik Informatika & Komputer;90.52;Teknik Informatika & Komputer
4238;ATLAS : Ilmu Pengetahuan Sosial Indonesia & Dunia;912;912;Umum;Umum;89.37;Umum
4239;Audit Manajemen Kontemporer;657.458;657;Akuntansi;Akuntansi;89.77;Akuntansi
4241;Automated Manufacturing Systems : Actuator, control, sensors, and Robotics;670.42;670;Teknik Mesin;Teknik Mesin;83.33;Teknik Mesin, Teknik Informatika & Komputer
4243;Automotive enginers;629.25;629;Teknik Mesin;Teknik Mesin;100.0;Teknik Mesin
4244;Bagaimana Menggunakan Excel 5.0 for Windows;005.3;5;Teknik Informatika & Komputer;Teknik Informatika & Komputer;100.0;Teknik Informatika & Komputer
4246;Bahasa Indonesia 2 : Untuk mahasiswa politeknik;499.21;499;Umum;Umum;100.0;Umum
4247;Bahasa Indonssia : Komunikasi Praktis untuk Mahasiswa Politeknik Jurusan Tata Niaga;499.221;499;Umum;Umum;95.54;Umum
4248;Bahasa Pascal;005.133;5;Teknik Informatika & Komputer;Teknik Informatika & Komputer;96.52;Teknik Informatika & Komputer
4249;Basic Mathematics for Electricity and Electronics;621.3'051;621;Teknik Elektro;Teknik Elektro;86.24;Teknik Elektro
4251;Belajar dari sejarah dan lingkungan : Sebuah renungan mengenai wawasan kebangsaan dan dampak globalisasi;306095;306;Umum;Umum;100.0;Umum
4253;Belajar Sendiri Dos 6.2 dengan Tanya-Jawab;006.3;6;Teknik Informatika & Komputer;Teknik Informatika & Komputer;95.33;Teknik Informatika & Komputer
4255;Buku Teknik Sipil;624;624;Teknik Sipil;Teknik Sipil;100.0;Teknik Sipil
4256;Business Ethics;174.4;174;Umum;Umum;95.37;Umum
4257;Business informations system;651.7;651;Administrasi Niaga;Administrasi Niaga;95.36;Administrasi Niaga
4258;CAD/CAM : Computer-Aided Design and manufacturing;670.285;670;Teknik Mesin;Teknik Mesin;83.33;Teknik Mesin, Teknik Informatika & Komputer
4259;Cad/Cam Computer-Aided Design and Manufacturing;670.285;670;Teknik Mesin;Teknik Mesin;95.92;Teknik Mesin
4260;Cendekiawan Buddhis Mancanegara Bicara Agama Buddha dan Ilmu Pengetahuan;294.3;294;Umum;Umum;100.0;Umum
4261;Cendikiawan Buddhis Mancanegara Bicara Agama Buddha dan Ilmu Pengetahuan;294.3;294;Umum;Umum;100.0;Umum
4264;Complete guide to semiconductor device;621381;621;Teknik Elektro;Teknik Elektro;98.64;Teknik Elektro
4265;Computational fluid dynamics : The basic with applications;532.05;532;Teknik Elektro;Teknik Elektro;90.09;Teknik Elektro
4266;Computer Application in Construction;004.024;4;Teknik Informatika & Komputer;Teknik Informatika & Komputer;99.6;Teknik Informatika & Komputer
4267;Computer Applications In Construction;004.024;4;Teknik Informatika & Komputer;Teknik Informatika & Komputer;88.24;Teknik Informatika & Komputer
4270;Construction safety planning;624.028;624;Teknik Sipil;Teknik Sipil;84.93;Teknik Sipil
4271;Consumer and Business Credit Management;658.88;658;Administrasi Niaga;Administrasi Niaga;91.52;Administrasi Niaga
4274;Creating Laboratorium Management Partnerships;658.3;658;Administrasi Niaga;Administrasi Niaga;95.16;Administrasi Niaga
4277;Dasar-Dasar Pemasaran jilid 1 & 2;658.8;658;Administrasi Niaga;Administrasi Niaga;100.0;Administrasi Niaga
4278;Dasar-dasar public relations;651.374;651;Administrasi Niaga;Administrasi Niaga;90.33;Administrasi Niaga
4279;Dasar-dasar teknik mobil;629,2;629;Teknik Mesin;Teknik Mesin;97.8;Teknik Mesin
4282;Data Structures and Algorithm Analysis;006.73;6;Teknik Informatika & Komputer;Teknik Informatika & Komputer;78.25;Teknik Informatika & Komputer
4283;Data Structures, Algorithms, and Software Principles in C;005.153;5;Teknik Informatika & Komputer;Teknik Informatika & Komputer;94.42;Teknik Informatika & Komputer
4284;Designing Team-Based Organization... : New Forms for Knowledge Work;658.402;658;Administrasi Niaga;Administrasi Niaga;94.42;Administrasi Niaga
4285;Designing Team-Based Organizations;658.402;658;Administrasi Niaga;Administrasi Niaga;100.0;Administrasi Niaga
4286;Desktop Publishing dalam Desain;005.713;5;Teknik Informatika & Komputer;Teknik Informatika & Komputer;84.68;Teknik Informatika & Komputer
4287;Digital logic circuit analysis and design;621.395;621;Teknik Elektro;Teknik Elektro;86.35;Teknik Elektro
4288;Digital logiccircuit analysis and design;621.395;621;Teknik Elektro;Teknik Elektro;90.06;Teknik Elektro
4289;Digital Principles and Applications;621.395;621;Teknik Elektro;Teknik Elektro;83.79;Teknik Elektro
4290;Discrete-time control systems;003.83;3;Teknik Informatika & Komputer;Teknik Informatika & Komputer;60.86;Teknik Informatika & Komputer, Teknik Elektro, Teknik Mesin
4291;Discrette mathematics and its applications;511;511;Matematika;Matematika;92.08;Matematika
4292;Distributed systems concepts and design;003.78;3;Teknik Informatika & Komputer;Teknik Informatika & Komputer;100.0;Teknik Informatika & Komputer
4293;Downsized But Not Out : How To Get Your Next Computer Job;004.16023;4;Teknik Informatika & Komputer;Teknik Informatika & Komputer;86.71;Teknik Informatika & Komputer
4294;Economic Growth;338.9;338;Administrasi Niaga;Administrasi Niaga;100.0;Administrasi Niaga
4295;Ekonomi Growth;338.9;338;Administrasi Niaga;Administrasi Niaga;100.0;Administrasi Niaga
4296;Electronic communications;621.382;621;Teknik Elektro;Teknik Elektro;97.39;Teknik Elektro
4297;Electronic Instrument Handbook;001.38154;1;Teknik Informatika & Komputer;Teknik Informatika & Komputer;75.09;Teknik Informatika & Komputer, Teknik Elektro
4299;Encylopedic Dictionary of Gears And Gearing;621.833;621;Teknik Mesin;Teknik Mesin;89.85;Teknik Mesin
4300;English 1 : for Polytechnic Students in Commerce Division;428;428;Umum;Umum;99.16;Umum
4301;English 2 : For Polytechnic Students in Commerce Division;428;428;Umum;Umum;97.29;Umum
4302;Fares and Ticketing :  Untuk Mahasiswa Politeknik Jurusan Pariwisata;910;910;Umum;Umum;85.54;Umum
4303;Financial management and policy;658.15;658;Administrasi Niaga;Administrasi Niaga;100.0;Administrasi Niaga
4304;Gambar dan Perencanaan Arsitektur;720.28;720;Teknik Grafika & Penerbitan;Teknik Grafika & Penerbitan;93.96;Teknik Grafika & Penerbitan
4305;Gardner's chemical synonyms and trade names;413.1;413;Umum;Umum;80.04;Umum
4306;Geotechnical engineering soil mechanics;624.1553;624;Teknik Sipil;Teknik Sipil;98.78;Teknik Sipil
4308;Hal-hal yan Wajib Diketahui setiap  Muslim;297;297;Umum;Umum;100.0;Umum
4309;Hal-Hal yang wajib diketahui Oleh Setiap Muslim;297;297;Umum;Umum;100.0;Umum
4314;Himpunan Peraturan Tentang Petunjuk Teknis Pelaksanaan Undang-Undang Perpajakan Tahun 1994;336.2;336;Akuntansi;Akuntansi;84.89;Akuntansi, Umum
4315;Hukum Asuransi dan perusahaan asuransi;346.086;346;Umum;Umum;100.0;Umum
4318;Ilmu peluang dan statistik untuk insinyur dan ilmuwan;519.5;519;Matematika;Matematika;95.75;Matematika
4319;Ilmu Peluang Dan Statistika Untuk Insinyur Dan Ilmuwan;519.5;519;Matematika;Matematika;93.83;Matematika
4320;Implementing Total Quality;658.562;658;Administrasi Niaga;Administrasi Niaga;100.0;Administrasi Niaga
4321;Inclusive Tour : Untuk Mahasiswa Politeknik Jurusan Pariwisata;338.479;338;Administrasi Niaga;Administrasi Niaga;71.13;Administrasi Niaga, Umum
4322;Informasi Dalam Konteks Ilmu Informasi, Perpustakaan dan kearsipan serta peranannya Bagi Masyarakat;020.2;20;Teknik Informatika & Komputer;Teknik Informatika & Komputer;73.8;Teknik Informatika & Komputer, Umum
4323;Information technology for management;658.403 6;658;Administrasi Niaga;Administrasi Niaga;100.0;Administrasi Niaga
4324;Inside netware 3.12;005.369;5;Teknik Informatika & Komputer;Teknik Informatika & Komputer;100.0;Teknik Informatika & Komputer
4325;Instalasi Listrik 1;621.319;621;Teknik Elektro;Teknik Elektro;100.0;Teknik Elektro
4326;Instalasi Listrik 1 : untuk Mahasiswa Politeknik Jurusan Teknik Listrik Tahun Pertama;621.319;621;Teknik Elektro;Teknik Elektro;99.63;Teknik Elektro
4328;Integrated Logistics Suport Handbook;338.19;338;Administrasi Niaga;Administrasi Niaga;85.62;Administrasi Niaga
4333;International economics and international economic policy a reader;338.9;338;Administrasi Niaga;Administrasi Niaga;100.0;Administrasi Niaga
4334;International Marketing;380.1;380;Administrasi Niaga;Administrasi Niaga;100.0;Administrasi Niaga
4335;Investment Management;65851;658;Administrasi Niaga;Administrasi Niaga;93.06;Administrasi Niaga
4336;Investments;332.632;332;Akuntansi;Akuntansi;99.36;Akuntansi
4337;Journeyman Plumber's Licensing Exam Guide;696.1076;696;Teknik Sipil;Teknik Sipil;89.16;Teknik Sipil
4339;Kamus Umum BELANDA INDONESIA;413.03;413;Umum;Umum;99.42;Umum
4340;Kearsipan : Untuk mahasiswa Politeknik jurusan Administrasi Niaga;651.53;651;Administrasi Niaga;Administrasi Niaga;89.74;Administrasi Niaga
4341;Keberhasilan Daya Pengaruh Dalam Manajemen;658;658;Administrasi Niaga;Administrasi Niaga;100.0;Administrasi Niaga
4343;Kebijaksanaan Fiskal Dan Moneter;330;330;Administrasi Niaga;Administrasi Niaga;97.27;Administrasi Niaga
4345;Kekuatan Bahan : Tokoh Kokoh Strengh of Materials;620.112;620;Teknik Mesin;Teknik Mesin;89.01;Teknik Mesin
4346;Kesekretariatan 1 : untuk Mahasiswa Politeknik Jurusan Administrasi Niaga;651.374.3;651;Administrasi Niaga;Administrasi Niaga;85.88;Administrasi Niaga
4348;tuntunan thaharah, shalat dan mengrus jenazah;297.41;297;Umum;Umum;99.78;Umum
4350;Kimia : untuk Mahasiswa Politeknik Jurusan Elektro Semester 1;530;530;Teknik Elektro;Teknik Elektro;87.85;Teknik Elektro
4351;Kimia : Untuk Mahasiswa Politeknik Jurusan Teknik Energi dan Teknik Mesin;530;530;Teknik Elektro;Teknik Elektro;96.14;Teknik Elektro
4352;Kimia anorganik : untuk mahasiswa oliteknik Jurusan Kimia semester 2;546;546;Teknik Sipil;Teknik Sipil;83.65;Teknik Sipil
4353;Kitab Tauhid;297.211;297;Umum;Umum;100.0;Umum
4355;Kompetisi masa depan : Strategi-strategi terobosan untuk merebut kendali atas industri anda dan menciptakan pasar masa depan;332.645;332;Akuntansi;Akuntansi;76.79;Akuntansi, Administrasi Niaga
4358;Kumpulan Gambar Pengerjaan Bahan Logam;669042;669;Teknik Sipil;Teknik Sipil;74.9;Teknik Sipil, Teknik Mesin
4360;Kunci penyelesaian soal-soal mikro elektronika;621.381;621;Teknik Elektro;Teknik Elektro;100.0;Teknik Elektro
4361;Liku-liku sejarah perbankan Indonesia;330.9;330;Administrasi Niaga;Administrasi Niaga;71.68;Administrasi Niaga, Akuntansi
4362;Linux Universe : Installation and Configuration;0005.1;0;Teknik Informatika & Komputer;Teknik Informatika & Komputer;97.99;Teknik Informatika & Komputer
4363;Listrik magnet;621.34;621;Teknik Elektro;Teknik Elektro;93.43;Teknik Elektro
4364;Management strategic for IT;005.740 6;5;Teknik Informatika & Komputer;Teknik Informatika & Komputer;100.0;Teknik Informatika & Komputer
4365;Managing Human Resources;658.312;658;Administrasi Niaga;Administrasi Niaga;100.0;Administrasi Niaga
4366;Perancangan Instalasi Pabrik : untuk Mahasiswa Politeknik Rekayasa Semester 5;658.5;658;Administrasi Niaga;Administrasi Niaga;100.0;Administrasi Niaga
4367;Manajemen Industri 2 : Untuk Mahasiswa Politeknik Rekayasa Semestern 6;6585;658;Administrasi Niaga;Administrasi Niaga;100.0;Administrasi Niaga
4368;Manajemen keuangan internasional;658.195;658;Administrasi Niaga;Administrasi Niaga;100.0;Administrasi Niaga
4370;Manajemen Konstruksi Profesional;621.3142;621;Teknik Elektro;Teknik Elektro;72.47;Teknik Elektro, Teknik Sipil
4371;Manajemen Penjualan : Kiat Membentuk Tim yang Tangguh;658;658;Administrasi Niaga;Administrasi Niaga;100.0;Administrasi Niaga
4373;Manajemen Penjualan : Kiat memebentuk Tim yang Tangguh;658;658;Administrasi Niaga;Administrasi Niaga;100.0;Administrasi Niaga
4374;Manajemen Pergudangan;658.78;658;Administrasi Niaga;Administrasi Niaga;100.0;Administrasi Niaga
4376;Manajemen Produksi : untuk Mahasiswa Politeknik Jurusan Mesin;658.562;658;Administrasi Niaga;Administrasi Niaga;100.0;Administrasi Niaga
4378;Manasik Haji dan Umrah & Beberapa Kesalahan Yang Dilakukan Sebagian Jama'ah;297.55;297;Umum;Umum;100.0;Umum
4379;Manasik Haji dan Umroh  :  & Beberapa Kesalahan yang dilakukan sebagaian Jama'ah;297.55;297;Umum;Umum;100.0;Umum
4380;Manufacturing  for export in the developing world : Problems and possibilities;380.1;380;Administrasi Niaga;Administrasi Niaga;86.63;Administrasi Niaga
4381;Mastering Netscape 2.0;005.1;5;Teknik Informatika & Komputer;Teknik Informatika & Komputer;100.0;Teknik Informatika & Komputer
4385;Matematika Dasar Untuk Perguruan Tinggi;510;510;Matematika;Matematika;95.08;Matematika
4388;Matematika untuk ekonomi;331.015 1;331;Administrasi Niaga;Administrasi Niaga;70.13;Administrasi Niaga, Matematika
4389;Matimatika Dasar;512;512;Matematika;Matematika;100.0;Matematika
4390;Mechanical and electrical systems in construction and arcitectures;696;696;Teknik Sipil;Teknik Sipil;91.16;Teknik Sipil
4391;Media planning a pratical guide;659.111;659;Administrasi Niaga;Administrasi Niaga;100.0;Administrasi Niaga
4397;Mekanika Teknik 2 : untuk Mahasiswa Politeknik Jurusan Teknik Mesin;620.1;620;Teknik Mesin;Teknik Mesin;93.0;Teknik Mesin
4399;Mekanika teknik : Dinamika;620.105;620;Teknik Mesin;Teknik Mesin;66.72;Teknik Mesin, Teknik Elektro
4400;Mekanika teknik Dinamika jilid 1;620.105.4;620;Teknik Mesin;Teknik Mesin;85.47;Teknik Mesin
4401;Menggambar Teknik;6042;604;Teknik Mesin;Teknik Mesin;83.0;Teknik Mesin
4402;Mengubah haluan : Pandangan bisnis dunia tentang pembangunan dan lingkungan;363.7;363;Umum;Umum;67.09;Umum, Administrasi Niaga
4403;Merancang tes untuk menilai prestasi siswa;571.271;571;Sains;Sains;77.96;Sains, Umum
4404;Meretas Belenggu Kegagalan dan meraih sukses dalam penjualan :  kisah kegigihan seorang wiraniaga dan rahasianya dalam mengejar keberhasilan;65881;658;Administrasi Niaga;Administrasi Niaga;100.0;Administrasi Niaga
4405;Meretas belenggu kegagalan dan meraih sukses dalam penjualan : Kisah kegigihan seorang wiraniaga dan rahasianya dalam mengejar keberhasilan;658.81;658;Administrasi Niaga;Administrasi Niaga;94.87;Administrasi Niaga
4406;Mesin Elektrik: Aplikasi;621.310.4;621;Teknik Elektro;Teknik Elektro;100.0;Teknik Elektro
4407;Methods in behavioral research;300;300;Umum;Umum;85.39;Umum
4408;Metode Dan Aplikasi Peramalan;011.2;11;Umum;Umum;80.65;Umum
4409;Metodologi Penelitian;001.42;1;Teknik Informatika & Komputer;Teknik Informatika & Komputer;94.5;Teknik Informatika & Komputer
4410;Microeconomic theory;338.5;338;Administrasi Niaga;Administrasi Niaga;100.0;Administrasi Niaga
4411;Microprocessors : Principles And Applications;004.16;4;Teknik Informatika & Komputer;Teknik Informatika & Komputer;97.75;Teknik Informatika & Komputer
4413;Microsoft secrets : How the word's most fowerfull software company;338.761;338;Administrasi Niaga;Administrasi Niaga;85.71;Administrasi Niaga
4414;Microsoft visual basic 6.0 programmer's guide;005.268;5;Teknik Informatika & Komputer;Teknik Informatika & Komputer;100.0;Teknik Informatika & Komputer
4415;Midicom Ln 85V3.0 untuk mahasiswa Politeknik jurusan program studi teknik Telekomunikasi;005.713;5;Teknik Informatika & Komputer;Teknik Informatika & Komputer;79.22;Teknik Informatika & Komputer
4416;Modern data base systems : The object model, interoperability, and beyond;005.75;5;Teknik Informatika & Komputer;Teknik Informatika & Komputer;97.61;Teknik Informatika & Komputer
4418;MVS Control Blocks;00543;5;Teknik Informatika & Komputer;Teknik Informatika & Komputer;95.36;Teknik Informatika & Komputer
4419;Network security : How to plan for it and achieve it;658.478;658;Administrasi Niaga;Administrasi Niaga;100.0;Administrasi Niaga
4420;Network Security : How toPlan for it and Achleve it;658478;658;Administrasi Niaga;Administrasi Niaga;100.0;Administrasi Niaga
4421;Numerical Programming the 387, 486, and Pentium;004.0151;4;Teknik Informatika & Komputer;Teknik Informatika & Komputer;87.83;Teknik Informatika & Komputer
4422;Oprations management : A value driven approach;658.5;658;Administrasi Niaga;Administrasi Niaga;100.0;Administrasi Niaga
4423;Optoelektronika : Untuk mahasiswa Politeknik Jurusan Teknik elektronika;621.381;621;Teknik Elektro;Teknik Elektro;83.32;Teknik Elektro, Teknik Informatika & Komputer
4424;Otoelektronika : Untuk Mahasiswa Politeknik Jurusan Teknik Elektronika;621.381.045;621;Teknik Elektro;Teknik Elektro;100.0;Teknik Elektro
4425;Panduan Lengkap Foxpro: foxBase, FoxBase...;005.74;5;Teknik Informatika & Komputer;Teknik Informatika & Komputer;99.06;Teknik Informatika & Komputer
4426;Panduan praktis windowa, Word, dan Exel;005.1;5;Teknik Informatika & Komputer;Teknik Informatika & Komputer;100.0;Teknik Informatika & Komputer
4427;Panduan Praktis Windows, Word dan Excel;005.1;5;Teknik Informatika & Komputer;Teknik Informatika & Komputer;100.0;Teknik Informatika & Komputer
4428;Pariwisata 3 :  Untuk Mahasiswa Politeknik Jurusan Pariwisata Semester 1;910;910;Umum;Umum;90.97;Umum
4429;Pedoman praktis sistem penggajian;331.2;331;Administrasi Niaga;Administrasi Niaga;100.0;Administrasi Niaga
4432;Pelelangan pekerjaan 1 : Untuk mahasiswa Politeknik program studi teknik listrik semester 5;624.15;624;Teknik Sipil;Teknik Sipil;81.94;Teknik Sipil
4433;Pemasaran Pariwisata 2 : untuk Mahasiswa Politeknik Jurusan Pariwisata Semester 5;338.479;338;Administrasi Niaga;Administrasi Niaga;84.57;Administrasi Niaga
4434;Pemrograman QBasic : Panduan untuk Belajar Sendiri Bahasa BASIC;005.3;5;Teknik Informatika & Komputer;Teknik Informatika & Komputer;95.0;Teknik Informatika & Komputer
4435;Pengantar Praktik Konstruksi Kayu 1 : Untuk Mahasiswa Politeknik Jurusan Teknik Sipil Semester 1;698.9;698;Teknik Sipil;Teknik Sipil;89.61;Teknik Sipil
4436;Pengantar Sistem Kendali Otomatik : untuk Mahasiswa Jurusan Teknik Mesin Semester 5;629.831.2;629;Teknik Mesin;Teknik Mesin;95.97;Teknik Mesin
4437;Pengelolaan Proyek 1;658.404;658;Administrasi Niaga;Administrasi Niaga;92.48;Administrasi Niaga
4439;Pengenalan Komputer : Dasar Ilmu Komputer, Pemrograman Sistem Informasi dan Intelegensi Buatan;004;4;Teknik Informatika & Komputer;Teknik Informatika & Komputer;100.0;Teknik Informatika & Komputer
4440;Pengenalan Komputer : Dasar Ilmu Komputer,Pemrograman, Sistem Informasi Dan Intelegensi Buatan;004;4;Teknik Informatika & Komputer;Teknik Informatika & Komputer;100.0;Teknik Informatika & Komputer
4441;Pengendalian proses kimia : Untuk mahasiswa Politeknik Jurusan Teknik Kimia Semester 5;543;543;Teknik Sipil;Teknik Sipil;66.88;Teknik Sipil, Teknik Informatika & Komputer, Teknik Mesin
4442;Pengetahuan Produk Pariwisata Nusantara 2;910.202;910;Umum;Umum;100.0;Umum
4443;Pengetahuan Produk Pariwisata Nusantara 2 : Untuk Mahasiswa Politeknik Jurusan Pariwisata Semester kedua;910.202;910;Umum;Umum;90.35;Umum
4444;Pengetahuan Teknik Listrik;621.3;621;Teknik Elektro;Teknik Elektro;97.46;Teknik Elektro
4445;Perancangan Instalasi Pabrik : Untuk Mahasiswa Politeknik Jurusan Mesin Semester 5 dan 6;621313;621;Teknik Elektro;Teknik Elektro;78.04;Teknik Elektro
4446;Perancangan Instalasi Pabrik : Untuk Mahasiswa Politeknik Jurusan Teknik Mesin Semester 5 dan 6;6585;658;Administrasi Niaga;Administrasi Niaga;100.0;Administrasi Niaga
4448;Periklanan;659.1;659;Administrasi Niaga;Administrasi Niaga;88.46;Administrasi Niaga
4449;Perkembangan pemikiran ekonomi;330.9;330;Administrasi Niaga;Administrasi Niaga;96.16;Administrasi Niaga
4450;Perkerasan lentur jalan raya;6257;625;Teknik Sipil;Teknik Sipil;96.19;Teknik Sipil
4451;Perpindahan Panas : Untuk Mahasiswa Politeknik Program Studi Teknik Energi semester 4;536.2;536;Teknik Elektro;Teknik Elektro;94.35;Teknik Elektro
4452;Petunjuk Kerja Pengelasan;67152025;671;Teknik Mesin;Teknik Mesin;99.63;Teknik Mesin
4453;Petunjuk Kerja Pipa : Untuk mahasiswa Politeknik Jurusan Teknik Sipil Semester 4;696.2;696;Teknik Sipil;Teknik Sipil;95.97;Teknik Sipil
4454;Petunjuk Praktikum Mekanika Tanah : Untuk Mahasiswa Politeknik Jurusan Teknik Sipil;624.5;624;Teknik Sipil;Teknik Sipil;93.63;Teknik Sipil
4455;Petunjuk praktikum mesin konversi : Untuk mahasiswa Politeknik Jurusan Teknik Mesin;621.381;621;Teknik Elektro;Teknik Elektro;83.12;Teknik Elektro, Teknik Mesin
4456;Petunjuk Praktikum Mikroprosesor : Untuk Mahasiswa Politeknik Jurusan Teknik Elektro;004116;4;Teknik Informatika & Komputer;Teknik Informatika & Komputer;83.11;Teknik Informatika & Komputer
4457;Petunjuk Pratikum Mesin Konversi;621.381.045;621;Teknik Elektro;Teknik Elektro;87.76;Teknik Elektro
4458;Petunjuk pratikum mesin konversi : untuk mahasiswa Politeknik Jurusan Teknik Energi;621381045;621;Teknik Elektro;Teknik Elektro;86.75;Teknik Elektro
4459;Petunjuk Pratikum Mikroprosesor;004110;4;Teknik Informatika & Komputer;Teknik Informatika & Komputer;98.14;Teknik Informatika & Komputer
4460;Peukur dan Pengukuran : Untuk Mahasiswa Politeknik Program Studi Teknik Elektronika;621.37;621;Teknik Elektro;Teknik Elektro;94.4;Teknik Elektro
4461;Praktek Kerja Bangku : Untuk Mahasiswa Politeknik Jurusan Teknik Mesin Semester 1;74932;749;Teknik Grafika & Penerbitan;Teknik Grafika & Penerbitan;77.76;Teknik Grafika & Penerbitan
4462;Praktek Pengaturan Wisata;910.203;910;Umum;Umum;82.75;Umum
4463;Praktik Mesin Frais : untuk Mahasiswa Politeknik Jurusan Teknik Mesin Semester 1;631.5;631;Umum;Umum;75.95;Umum, Teknik Mesin
4464;Price theory and applications;338.52;338;Administrasi Niaga;Administrasi Niaga;99.2;Administrasi Niaga
4465;Prinsip-prinsip Network Planing;658.403.2;658;Administrasi Niaga;Administrasi Niaga;96.19;Administrasi Niaga
4466;Probabilistic Structural Dynamics : Anvanced Theory and Applications;624.17;624;Teknik Sipil;Teknik Sipil;89.49;Teknik Sipil
4467;Probabilitic Structural Dynamics : Advanced Theory and Applications;624.17;624;Teknik Sipil;Teknik Sipil;92.78;Teknik Sipil
4468;Process Control : Designing Process and Control System for Dynamic Performance;660.281;660;Teknik Mesin;Teknik Mesin;96.63;Teknik Mesin
4469;Production and Operations Management Strategic and Tactical Decisions;6585;658;Administrasi Niaga;Administrasi Niaga;99.66;Administrasi Niaga
4470;Production and oprations management : Total quality and responsivensess;658.5;658;Administrasi Niaga;Administrasi Niaga;100.0;Administrasi Niaga
4471;Radio Electronics;621.382;621;Teknik Elektro;Teknik Elektro;100.0;Teknik Elektro
4472;Rangkaian Elektronik;621.381;621;Teknik Elektro;Teknik Elektro;100.0;Teknik Elektro
4477;Referensi cepat dBase III Plus;005.3;5;Teknik Informatika & Komputer;Teknik Informatika & Komputer;96.26;Teknik Informatika & Komputer
4479;Risk Management : Problems & Solutions;658;658;Administrasi Niaga;Administrasi Niaga;100.0;Administrasi Niaga
4480;Sang Buddha dan Ajaran-Ajarannya bagian I;294.3;294;Umum;Umum;99.09;Umum
4481;Secrets of The Street;364.168;364;Umum;Umum;68.93;Umum, Administrasi Niaga
4483;Sistem informasi manajemen : studi sistem  informasi berbasis komputer;658.403;658;Administrasi Niaga;Administrasi Niaga;93.19;Administrasi Niaga
4484;SNMP : A Guide To Network Management;658.45;658;Administrasi Niaga;Administrasi Niaga;100.0;Administrasi Niaga
4485;Solution Manual to Accompany Electric Machines and Power Systems;621.381;621;Teknik Elektro;Teknik Elektro;100.0;Teknik Elektro
4486;Statistika : inferen untuk Bisnis;519.54;519;Matematika;Matematika;91.29;Matematika
4487;Strategic Is IT planning;658.4038;658;Administrasi Niaga;Administrasi Niaga;91.03;Administrasi Niaga
4488;Struktur baja : Desain dan prilaku;691;691;Teknik Sipil;Teknik Sipil;98.34;Teknik Sipil
4489;Team Building : Current Issues and New Alternatives;658.402;658;Administrasi Niaga;Administrasi Niaga;88.98;Administrasi Niaga
4490;Technician's guide to industrial electronics : How to trubleshoot and repair automated wquipment;670.427;670;Teknik Mesin;Teknik Mesin;83.67;Teknik Mesin, Teknik Elektro
4491;Teh 68000 Microprocessor;004.16;4;Teknik Informatika & Komputer;Teknik Informatika & Komputer;100.0;Teknik Informatika & Komputer
4492;Teknik Kepramuwisataan;910.2;910;Umum;Umum;74.89;Umum
4493;Teknik Kontrol Automatik jilid 1 : Sistem Pengaturan;629.8;629;Teknik Mesin;Teknik Mesin;100.0;Teknik Mesin
4494;Teknik Otomotif;629.2446;629;Teknik Mesin;Teknik Mesin;100.0;Teknik Mesin
4495;Teknik Pemeliharaan dan Perbaikan Elektronika 1 : untuk Mahasiswa Politeknik Jurusan Program Studi Teknik Elektro;621.381;621;Teknik Elektro;Teknik Elektro;100.0;Teknik Elektro
4496;Teknik Pemeliharaan dan Perbaikan Elektronika 1 : untuk Mahasiswa Politeknik Jurusan Program Teknik Elektronika;621.381;621;Teknik Elektro;Teknik Elektro;99.37;Teknik Elektro
4497;Teknik Pengaturan Otomatis : Untuk Mahasiswa Politeknik Teknik Elektro Program Studi Teknik Elektro Industri Semester 4;629.831.2;629;Teknik Mesin;Teknik Mesin;82.06;Teknik Mesin, Teknik Informatika & Komputer
4499;Teknologi Bahan 3 : Untuk Mahasiswa Politeknik Jurusan Teknik Mesin Semester III;693.5;693;Teknik Sipil;Teknik Sipil;87.66;Teknik Sipil
4501;Teknologi Mekanik;620.1;620;Teknik Mesin;Teknik Mesin;97.21;Teknik Mesin
4504;Telecommunications Primer : Signals, Building Blocks, and Networks;621.382;621;Teknik Elektro;Teknik Elektro;98.46;Teknik Elektro
4505;Tenaga Air;621.2;621;Teknik Mesin;Teknik Mesin;86.07;Teknik Mesin
4508;Teori dan Aplikasi Program Komputer Bahasa Pascal;005133;5;Teknik Informatika & Komputer;Teknik Informatika & Komputer;98.21;Teknik Informatika & Komputer
4509;Teori dan Aplikasi Program Komputer Bahasa Pascal jilid II;005.133;5;Teknik Informatika & Komputer;Teknik Informatika & Komputer;100.0;Teknik Informatika & Komputer
4511;Teori dan Soal-Soal Rangkaian Elektronik;621.381.5;621;Teknik Elektro;Teknik Elektro;100.0;Teknik Elektro
4513;Teori dan soal-soal rangkaian listrik;621.192;621;Teknik Mesin;Teknik Elektro;77.08;Teknik Elektro, Teknik Mesin
4518;Teori himpunan : Seri buku schaum teori dan soal-soal;511.32;511;Matematika;Matematika;91.96;Matematika
4519;Termodinamika : Untuk Mahasiswa Politeknik Jurusan Kimia;54.369;369;Umum;Umum;100.0;Umum
4520;The Animation Studio : Animasi Komputer dengan Disney Animation Studio;005.3;5;Teknik Informatika & Komputer;Teknik Informatika & Komputer;100.0;Teknik Informatika & Komputer
4521;The Circuits and Filters Handbooks;621.3815;621;Teknik Elektro;Teknik Elektro;93.98;Teknik Elektro
4522;The Civil Engineering Handbook;624;624;Teknik Sipil;Teknik Sipil;100.0;Teknik Sipil
4523;The cranes' story : Stage 3;428.649;428;Umum;Umum;100.0;Umum
4524;The intel 32-bit microprocessors 80386, 80486, and pentium;004.16;4;Teknik Informatika & Komputer;Teknik Informatika & Komputer;95.97;Teknik Informatika & Komputer
4525;The McGraw-Hill Handbook of American Depositary Recepts;332.6;332;Akuntansi;Akuntansi;100.0;Akuntansi
4526;The microprocessor a biography;004.1;4;Teknik Informatika & Komputer;Teknik Informatika & Komputer;84.97;Teknik Informatika & Komputer
4527;The savvy woman's guide  to cars;629.222;629;Teknik Mesin;Teknik Mesin;85.33;Teknik Mesin
4528;Theoretical Aspects of Fuzzy Control;6298312;629;Teknik Mesin;Teknik Mesin;80.9;Teknik Mesin
4529;Theretical Aspects of fuzzy control;629831;629;Teknik Mesin;Teknik Mesin;93.32;Teknik Mesin
4530;Toei dan soal-soal pengantar pemetaan;526;526;Sains;Sains;75.04;Sains
4531;Tool Kit untuk Internet;0053;5;Teknik Informatika & Komputer;Teknik Informatika & Komputer;90.17;Teknik Informatika & Komputer
4533;Total Quality Management Handbook;658.562;658;Administrasi Niaga;Administrasi Niaga;98.5;Administrasi Niaga
4535;Understanding cash flow;658.152;658;Administrasi Niaga;Administrasi Niaga;94.03;Administrasi Niaga
4536;Understanding Financial Statements;658.15;658;Administrasi Niaga;Administrasi Niaga;88.56;Administrasi Niaga
4537;Urban mass transportation planning;388.4068;388;Administrasi Niaga;Administrasi Niaga;79.57;Administrasi Niaga
4539;Van Sickle's Modern Airmaship;629132;629;Teknik Mesin;Teknik Mesin;95.56;Teknik Mesin
4540;Waspada terhadap bid'ah;297;297;Umum;Umum;99.35;Umum
4545;Write well improving writing skills;411.1;411;Umum;Umum;100.0;Umum
4546;52 Persoalan Sekitar Hukum Haid : Dalam Shalat, Puasa, Haji dan Umrah;297.4;297;Umum;Umum;100.0;Umum
4547;A Practical Guide English For Public Speaking;428;428;Umum;Umum;100.0;Umum
4548;Accounting;657;657;Akuntansi;Akuntansi;94.77;Akuntansi
4553;Administrasi Negara Jilid 2;350;350;Umum;Umum;100.0;Umum
4554;Akuntansi : suatu pengantar;657;657;Akuntansi;Akuntansi;94.1;Akuntansi
4562;Analisa Matriks untuk Struktur Rangka;624.1773;624;Teknik Sipil;Teknik Sipil;83.64;Teknik Sipil
4563;Analysis of mechanics and machines;621.8;621;Teknik Mesin;Teknik Mesin;92.16;Teknik Mesin
4564;Aplikasi Perkantoran dengan Microsoft Word 6 for Windows;004;4;Teknik Informatika & Komputer;Teknik Informatika & Komputer;100.0;Teknik Informatika & Komputer
4565;Auditing : Norma & Prosedur;657.42;657;Akuntansi;Akuntansi;96.47;Akuntansi
4567;Auditing Norma dan Prosedur;65745;657;Akuntansi;Akuntansi;96.98;Akuntansi
4570;BAsic english grammar;428.24;428;Umum;Umum;100.0;Umum
4572;Belajar PageMaker 5.0 : Dalam Sehari;006.686;6;Teknik Informatika & Komputer;Teknik Informatika & Komputer;100.0;Teknik Informatika & Komputer
4573;Belajar PageMaker 5.0 dalam sehari;006.686;6;Teknik Informatika & Komputer;Teknik Informatika & Komputer;100.0;Teknik Informatika & Komputer
4574;Belajar Sendiri AutoCad Release 12 untuk Pemula;005;5;Teknik Informatika & Komputer;Teknik Informatika & Komputer;100.0;Teknik Informatika & Komputer
4575;Belajar Sendiri Pemograman dengan Turbo Pascal 7.0;005;5;Teknik Informatika & Komputer;Teknik Informatika & Komputer;100.0;Teknik Informatika & Komputer
4576;Belajar Sendiri Pemrograman dengan Turbo Pascal 7.0;005;5;Teknik Informatika & Komputer;Teknik Informatika & Komputer;100.0;Teknik Informatika & Komputer
4577;Berbicara dengan wanita;297.5;297;Umum;Umum;100.0;Umum
4578;Budgeting : Pedoman lengkap langkah-langkah penganggaran;658.1;658;Administrasi Niaga;Administrasi Niaga;100.0;Administrasi Niaga
4579;Building on soft soils : Design ad cnstruction of earthstructures both on and into highly compresible subsoils of low bearing capacity;690;690;Teknik Sipil;Teknik Sipil;93.17;Teknik Sipil
4580;Buku pegangan manajer bank : pedoman untuk manajemen cabang;658;658;Administrasi Niaga;Administrasi Niaga;92.65;Administrasi Niaga
4582;Buku Saku Multimedia di Internet;005.74;5;Teknik Informatika & Komputer;Teknik Informatika & Komputer;99.8;Teknik Informatika & Komputer
4584;Business Communications;658.45;658;Administrasi Niaga;Administrasi Niaga;92.18;Administrasi Niaga
4586;Cara Mudah Menggunakan Auto Cad;005;5;Teknik Informatika & Komputer;Teknik Informatika & Komputer;91.47;Teknik Informatika & Komputer
4587;CDS/Isis : Panduan pengelolaan Sistem Manajemen Basis Data Untuk PerpustakaanDan Unit Informasi;025.74;25;Teknik Informatika & Komputer;Teknik Informatika & Komputer;100.0;Teknik Informatika & Komputer
4588;CDS/ISIS Panduan pengelolaan sistem manajemen basis data untuk perpustakaan dan unit informasi;005.43;5;Teknik Informatika & Komputer;Teknik Informatika & Komputer;100.0;Teknik Informatika & Komputer
4589;Competitive Advantagetrought information technology;303.483 3;303;Umum;Umum;65.8;Umum, Administrasi Niaga
4590;Computer  Networks;004.65;4;Teknik Informatika & Komputer;Teknik Informatika & Komputer;100.0;Teknik Informatika & Komputer
4591;Computer arcitechture a quantitative approach;005;5;Teknik Informatika & Komputer;Teknik Informatika & Komputer;95.64;Teknik Informatika & Komputer
4592;Computer Graphics : Principles and Practice;006.66;6;Teknik Informatika & Komputer;Teknik Informatika & Komputer;97.79;Teknik Informatika & Komputer
4593;Computer network;004.65;4;Teknik Informatika & Komputer;Teknik Informatika & Komputer;97.38;Teknik Informatika & Komputer
4594;Computer Networks;004.65;4;Teknik Informatika & Komputer;Teknik Informatika & Komputer;99.97;Teknik Informatika & Komputer
4596;Core java;005.3;5;Teknik Informatika & Komputer;Teknik Informatika & Komputer;100.0;Teknik Informatika & Komputer
4597;Dasar-Dasar Perencanaan Beton Bertulang : Berdasarkan SKSNI T-15-1991-03;693.5;693;Teknik Sipil;Teknik Sipil;100.0;Teknik Sipil
4598;Dasar-dasar teknik mesin;620.1;620;Teknik Mesin;Teknik Mesin;100.0;Teknik Mesin
4599;Data arsitek;720;720;Teknik Grafika & Penerbitan;Teknik Grafika & Penerbitan;92.94;Teknik Grafika & Penerbitan
4600;Data dan persamaan transistor;621.38;621;Teknik Elektro;Teknik Elektro;100.0;Teknik Elektro
4601;Data dan Persamaan Transistor : Tower'International Transistor Selector;621.381;621;Teknik Elektro;Teknik Elektro;100.0;Teknik Elektro
4602;Desain Struktur Rangka Beton Bertulang di Daerah Rawan Gempa;6913;691;Teknik Sipil;Teknik Sipil;100.0;Teknik Sipil
4603;Digital Design from Zero to One;621.395;621;Teknik Elektro;Teknik Elektro;95.6;Teknik Elektro
4605;Digital Signal Processing : Principles, Algorithms, and Applications;621.382;621;Teknik Elektro;Teknik Elektro;79.6;Teknik Elektro
4606;Dinamika Struktur : Teori dan perhitungan;624176;624;Teknik Sipil;Teknik Sipil;87.03;Teknik Sipil
4611;Electrical Power Distribution and Transmission;621.319;621;Teknik Elektro;Teknik Elektro;99.92;Teknik Elektro
4612;Electronic Circuits;621.3815;621;Teknik Elektro;Teknik Elektro;100.0;Teknik Elektro
4616;English for Public Speaking;428;428;Umum;Umum;100.0;Umum
4617;Ensiklopedi Hukum Isla jilid 5;297.4;297;Umum;Umum;96.08;Umum
4618;Ensiklopedi Hukum Islam Jilid 2;297.4;297;Umum;Umum;97.96;Umum
4619;Ensiklopedi Perpajakan Indonesia;6.29598;295;Umum;Umum;76.65;Umum, Akuntansi
4620;Ernst Neufert;720;720;Teknik Grafika & Penerbitan;Teknik Grafika & Penerbitan;89.17;Teknik Grafika & Penerbitan
4622;Etika kepolisian;363.2;363;Umum;Umum;100.0;Umum
4623;Fiber oftic reference guide;621.3692;621;Teknik Elektro;Teknik Elektro;97.25;Teknik Elektro
4626;Grafik Arsitektur;720.23;720;Teknik Grafika & Penerbitan;Teknik Grafika & Penerbitan;100.0;Teknik Grafika & Penerbitan
4627;HAndbook of technology management;658;658;Administrasi Niaga;Administrasi Niaga;89.64;Administrasi Niaga
4628;Ilustrasi Desain Interior;747;747;Teknik Grafika & Penerbitan;Teknik Grafika & Penerbitan;86.09;Teknik Grafika & Penerbitan
4630;Industrial Electronics;621.38;621;Teknik Elektro;Teknik Elektro;97.13;Teknik Elektro
4632;Informations system : a management perspective;658.4038;658;Administrasi Niaga;Administrasi Niaga;99.42;Administrasi Niaga
4633;Integrated M/E design building systems engineering;696;696;Teknik Sipil;Teknik Sipil;87.4;Teknik Sipil
4634;Internet Informasi bebas Hambatan 2;005.74;5;Teknik Informatika & Komputer;Teknik Informatika & Komputer;99.5;Teknik Informatika & Komputer
4635;Internet: Informasi Bebas Hambatan 2;005.74;5;Teknik Informatika & Komputer;Teknik Informatika & Komputer;100.0;Teknik Informatika & Komputer
4636;Introduction Management Science;658;658;Administrasi Niaga;Administrasi Niaga;100.0;Administrasi Niaga
4637;Introduction to Management Science;658;658;Administrasi Niaga;Administrasi Niaga;99.22;Administrasi Niaga
4638;Introduction to materials and processes;670;670;Teknik Mesin;Teknik Mesin;88.02;Teknik Mesin
4642;Islam untuk disiplin ilmu hukum, sosial dan politik;297.621;297;Umum;Umum;100.0;Umum
4643;Islam, Iman dan Amal Saleh;297.19;297;Umum;Umum;100.0;Umum
4644;Java language api superbible the coorprehensive...;055.133;55;Umum;Umum;61.36;Umum, Teknik Informatika & Komputer
4648;Kejahatan terhadap perbankan : Leden Marpaung;332.1;332;Akuntansi;Akuntansi;89.48;Akuntansi
4649;Kimia Dasar;541.2;541;Teknik Sipil;Teknik Sipil;93.65;Teknik Sipil
4654;Koleksi Latihan Soal Jawab dBase III Plus;005.3076;5;Teknik Informatika & Komputer;Teknik Informatika & Komputer;100.0;Teknik Informatika & Komputer
4655;Komputer akuntansi dengan daceasy accounting 4.2;005;5;Teknik Informatika & Komputer;Teknik Informatika & Komputer;86.34;Teknik Informatika & Komputer
4657;Konstruksi Bangunan Gedung Tidak Bertingkat;694.2;694;Teknik Sipil;Teknik Sipil;91.68;Teknik Sipil
4658;Kontruksi Bangunan Gedung Bertingkat Rendah;694.2;694;Teknik Sipil;Teknik Sipil;92.15;Teknik Sipil
4659;Labor economics;331;331;Administrasi Niaga;Administrasi Niaga;98.69;Administrasi Niaga
4660;Leading change;658.406;658;Administrasi Niaga;Administrasi Niaga;98.06;Administrasi Niaga
4662;Managing Client-Server Environments: Tools and Strategies for BuildingSolutions;004.36;4;Teknik Informatika & Komputer;Teknik Informatika & Komputer;87.28;Teknik Informatika & Komputer
4670;Manajemen Pemasaran : analisis, perencanaan, dan pengendalian;658.8;658;Administrasi Niaga;Administrasi Niaga;100.0;Administrasi Niaga
4672;Manajemen Persediaan : Aplikasi di Bidang Bisnis;658.787;658;Administrasi Niaga;Administrasi Niaga;100.0;Administrasi Niaga
4673;Manajemen proyek & konstruksi;658.404;658;Administrasi Niaga;Administrasi Niaga;100.0;Administrasi Niaga
4675;Manajemen sumber daya manusia;331.110 68;331;Administrasi Niaga;Administrasi Niaga;100.0;Administrasi Niaga
4676;Manajemen sumber daya manusia : Menghadapi abad ke-21;658.3;658;Administrasi Niaga;Administrasi Niaga;100.0;Administrasi Niaga
4677;Manusia, Teknologi, dan Lingkungan;303.483;303;Umum;Umum;93.26;Umum
4678;Manusia, Teknologi, dan lingkungan : Kemampuan dan pengembangannya;303.483;303;Umum;Umum;100.0;Umum
4684;Mekanika Bahan;531.16;531;Teknik Elektro;Teknik Elektro;95.19;Teknik Elektro
4689;Mekanika Fluida dan Hidraulika : Teori Dan Soal-Soal;532;532;Teknik Elektro;Teknik Elektro;83.47;Teknik Elektro
4691;Mekanika Teknik : Analisis Lanjut Sistem Struktur Berbentuk Rangka;620.1;620;Teknik Mesin;Teknik Mesin;72.98;Teknik Mesin, Teknik Sipil
4693;Mekanika Teknik : Statika;531.1;531;Teknik Elektro;Teknik Elektro;84.7;Teknik Elektro
4695;Mekanika Teknik Analisis Lanjut Sistem Struktur Berbentuk Rangka;620.1;620;Teknik Mesin;Teknik Mesin;80.94;Teknik Mesin
4696;Mekanika Teknik Statika dalam Analisis Struktur Berbentuk Raga;533.1;533;Teknik Elektro;Teknik Elektro;80.5;Teknik Elektro, Teknik Mesin
4697;Mekanika untuk Insinyur: Statika;531.1;531;Teknik Elektro;Teknik Elektro;77.31;Teknik Elektro, Teknik Mesin
4698;Mekanika Untuk Insiyur;531;531;Teknik Elektro;Teknik Elektro;90.15;Teknik Elektro
4699;Mempersiapkan Generasi Baru;614;614;Umum;Umum;95.86;Umum
4700;Menerapkan strategi menjadi aksi : Balanced scorecard;658;658;Administrasi Niaga;Administrasi Niaga;97.87;Administrasi Niaga
4701;Mengembangkan pengajaran kejuruan;374.013;374;Umum;Umum;87.13;Umum
4702;Mengolah data statistik dengan SPSS PC+;005;5;Teknik Informatika & Komputer;Teknik Informatika & Komputer;88.81;Teknik Informatika & Komputer
4704;Merenung kritik terhadap polri;363.2;363;Umum;Umum;100.0;Umum
4705;Metode Numerik;519;519;Matematika;Matematika;100.0;Matematika
4706;Metode Penelitian Bisnis;650.072;650;Administrasi Niaga;Administrasi Niaga;100.0;Administrasi Niaga
4707;Micromecanics and MEMS : Clasic and seminal paper to...;621.381;621;Teknik Elektro;Teknik Elektro;82.31;Teknik Elektro, Teknik Mesin
4708;Microsoft acces for windows step by step;005.3;5;Teknik Informatika & Komputer;Teknik Informatika & Komputer;100.0;Teknik Informatika & Komputer
4709;Microsoft Word 2002;005.7;5;Teknik Informatika & Komputer;Teknik Informatika & Komputer;98.56;Teknik Informatika & Komputer
4710;Object oriented technology for real-time systems : a practical approach using omt and fusion;005.2;5;Teknik Informatika & Komputer;Teknik Informatika & Komputer;90.26;Teknik Informatika & Komputer
4711;Panduan bagi orang sibuk Word 6.0 for windows : Referensi cepat setiap saat;519.5;519;Matematika;Matematika;77.11;Matematika, Teknik Informatika & Komputer
4713;Panduan Wiraswasta untuk Mengembangkan Perusahaan : Membawa perusahaan kecil setingkat lebih tinggi;338.04;338;Administrasi Niaga;Administrasi Niaga;94.04;Administrasi Niaga
4714;Pelaksanaan kontruksi jalan raya : Agus Iqbal Manu;725.7;725;Teknik Grafika & Penerbitan;Teknik Grafika & Penerbitan;72.46;Teknik Grafika & Penerbitan, Teknik Sipil
4715;Pemasaran pariwisata;910.2;910;Umum;Umum;80.49;Umum, Administrasi Niaga
4716;Pemasaran Strategis;380.1;380;Administrasi Niaga;Administrasi Niaga;100.0;Administrasi Niaga
4717;Pembangkit tenaga listrik;621.131;621;Teknik Mesin;Teknik Mesin;55.17;Teknik Mesin, Teknik Elektro
4720;Pengantar Metode Statistik jilid 2;519.5;519;Matematika;Matematika;100.0;Matematika
4721;Pengantar Perancangan Kota : Desain dan Perencanaan Kota;3077614;307;Umum;Umum;64.8;Umum, Teknik Grafika & Penerbitan
4723;Pengendalian Mutu Statistis;519.54;519;Matematika;Matematika;95.99;Matematika
4724;Perancis;914.4;914;Umum;Umum;100.0;Umum
4725;Perencanaan dan pemeliharaan sistem Plambing;691.1;691;Teknik Sipil;Teknik Sipil;88.41;Teknik Sipil
4726;Perilaku Organisasi : Konsep, Kontroversi, Aplikasi;658.1;658;Administrasi Niaga;Administrasi Niaga;90.08;Administrasi Niaga
4728;Personality Plus : Kepribadian Plus;158;158;Umum;Umum;100.0;Umum
4729;Polisi Mandiri;363.2;363;Umum;Umum;100.0;Umum
4730;Practical electrical writing;621.31924;621;Teknik Elektro;Teknik Elektro;90.78;Teknik Elektro
4735;Refrigerasi Dan Pengkondisian Udara;697.9;697;Teknik Sipil;Teknik Sipil;69.59;Teknik Sipil, Teknik Mesin
4736;Rencana Pemasaran : Bagaimana Menyusun dan Melaksanakannya;658.8;658;Administrasi Niaga;Administrasi Niaga;95.96;Administrasi Niaga
4737;Risalah Tentang: Hukum Sihir dan Dukun;297.2;297;Umum;Umum;100.0;Umum
4740;Saudariku Apa Yang Menghalangimu Untuk Berhijab ?;297.66;297;Umum;Umum;100.0;Umum
4743;Saudariku: Apa Yang Menghalangimu untuk Berhijab ?;297.66;297;Umum;Umum;100.0;Umum
4745;Semiconductor memories technology testing and...;621.397 32;621;Teknik Elektro;Teknik Elektro;96.16;Teknik Elektro
4747;Sistem Informasi Manajemen : Studi Sistem Informasi Berbasis Komputer;658.403;658;Administrasi Niaga;Administrasi Niaga;90.34;Administrasi Niaga
4748;Sistem Pengendalian Manajemen;658.11;658;Administrasi Niaga;Administrasi Niaga;100.0;Administrasi Niaga
4749;Spreadsheet for windows;005.369;5;Teknik Informatika & Komputer;Teknik Informatika & Komputer;100.0;Teknik Informatika & Komputer
4750;Standard Trade & Industry Directory of Indonesia  1995/1996 (volume 2);338.025;338;Administrasi Niaga;Administrasi Niaga;100.0;Administrasi Niaga
4751;Standard Trade & Industry Directory of Indonesia 95/96 (volume 1);338.025;338;Administrasi Niaga;Administrasi Niaga;84.91;Administrasi Niaga
4752;Mekanika Teknik : Statika dalam Analisis Struktur Berbentuk Rangka;533.1;533;Teknik Elektro;Teknik Elektro;74.88;Teknik Elektro, Teknik Mesin
4754;Strategi Bersaing : Teknik Menganalisis Industri dan pesaing;380.1;380;Administrasi Niaga;Administrasi Niaga;99.22;Administrasi Niaga
4755;Struktur statis tak tentu;624.17;624;Teknik Sipil;Teknik Sipil;84.19;Teknik Sipil
4756;Teach Yourself JAVA in 21 Days;004.56;4;Teknik Informatika & Komputer;Teknik Informatika & Komputer;99.27;Teknik Informatika & Komputer
4759;Teknik Analisis Keuangan : Petunjuk Praktis untuk Mengelola dan Mengukur Kinerja Perusahaan;657.3;657;Akuntansi;Akuntansi;78.48;Akuntansi
4763;Teknik Statistika untuk Bisnis & Ekonomi;519.54;519;Matematika;Matematika;85.49;Matematika
4765;Teknologi Kendaraan Bermotor Modern : Tata Kerja Sepeda Motor & Mobil Teknologi Canggih;629.2;629;Teknik Mesin;Teknik Mesin;100.0;Teknik Mesin
4766;Teknologi Pemakaian Pompa;621.69;621;Teknik Mesin;Teknik Mesin;88.79;Teknik Mesin
4768;Telecommunication System Enggineering;621382;621;Teknik Elektro;Teknik Elektro;100.0;Teknik Elektro
4769;Telecommunication System Engineering;621.382;621;Teknik Elektro;Teknik Elektro;92.29;Teknik Elektro
4770;Telecommunication Transmission handbook;621.382;621;Teknik Elektro;Teknik Elektro;96.74;Teknik Elektro
4775;Teori Transformator;621.314;621;Teknik Elektro;Teknik Elektro;92.18;Teknik Elektro
4778;The CAD/CAM Handbook;670.285;670;Teknik Mesin;Teknik Mesin;82.6;Teknik Mesin, Teknik Informatika & Komputer
4779;The Manager in The International Economiy;6580092;658;Administrasi Niaga;Administrasi Niaga;100.0;Administrasi Niaga
4783;Transmisi Daya Listrik;621.319;621;Teknik Elektro;Teknik Elektro;85.2;Teknik Elektro
4785;Tren Kejahatan dan peradilan pidana;364;364;Umum;Umum;99.42;Umum
4786;Tri brata catur prasetya : Sejarah perspektif dan prospeknya;363.2;363;Umum;Umum;100.0;Umum
4787;Tuntutan Thaharah, Shalat dan Mengurus Jenazah;297.35;297;Umum;Umum;98.67;Umum
4791;Visual C++ : dalam 13 pelajaran yang mudah;005.369;5;Teknik Informatika & Komputer;Teknik Informatika & Komputer;100.0;Teknik Informatika & Komputer
4792;VRML Fliying Through the Web;005.3;5;Teknik Informatika & Komputer;Teknik Informatika & Komputer;97.95;Teknik Informatika & Komputer
4793;VRML Flying Through the Web;005.3;5;Teknik Informatika & Komputer;Teknik Informatika & Komputer;100.0;Teknik Informatika & Komputer
4794;100 Kiat Menuju Hidup Yang Lebih Nyaman Dan Membahagiakan;128;128;Umum;Umum;96.86;Umum
4798;Akuntansi Di Indonesia;657.598;657;Akuntansi;Akuntansi;100.0;Akuntansi
4799;Akuntansi di Indonesia : Charles T. Horngren..[et.al];657.598;657;Akuntansi;Akuntansi;100.0;Akuntansi
4801;Akuntansi Keuangan Lanjutan jilid 2;657.48;657;Akuntansi;Akuntansi;100.0;Akuntansi
4802;Akuntansi Manajemen : Konsep untuk perencanaan, pengendalian, dan pengambilan keputusan;658.151;658;Administrasi Niaga;Administrasi Niaga;94.45;Administrasi Niaga
4805;Analisa dan desain pondasi;624.17;624;Teknik Sipil;Teknik Sipil;94.1;Teknik Sipil
4806;Analisa Kredit Bank Umum : Konsep & Teknik;658.88;658;Administrasi Niaga;Administrasi Niaga;84.29;Administrasi Niaga, Akuntansi
4810;Analysis and Design of Digital Systems With VHDL;621.392;621;Teknik Elektro;Teknik Elektro;79.64;Teknik Elektro, Teknik Informatika & Komputer
4811;Analysis and Design og Digital Systems With VHDL;621.392;621;Teknik Elektro;Teknik Elektro;97.1;Teknik Elektro
4812;Apllication of Fuzzy Logic : Toward High Machine Intelligence Quotiont System;62989;629;Teknik Mesin;Teknik Mesin;82.15;Teknik Mesin, Teknik Informatika & Komputer
4813;Applications of Fuzzy Logic : Toward High Machine Intelligence Question System;65989;659;Administrasi Niaga;Administrasi Niaga;100.0;Administrasi Niaga
4814;Applications of Fuzzy Logic : Towards High Machine Intelligence Quotient Systems;629.89;629;Teknik Mesin;Teknik Mesin;87.84;Teknik Mesin
4815;Arsitektur sebagai warisan budaya;720.9;720;Teknik Grafika & Penerbitan;Teknik Grafika & Penerbitan;80.82;Teknik Grafika & Penerbitan, Umum
4816;Auditing : An integrated approach;657.45;657;Akuntansi;Akuntansi;98.06;Akuntansi
4817;Buku Latihan dataBase III Plus Tingkat Lanjut;005.71;5;Teknik Informatika & Komputer;Teknik Informatika & Komputer;100.0;Teknik Informatika & Komputer
4818;Buku pedoman tentang bekisting : kotak Cetak;624.18;624;Teknik Sipil;Teknik Sipil;98.52;Teknik Sipil
4819;Business Data Communications;00571;5;Teknik Informatika & Komputer;Teknik Informatika & Komputer;81.02;Teknik Informatika & Komputer
4820;Business Ethics : A Global and managerial perspective;174.4;174;Umum;Umum;89.95;Umum
4821;Computer Architecture 96 : Selected pepers of the ist Australian Concrete;004.22;4;Teknik Informatika & Komputer;Teknik Informatika & Komputer;96.47;Teknik Informatika & Komputer
4822;Computer Architecture 96 : Sellected papers of the 1st Australian conference;004.22;4;Teknik Informatika & Komputer;Teknik Informatika & Komputer;93.0;Teknik Informatika & Komputer
4823;Construction Technology;693.62;693;Teknik Sipil;Teknik Sipil;97.81;Teknik Sipil
4824;Cost Accounting : a managerial emphasis;658.15;658;Administrasi Niaga;Administrasi Niaga;84.55;Administrasi Niaga
4828;DAsar-dasar ilmu instrumen;621.381;621;Teknik Elektro;Teknik Elektro;81.32;Teknik Elektro, Teknik Informatika & Komputer
4830;Dasar-dasar pemasaran : Principles of marketing;658.8;658;Administrasi Niaga;Administrasi Niaga;100.0;Administrasi Niaga
4832;Data warehouising in the real word;005.74;5;Teknik Informatika & Komputer;Teknik Informatika & Komputer;92.62;Teknik Informatika & Komputer
4833;Design of concrete structures;624.183;624;Teknik Sipil;Teknik Sipil;100.0;Teknik Sipil
4834;Digital logic : Applications and design;621.395;621;Teknik Elektro;Teknik Elektro;100.0;Teknik Elektro
4838;Eletrical Machines, Drives, and Power Systems;621.310;621;Teknik Elektro;Teknik Elektro;86.94;Teknik Elektro
4840;English vocabulary in use pre-intermediate & Intermediate;420;420;Umum;Umum;98.97;Umum
4841;Ensiklopedi Ekonomi, Bisnis, & Manajemen;330.030;330;Administrasi Niaga;Administrasi Niaga;100.0;Administrasi Niaga
4842;Fisika dasar : mekanika;530;530;Teknik Elektro;Teknik Elektro;89.22;Teknik Elektro
4844;Fundamental of applied electromagnetic;621.34;621;Teknik Elektro;Teknik Elektro;100.0;Teknik Elektro
4845;Fundamentals of Electrical engineering and electronics;621.381;621;Teknik Elektro;Teknik Elektro;100.0;Teknik Elektro
4846;Gemba Kaizen : Pendekatan akal sehat, Berbiaya rendah pada manajemen;6585;658;Administrasi Niaga;Administrasi Niaga;100.0;Administrasi Niaga
4847;Grafik Arsitektur;720.28;720;Teknik Grafika & Penerbitan;Teknik Grafika & Penerbitan;94.29;Teknik Grafika & Penerbitan
4848;Grafik Arsitektur : Frank Ching;720.28;720;Teknik Grafika & Penerbitan;Teknik Grafika & Penerbitan;91.09;Teknik Grafika & Penerbitan
4849;HAndbook of mecanical engineering calculations;621;621;Teknik Mesin;Teknik Mesin;100.0;Teknik Mesin
4850;HVAC maintenance and operations handbook;697;697;Teknik Sipil;Teknik Sipil;79.14;Teknik Sipil
4853;Kamus istilah internet;004.678;4;Teknik Informatika & Komputer;Teknik Informatika & Komputer;96.37;Teknik Informatika & Komputer
4854;Kamus Teknik empat bahasa : Belanda-Inggris-Jerman-Indonesia;620.03;620;Teknik Mesin;Teknik Mesin;88.46;Teknik Mesin
4855;Kebijakan dan Strategi Manajemen;658.12;658;Administrasi Niaga;Administrasi Niaga;100.0;Administrasi Niaga
4856;Kiat belajar di perguruan tinggi;378.13;378;Umum;Umum;88.34;Umum
4858;Korosi;620.112;620;Teknik Mesin;Teknik Mesin;85.56;Teknik Mesin
4860;Manajemen Operasi : Pengambilan Keputusan dalam Suatu Fungsi Operasi;658.45;658;Administrasi Niaga;Administrasi Niaga;99.32;Administrasi Niaga
4862;Manajemen Proyek : Dari Konseptual Sampai Operasional;658.404;658;Administrasi Niaga;Administrasi Niaga;95.63;Administrasi Niaga
4863;Manajemen SDM;658.3;658;Administrasi Niaga;Administrasi Niaga;100.0;Administrasi Niaga
4864;Manajemen Terapan Bank;654.051;654;Administrasi Niaga;Administrasi Niaga;83.11;Administrasi Niaga, Akuntansi
4867;Manufacturing processes and systems;670.285;670;Teknik Mesin;Teknik Mesin;83.33;Teknik Mesin, Teknik Informatika & Komputer
4868;Marketing;380.1;380;Administrasi Niaga;Administrasi Niaga;100.0;Administrasi Niaga
4869;Mastering word 97;005.1;5;Teknik Informatika & Komputer;Teknik Informatika & Komputer;98.09;Teknik Informatika & Komputer
4870;"MATLAB : BAhasa komputasi teknis;Komputasi, Visualisasi, Pemrograman";005.12;5;Teknik Informatika & Komputer;Teknik Informatika & Komputer;88.98;Teknik Informatika & Komputer
4871;Mekanika teknik Jilid 1 dan 2 : Statika;532;532;Teknik Elektro;Teknik Elektro;78.77;Teknik Elektro, Teknik Mesin
4872;Melintas cakarawala : Kisah sukses pengusaha Indonesia;915.98;915;Umum;Umum;75.59;Umum, Administrasi Niaga
4873;Melintas Cakrawala Kisah Sukses Pengusaha Indonesia;915.98;915;Umum;Umum;87.6;Umum
4874;Menangani kredit bermasalah;332.75;332;Akuntansi;Akuntansi;95.31;Akuntansi
4875;Mendokumentasi sistem mutu ISO 9000;389.6;389;Administrasi Niaga;Administrasi Niaga;100.0;Administrasi Niaga
4877;Metode kilat belajar akuntansidengan bagan hubungan arus nilai sebagai dasar penyusunan sistem dan laporan keuangan;657.42;657;Akuntansi;Akuntansi;100.0;Akuntansi
4879;Metode riset : Aplikasinya dalam pemasaran;001.42;1;Teknik Informatika & Komputer;Teknik Informatika & Komputer;100.0;Teknik Informatika & Komputer
4880;Microeconomics and behavior;338.5;338;Administrasi Niaga;Administrasi Niaga;100.0;Administrasi Niaga
4882;Microelectronic circuit design;621.381;621;Teknik Elektro;Teknik Elektro;96.39;Teknik Elektro
4883;Modern Advanced Accounting;657.046;657;Akuntansi;Akuntansi;100.0;Akuntansi
4885;Norma dan etika ekonomi islam;297.273;297;Umum;Umum;100.0;Umum
4886;Orang baik sulit dicari : Kumpulan kolom;155.2;155;Umum;Umum;100.0;Umum
4887;Pajak dan Strategi Bisnis : Suatu Tinjauan tentang Kepastian Hukum dan Penerapan Akuntansi di Indonesia;336.241;336;Akuntansi;Akuntansi;93.24;Akuntansi
4890;Pascal Programming;005.26;5;Teknik Informatika & Komputer;Teknik Informatika & Komputer;96.1;Teknik Informatika & Komputer
4891;Pedoman Pengerjaan Beton;691.3;691;Teknik Sipil;Teknik Sipil;100.0;Teknik Sipil
4892;Pemrograman dasar turbo untuk BM PC;005.133;5;Teknik Informatika & Komputer;Teknik Informatika & Komputer;100.0;Teknik Informatika & Komputer
4893;Pendidikan Anak dalam Islam;297.3;297;Umum;Umum;100.0;Umum
4896;Pengantar perancangan sistem;005.73;5;Teknik Informatika & Komputer;Teknik Informatika & Komputer;100.0;Teknik Informatika & Komputer
4899;Pengukuran tingkat kepuasan pelanggan : Untuk menaikan pangsa pasar;658.81;658;Administrasi Niaga;Administrasi Niaga;100.0;Administrasi Niaga
4900;Penuntun jabatan : Paduan memilih pekerjaan;331.7023;331;Administrasi Niaga;Administrasi Niaga;98.79;Administrasi Niaga
4901;Perekonomian Indonesia;338.958.8;338;Administrasi Niaga;Administrasi Niaga;100.0;Administrasi Niaga
4902;Perekonomian Indonesia menjelang abad XXI;330;330;Administrasi Niaga;Administrasi Niaga;100.0;Administrasi Niaga
4904;Perpindahan kalor;536.6;536;Teknik Elektro;Teknik Elektro;99.36;Teknik Elektro
4905;Pola struktural dan teknik bangunan di Indonesia;690.1;690;Teknik Sipil;Teknik Sipil;80.2;Teknik Sipil
4906;Prinsip dasar teknologi jaringan telekomunikasi : sumber telaah teknologi jaringan kabel di Indonesia;621.382;621;Teknik Elektro;Teknik Elektro;97.19;Teknik Elektro
4909;Real-time systems;004.33;4;Teknik Informatika & Komputer;Teknik Informatika & Komputer;99.1;Teknik Informatika & Komputer
4911;Retail management;658.87;658;Administrasi Niaga;Administrasi Niaga;100.0;Administrasi Niaga
4913;Scalable Paralel computing;004.358;4;Teknik Informatika & Komputer;Teknik Informatika & Komputer;100.0;Teknik Informatika & Komputer
4914;"Schaum outline oprations research : Richard Bronson; Govindasami Naadimuthu";003;3;Teknik Informatika & Komputer;Teknik Informatika & Komputer;86.86;Teknik Informatika & Komputer
4915;Sekertaris Sebagai Manajer : Evolusi Peran Sekretaris 1;651374;651;Administrasi Niaga;Administrasi Niaga;98.58;Administrasi Niaga
4916;Sekretaris Sebagai Manajer : Evolusi Peran Sekretaris 1;651.374;651;Administrasi Niaga;Administrasi Niaga;100.0;Administrasi Niaga
4917;Sekretaris sebagi Manajer : Evolusi Peran Sekretaris 2;651374;651;Administrasi Niaga;Administrasi Niaga;97.18;Administrasi Niaga
4918;Sistem akuntansi dan informasi;657;657;Akuntansi;Akuntansi;100.0;Akuntansi
4919;Sistem informasi berbasis komputer : Konsep dasar dan komponen;657.450 285;657;Akuntansi;Akuntansi;85.51;Akuntansi
4920;Software Engineering a practitioners approach;005.1;5;Teknik Informatika & Komputer;Teknik Informatika & Komputer;96.78;Teknik Informatika & Komputer
4921;Sofware engineering : a practitioner aproach;005.1;5;Teknik Informatika & Komputer;Teknik Informatika & Komputer;100.0;Teknik Informatika & Komputer
4922;Statika 1;519.5;519;Matematika;Matematika;71.84;Matematika, Teknik Elektro
4924;Sukses memimpin;658;658;Administrasi Niaga;Administrasi Niaga;100.0;Administrasi Niaga
4925;System engineering and analysis;620.001 1;620;Teknik Mesin;Teknik Mesin;94.92;Teknik Mesin
4926;Tata Bahasa baku : Bahasa Indonesia;405;405;Umum;Umum;100.0;Umum
4927;Teach yourshelf borland C++ bilder tm in 21 days;005.3;5;Teknik Informatika & Komputer;Teknik Informatika & Komputer;100.0;Teknik Informatika & Komputer
4928;Teknik Kontrol Automatik;629.8043;629;Teknik Mesin;Teknik Mesin;82.2;Teknik Mesin, Teknik Informatika & Komputer
4930;Teknik Kontrol Automatik jilid 1;629.8;629;Teknik Mesin;Teknik Mesin;100.0;Teknik Mesin
4932;Teknik Kontrol Automatik Jilid 2;629.804 3;629;Teknik Mesin;Teknik Mesin;100.0;Teknik Mesin
4937;Teknologi Mekanika jilid 1;620.1;620;Teknik Mesin;Teknik Mesin;100.0;Teknik Mesin
4942;Teori Metode Spachotronica : Energi Kesadaran;1552;155;Umum;Umum;98.81;Umum
4943;Teori Mikroekonomi;332.1;332;Akuntansi;Akuntansi;74.02;Akuntansi, Administrasi Niaga
4944;The Apple II : Apple Work Tutorial;681;681;Teknik Mesin;Teknik Mesin;63.92;Teknik Mesin, Teknik Informatika & Komputer
4945;The satellite communication applications handbook;621.382;621;Teknik Elektro;Teknik Elektro;78.09;Teknik Elektro
4946;Tugas dan Pengembangan Sekretaris;650.1;650;Administrasi Niaga;Administrasi Niaga;92.94;Administrasi Niaga
4949;Turbo Pascal jilid 1;005.362;5;Teknik Informatika & Komputer;Teknik Informatika & Komputer;100.0;Teknik Informatika & Komputer
4950;Using microsoft back office;005.3;5;Teknik Informatika & Komputer;Teknik Informatika & Komputer;98.21;Teknik Informatika & Komputer
4951;Using microsoft black office;005.3;5;Teknik Informatika & Komputer;Teknik Informatika & Komputer;100.0;Teknik Informatika & Komputer
4953;Administrasi dan organisasi internasional;352.2;352;Umum;Umum;77.92;Umum, Administrasi Niaga
4954;Advanced Electronic Communications Systems;621.38;621;Teknik Elektro;Teknik Elektro;94.4;Teknik Elektro
4955;Analisis kredit untuk account officer;332.7;332;Akuntansi;Akuntansi;97.21;Akuntansi
4959;Dasar-dasar Penulisan Karangan Ilmiah;808.066;808;Umum;Umum;90.85;Umum
4961;Dasar-Dasar Rangkaian Digital;621.381;621;Teknik Elektro;Teknik Elektro;100.0;Teknik Elektro
4962;Dasar-dasar Rangkaian Logika Digital;621.381;621;Teknik Elektro;Teknik Elektro;100.0;Teknik Elektro
4963;Ejaan yang disempurnakan : Kep.Mendikbud No. 0543a Th.1987 dilengkapi dengan Pedoman Umum Pembentukan...;411;411;Umum;Umum;98.86;Umum
4964;Ekonomi moneter : Uang dan bank;332.1;332;Akuntansi;Akuntansi;92.04;Akuntansi
4966;Fisika : untuk sains dan teknik;530;530;Teknik Elektro;Teknik Elektro;98.01;Teknik Elektro
4967;Fisika untuk sains dan teknik;530;530;Teknik Elektro;Teknik Elektro;96.89;Teknik Elektro
4968;Fisika Untuk Universitas : Penyelesaian Soal-Soal;530;530;Teknik Elektro;Teknik Elektro;87.07;Teknik Elektro
4970;Fixing broken windows : Memperbaiki jendela rusak pemulihan ketertiban dan penurunan kejahatan dalam masyarakat kita;694.6;694;Teknik Sipil;Teknik Sipil;70.84;Teknik Sipil, Umum
4971;Front page 98 : The complete reference;005.269;5;Teknik Informatika & Komputer;Teknik Informatika & Komputer;95.19;Teknik Informatika & Komputer
4973;Handbook of electrical construcstion calculation;621.3;621;Teknik Elektro;Teknik Elektro;79.67;Teknik Elektro
4974;Ilmu Budaya Dasar : Suatu Pengantar;306;306;Umum;Umum;94.24;Umum
4975;Indera Prima;614;614;Umum;Umum;99.18;Umum
4976;Intelijen POLRI sejarah perspektif-aspek dan prospeknya;363.285;363;Umum;Umum;100.0;Umum
4977;Kamus Indonesia Inggris;413;413;Umum;Umum;100.0;Umum
4978;Kamus Indonesia Inggris : An Indonesian-English Dictionary;413;413;Umum;Umum;100.0;Umum
4979;Kisah-kisah nyata tentang Nabi, Rosul, Sahabat, Tabiin, orang-orang dahulu dan sekarang;297;297;Umum;Umum;100.0;Umum
4980;Komunikasi Bisnis Dan Profesional;651.7;651;Administrasi Niaga;Administrasi Niaga;85.89;Administrasi Niaga
4981;Kunci-kunci Rizki : menurut Al-Qur'an dan Al-Sunnah;297;297;Umum;Umum;100.0;Umum
4982;Lebih Lanjut dengan mikrosoft word 97 : membahas fasilitas yang ada secara praktis, cepat, dan mudah;005.3;5;Teknik Informatika & Komputer;Teknik Informatika & Komputer;100.0;Teknik Informatika & Komputer
4983;Macroeconomic;339;339;Administrasi Niaga;Administrasi Niaga;99.05;Administrasi Niaga
4986;Management Information Systems;658403;658;Administrasi Niaga;Administrasi Niaga;100.0;Administrasi Niaga
4990;Manajemen keuangan 2;658.15;658;Administrasi Niaga;Administrasi Niaga;100.0;Administrasi Niaga
4991;Manajemen keuangan I;658.15;658;Administrasi Niaga;Administrasi Niaga;100.0;Administrasi Niaga
4992;Marketing managemet a strategic approach with a global orientation;658.8;658;Administrasi Niaga;Administrasi Niaga;100.0;Administrasi Niaga
4993;Maximum squrity a hacker's guide to protecting  your internet site and network;004.678;4;Teknik Informatika & Komputer;Teknik Informatika & Komputer;100.0;Teknik Informatika & Komputer
4996;Membuat Flow Chart dengan IBM PC;006.68;6;Teknik Informatika & Komputer;Teknik Informatika & Komputer;100.0;Teknik Informatika & Komputer
4998;Microshofe visual basic 6.0 reference library;005.268;5;Teknik Informatika & Komputer;Teknik Informatika & Komputer;100.0;Teknik Informatika & Komputer
4999;Microsoft publisher 98 by design;005.447;5;Teknik Informatika & Komputer;Teknik Informatika & Komputer;94.22;Teknik Informatika & Komputer
5000;Money, Credit, and Capital;3324;332;Akuntansi;Akuntansi;93.16;Akuntansi
5001;Mudah menguasai C++;005.3;5;Teknik Informatika & Komputer;Teknik Informatika & Komputer;95.24;Teknik Informatika & Komputer
5003;Pelajaran Tauhid Untuk Pemula;297.211;297;Umum;Umum;93.51;Umum
5004;Pelajaran Tauhid untuk tingkat lanjutan;297.2;297;Umum;Umum;100.0;Umum
5006;Pembangunan ekonomi di dunia ke tiga;338.9;338;Administrasi Niaga;Administrasi Niaga;100.0;Administrasi Niaga
5007;Pendidikan agama Islam;297.64;297;Umum;Umum;96.77;Umum
5012;Pengantar pemasaran;658.81;658;Administrasi Niaga;Administrasi Niaga;90.43;Administrasi Niaga
5014;Penyediaan air bersih;727;727;Teknik Grafika & Penerbitan;Teknik Grafika & Penerbitan;74.64;Teknik Grafika & Penerbitan
5015;Perencanaan bangunan tahan gempa;693.8;693;Teknik Sipil;Teknik Sipil;90.48;Teknik Sipil
5016;Personal Letters for Business People;65171;651;Administrasi Niaga;Administrasi Niaga;92.24;Administrasi Niaga
5017;Plastics Engineering;668.4;668;Teknik Sipil;Teknik Sipil;72.07;Teknik Sipil
5018;Polisi dan masyarakat : Hasil seminar persatuan kepala polisi Asia Pasifik ke-6 di taipei 11-14 Januari 1998;363.285;363;Umum;Umum;100.0;Umum
5019;Saudariku, apa yang menghalangimu untuk berjilbab;297.43;297;Umum;Umum;100.0;Umum
5020;Sekretaris : Kedudukan tata kerja dan keoribadian;651.371;651;Administrasi Niaga;Administrasi Niaga;88.4;Administrasi Niaga
5021;Sistem Kontrol : Dasar-Dasar;629.83;629;Teknik Mesin;Teknik Mesin;74.39;Teknik Mesin, Teknik Elektro
5022;Structural equation modeling with lisrel, prelis, and simplis : Basic concepts, applicatiions, and programming;519.535;519;Matematika;Matematika;82.56;Matematika
5024;Symphony;005.7565;5;Teknik Informatika & Komputer;Teknik Informatika & Komputer;92.82;Teknik Informatika & Komputer
5025;Systems engineering and analisys;620.001 1;620;Teknik Mesin;Teknik Mesin;95.86;Teknik Mesin
5026;TCP/IP with windows NT illustrated;005.713;5;Teknik Informatika & Komputer;Teknik Informatika & Komputer;98.79;Teknik Informatika & Komputer
5027;Teaches microsoft office 97;005.269;5;Teknik Informatika & Komputer;Teknik Informatika & Komputer;100.0;Teknik Informatika & Komputer
5028;Television Broadcosting;621.388;621;Teknik Elektro;Teknik Elektro;91.54;Teknik Elektro
5030;The 80386, 80486, and pentium : Processors hardware, software, and Interfacing;004;4;Teknik Informatika & Komputer;Teknik Informatika & Komputer;100.0;Teknik Informatika & Komputer
5031;The 80386, 80486, and pentium processors : Hardware, Software, and Interfacing;004;4;Teknik Informatika & Komputer;Teknik Informatika & Komputer;98.6;Teknik Informatika & Komputer
5033;Toefel : Building skills for Toefl;428.076;428;Umum;Umum;100.0;Umum
5034;Tragedi Trisakti 12 Mei 1998;959.8;959;Umum;Umum;100.0;Umum
5035;Uji tanah untuk jurusan teknik sipil politeknik;624.1;624;Teknik Sipil;Teknik Sipil;100.0;Teknik Sipil
5036;Using Lisrel for structural equation modeling;519.535;519;Matematika;Matematika;85.49;Matematika
5037;Using project 98 : Comprehensive, autorite arive...;005.1;5;Teknik Informatika & Komputer;Teknik Informatika & Komputer;100.0;Teknik Informatika & Komputer
5038;Using windows 98;005.1;5;Teknik Informatika & Komputer;Teknik Informatika & Komputer;98.78;Teknik Informatika & Komputer
5039;10 menit menuju sehat;613.7;613;Umum;Umum;92.28;Umum
5040;36 jam belajar komputer : Microsoft internet explorer 5;005.3;5;Teknik Informatika & Komputer;Teknik Informatika & Komputer;100.0;Teknik Informatika & Komputer
5045;Akuntansi keuangan lanjutan di Indonesia;657.2;657;Akuntansi;Akuntansi;100.0;Akuntansi
5048;Algoritma dan pemrograman 1;515.1;515;Matematika;Matematika;91.0;Matematika
5049;Analisa dan Disain Pondasi;62417;624;Teknik Sipil;Teknik Sipil;100.0;Teknik Sipil
5050;Analisis data personal dan dimensi permasalahannya dalam rangka menunjang oprasional Polri;362.22;362;Umum;Umum;90.36;Umum
5051;Audit sistem informasi;657.45;657;Akuntansi;Akuntansi;68.06;Akuntansi, Administrasi Niaga
5052;Auditing and assurance services;657.836;657;Akuntansi;Akuntansi;89.03;Akuntansi
5053;Bahan Referensi penataran : Pedoman penghayatan dan pengamalan pancasila, Undang-undang dasar 1945, Garis-garis besar haluan negara;340;340;Umum;Umum;94.96;Umum
5054;Bahas Inggris teknik II;420;420;Umum;Umum;95.17;Umum
5055;Bank Auditing : Petunjuk pemeriksaan intern bank;657.45;657;Akuntansi;Akuntansi;100.0;Akuntansi
5056;Bolehkah Wanita menjadi Imam Negara;297.43;297;Umum;Umum;100.0;Umum
5057;Budget & Control : Sistem perencanaan dan pengendalian terpadu konsep dan penerapannya;658.154;658;Administrasi Niaga;Administrasi Niaga;89.63;Administrasi Niaga
5058;Buku pegangan dBas III plus;005.7565;5;Teknik Informatika & Komputer;Teknik Informatika & Komputer;96.24;Teknik Informatika & Komputer
5059;Buku pintar internet;005.3;5;Teknik Informatika & Komputer;Teknik Informatika & Komputer;94.88;Teknik Informatika & Komputer
5060;Buku Pintar Internet : TCP/IP;005.3;5;Teknik Informatika & Komputer;Teknik Informatika & Komputer;100.0;Teknik Informatika & Komputer
5061;Buku Polyteknik;502;502;Sains;Sains;76.05;Sains, Umum
5062;Business driven technology;658.4030;658;Administrasi Niaga;Administrasi Niaga;98.96;Administrasi Niaga
5063;Dasar-dasar perencanaan geometrik jalan;516.15;516;Matematika;Matematika;75.03;Matematika, Teknik Sipil
5065;Ekonomi Amerika Serikat;332.2;332;Akuntansi;Akuntansi;85.26;Akuntansi
5066;Ekspor Impor : Teori dan penerapannya;351.8276;351;Umum;Administrasi Niaga;94.37;Administrasi Niaga
5068;Electromechanical design handbook;621;621;Teknik Mesin;Teknik Mesin;85.35;Teknik Mesin
5069;Electronic failure analysis handbook;621.381;621;Teknik Elektro;Teknik Elektro;97.96;Teknik Elektro
5070;Elemen Mesin : Disain dan Kalkulasi dari Sambungan, Bantalan dan Poros;620.11;620;Teknik Mesin;Teknik Mesin;97.29;Teknik Mesin
5071;Encyclopedia of management conferences and meetings;658.03;658;Administrasi Niaga;Administrasi Niaga;100.0;Administrasi Niaga
5072;Encyclopedia of management dictionary of management;658.03;658;Administrasi Niaga;Administrasi Niaga;100.0;Administrasi Niaga
5073;Encyclopedia of management leadership;658.03;658;Administrasi Niaga;Administrasi Niaga;89.63;Administrasi Niaga
5074;Encyclopedia of management marketing and sales;658.03;658;Administrasi Niaga;Administrasi Niaga;100.0;Administrasi Niaga
5075;Encyclopedia of management TQM;658.03;658;Administrasi Niaga;Administrasi Niaga;100.0;Administrasi Niaga
5076;Encyclopedia of managent training;658.03;658;Administrasi Niaga;Administrasi Niaga;95.81;Administrasi Niaga
5077;English for accounting;420;420;Umum;Umum;92.17;Umum
5078;Ethics in criminal justice : Etika dalam peradilan pidana;172.2;172;Umum;Umum;100.0;Umum
5079;Gambar denah dan potongan;604.2;604;Teknik Mesin;Teknik Mesin;78.59;Teknik Mesin, Teknik Grafika & Penerbitan
5081;Guide Tour Bersama CorelDraw 8.0;006.68;6;Teknik Informatika & Komputer;Teknik Informatika & Komputer;98.31;Teknik Informatika & Komputer
5082;Hukum biru : Jalan menuju jabatan polisi;172.2;172;Umum;Umum;96.14;Umum
5083;Hukum dan pilar-pilar demokrasi;346.7;346;Umum;Umum;100.0;Umum
5084;Hukum perikatan : Perikatan pada umumnya;346;346;Umum;Umum;100.0;Umum
5087;Intelejen : Pengertian dan pemahamannya;355.343 2;355;Umum;Umum;92.09;Umum
5090;Investasi;332.6;332;Akuntansi;Akuntansi;96.41;Akuntansi
5091;Islam, Negara, dan Demokrasi;297.63;297;Umum;Umum;100.0;Umum
5092;Islam, Negara, dan Demokrasi : Himpunan Percikan Perenungan Gus Dur;297.63;297;Umum;Umum;100.0;Umum
5093;Kalkulus;515;515;Matematika;Matematika;100.0;Matematika
5094;Kalkulus,;515.64;515;Matematika;Matematika;100.0;Matematika
5095;Kamus lengkap bisnis;650.03;650;Administrasi Niaga;Administrasi Niaga;90.77;Administrasi Niaga
5096;Kamus Perbankan;332.103;332;Akuntansi;Akuntansi;100.0;Akuntansi
5097;"Kapita selekta binteman : Pembinaan tenaga manusia ""Human resources management""";363.206 83;363;Umum;Umum;75.31;Umum, Administrasi Niaga
5098;Kejahatan tanpa korban;364;364;Umum;Umum;100.0;Umum
5099;Kelembagaan perbankan : Dilengkapi dengan UU RI No.10 Th.1998 tentang perubahan undang-undang No.7 Tahun 1992 tentang perbankan dan UU RI No.23 Tahun 1999 tentang Bank Indonesia;332.1;332;Akuntansi;Akuntansi;75.88;Akuntansi
5100;Kelembagaan Perbankan : Dilengkapi UU RI No.10 Th. 1988 tentang ...;332.1;332;Akuntansi;Akuntansi;100.0;Akuntansi
5101;Kitab Tauhid 3;297.2;297;Umum;Umum;100.0;Umum
5102;Kitab tauhid : Syaikh Muhamad At Tamini;297.211;297;Umum;Umum;100.0;Umum
5106;Konstruksi baja semester III;693.7;693;Teknik Sipil;Teknik Sipil;97.08;Teknik Sipil
5107;Konstruksi kayu 1;624;624;Teknik Sipil;Teknik Sipil;93.15;Teknik Sipil
5108;Konstruksi kayu 1 : Seri kayu sebagai bahan bangunan;694;694;Teknik Sipil;Teknik Sipil;100.0;Teknik Sipil
5109;Kursus kilat 24 jurus Access 2000;005.82;5;Teknik Informatika & Komputer;Teknik Informatika & Komputer;98.8;Teknik Informatika & Komputer
5110;Latihan Psikotes : Persiapan Masuk STT Telkom Dan Calon Pegawai;158;158;Umum;Umum;98.64;Umum
5112;Manajemen Produksi Dan Operasi;658.5;658;Administrasi Niaga;Administrasi Niaga;97.87;Administrasi Niaga
5115;Manajemen proyek : Dari konseptual sampai oprasional konsep studi kelayakan dan jaringan kerja;658.404;658;Administrasi Niaga;Administrasi Niaga;95.45;Administrasi Niaga
5116;Manajemen proyek jilid 1 dan 2;658.404;658;Administrasi Niaga;Administrasi Niaga;100.0;Administrasi Niaga
5118;Marketing 1999 : 00;658.8;658;Administrasi Niaga;Administrasi Niaga;100.0;Administrasi Niaga
5119;Masuk Krisis Keluar Krisis : Sjahrir;33241;332;Akuntansi;Akuntansi;63.87;Akuntansi, Umum
5120;Matematika terapan untuk bisnis dan ekonomi;510;510;Matematika;Matematika;96.44;Matematika
5122;Menepis krisis identitas, penyemaian jati diri : Strategi membentuk pribadi, keluarga, dan lingkungan menjadi bangsa yang frofesional,bermoral dan berkarakter;150;150;Umum;Umum;100.0;Umum
5124;Menggambar mesin menurut standar ISO;604.2;604;Teknik Mesin;Teknik Mesin;89.14;Teknik Mesin
5125;Menggambar Teknik : untuk disain, pengembangan produk, dan kontrol numerik;604.2;604;Teknik Mesin;Teknik Mesin;100.0;Teknik Mesin
5126;Menggugat penguasa : Ing ngarso ngumbar angkoro;320.9;320;Umum;Umum;98.47;Umum
5127;Metode penelitian bisnis jilid 2;650.072;650;Administrasi Niaga;Administrasi Niaga;100.0;Administrasi Niaga
5128;Metodologi penelitian bisnis untuk akuntansi dan manajemen;001.42;1;Teknik Informatika & Komputer;Teknik Informatika & Komputer;90.23;Teknik Informatika & Komputer
5129;Microsoft Power Point 2000 : Belajar Sendiri dalam 10 Menit;005.369;5;Teknik Informatika & Komputer;Teknik Informatika & Komputer;92.19;Teknik Informatika & Komputer
5130;Microsoft PowerPoint 2000 & 2007 : Belajar Sendiri dalam 10 Menit;005.369;5;Teknik Informatika & Komputer;Teknik Informatika & Komputer;100.0;Teknik Informatika & Komputer
5131;Microsoft PowerPoint 2000 : Belajar Sendiri dalam 10 Menit;005.369;5;Teknik Informatika & Komputer;Teknik Informatika & Komputer;97.19;Teknik Informatika & Komputer
5132;Microsoft windows NT secret;005.447;5;Teknik Informatika & Komputer;Teknik Informatika & Komputer;96.62;Teknik Informatika & Komputer
5133;Miskin dan Kaya dalam Pandangan Al-Qur'an;297.633;297;Umum;Umum;100.0;Umum
5134;PBB dan pencegahan kejahatan, ikhtisar implementasi : HAM dalam penegakan hukum;342.08;342;Umum;Umum;100.0;Umum
5135;Pedoman praktis memperbaiki etika kepolisian : Better police ethics A Practical guide;172.2;172;Umum;Umum;97.98;Umum
5136;Pemerintahan Amerika Serikat;312.8;312;Umum;Umum;99.48;Umum
5139;Pengantar komputer;004;4;Teknik Informatika & Komputer;Teknik Informatika & Komputer;82.69;Teknik Informatika & Komputer, Umum
5142;Pengembangan ilmu-ilmu sosial : Studi banding antara pandangan ilmiah dan ajaran Islam;300;300;Umum;Umum;98.07;Umum
5143;Pengenalan Komputer : Dasar Ilmu Komputer, Pemrograman, Sistem Informasi dan Intelegensi Buatan;004;4;Teknik Informatika & Komputer;Teknik Informatika & Komputer;94.8;Teknik Informatika & Komputer
5144;Pengertian Pokok Hukum Dagang Indonesia : Pengetahuan dasar hukum dagang;346.07;346;Umum;Umum;94.24;Umum
5145;Penulisan laporan skripsi dan tesis dengan Microsoft Word;001.42;1;Teknik Informatika & Komputer;Teknik Informatika & Komputer;93.36;Teknik Informatika & Komputer
5146;Penuntun praktek bank;332.1;332;Akuntansi;Akuntansi;100.0;Akuntansi
5151;Pokok-pokok materi statistik 1 & 2 : Statistik inferensif;519.5;519;Matematika;Matematika;94.91;Matematika
5152;Police deviance : Penyimpangan polisi;363.2;363;Umum;Umum;100.0;Umum
5153;Police Power Politics : Kemenangan polisi dan polisi;363.2;363;Umum;Umum;100.0;Umum
5154;Polisi perkotaan dalam transisi;362.2;362;Umum;Umum;89.48;Umum
5155;Politik kewarganegaraan : Landasan redemokratisasi di Indonesia;959.8;959;Umum;Umum;94.34;Umum
5159;Prinsip-Prinsip Elektronika;621.381;621;Teknik Elektro;Teknik Elektro;100.0;Teknik Elektro
5160;Printing ink and overprint varnish formulations;667.5;667;Teknik Sipil;Teknik Sipil;76.22;Teknik Sipil, Teknik Grafika & Penerbitan
5163;Teknik Perawatan;620.001;620;Teknik Mesin;Teknik Mesin;93.73;Teknik Mesin
5164;Teknik produksi II;621.8;621;Teknik Mesin;Teknik Mesin;83.85;Teknik Mesin
5165;Teknologi Mekanik III;620.1;620;Teknik Mesin;Teknik Mesin;100.0;Teknik Mesin
5166;Teknologi sistem pengendalian tenaga listrik berbasis scada;621.382;621;Teknik Elektro;Teknik Elektro;91.51;Teknik Elektro
5167;Teori dan soal-soal fisika modern;530;530;Teknik Elektro;Teknik Elektro;84.68;Teknik Elektro
5168;Teori dan soal-soal Transformasi Laplace;515723;515;Matematika;Matematika;96.2;Matematika
5169;Teori soal dan penyelesian mekanika teknik;6201;620;Teknik Mesin;Teknik Mesin;68.97;Teknik Mesin, Teknik Elektro
5170;The 8051 Microcontroller : Hardware, Software and Interfacing;004.165;4;Teknik Informatika & Komputer;Teknik Informatika & Komputer;100.0;Teknik Informatika & Komputer
5171;The gregg reference manual;808.042;808;Umum;Umum;94.1;Umum
5172;The JApanese police system today an American perspective : System kepolisian Jepang saat ini dalam pandangan orang Jepang;353.360 952;353;Umum;Umum;100.0;Umum
5178;Analisis bangunan : Menghitung anggaran biaya bangunan;690.068;690;Teknik Sipil;Teknik Sipil;93.87;Teknik Sipil
5179;Analisis kimia kuantitatif;540;540;Teknik Sipil;Teknik Sipil;87.42;Teknik Sipil
5181;Bahaya inkar sunnah;297.24;297;Umum;Umum;100.0;Umum
5182;Bank & Lembaga Keuangan Lain;332.1;332;Akuntansi;Akuntansi;100.0;Akuntansi
5183;Bank dan Lembaga Keuangan Lain;332.1;332;Akuntansi;Akuntansi;93.74;Akuntansi
5184;Belajar sendiri Deceasy accounting & Payroll 95;005;5;Teknik Informatika & Komputer;Teknik Informatika & Komputer;82.94;Teknik Informatika & Komputer, Akuntansi
5185;Cara berdiskusi/MC dan pidato : Dilengkapi dengan contoh dan latihan untuk semua kalangan;808.5;808;Umum;Umum;90.91;Umum
5186;Cermat Berbahasa Indonesia : Untuk Perguruan Tinggi;411.52;411;Umum;Umum;85.76;Umum
5187;Daftar alamat internet;005.74;5;Teknik Informatika & Komputer;Teknik Informatika & Komputer;97.97;Teknik Informatika & Komputer
5188;Dasar Teknik Tenaga Listrik Dan Elektronika Daya;621.31;621;Teknik Elektro;Teknik Elektro;100.0;Teknik Elektro
5189;Dasar-dasar autocad 2000 A;005.3;5;Teknik Informatika & Komputer;Teknik Informatika & Komputer;95.47;Teknik Informatika & Komputer
5190;Dasar-dasar manufaktur : konsep fundamental pembuat keputusan;658.5;658;Administrasi Niaga;Administrasi Niaga;93.68;Administrasi Niaga
5191;Desain pipa proses;671.832;671;Teknik Mesin;Teknik Mesin;78.41;Teknik Mesin, Teknik Sipil
5192;Designing the global corporation;658.049;658;Administrasi Niaga;Administrasi Niaga;99.98;Administrasi Niaga
5193;Distribusi dan utilisasi tenaga listrik;621.319;621;Teknik Elektro;Teknik Elektro;83.16;Teknik Elektro
5195;Drainase Perkotaan;627.4;627;Teknik Sipil;Teknik Sipil;99.27;Teknik Sipil
5196;E-Learning tools and technologies : A consumer's guide for trainers, teacher, educators, and instructional designers;658.342 404;658;Administrasi Niaga;Administrasi Niaga;77.94;Administrasi Niaga, Umum
5198;English grammar practice for TOEFL Preparation test;428;428;Umum;Umum;100.0;Umum
5199;Essentials of marketing : A Global managerial approach;658.8;658;Administrasi Niaga;Administrasi Niaga;100.0;Administrasi Niaga
5200;Etika;297.5;297;Umum;Umum;100.0;Umum
5202;Foundations of financial management;658.15;658;Administrasi Niaga;Administrasi Niaga;97.21;Administrasi Niaga
5203;Handbook on printing technology : offset, flexo, gravure, screen;667.3;667;Teknik Sipil;Teknik Sipil;83.57;Teknik Sipil
5204;HArry Poter & Batu bertuah : the socerers stone tahun 1;813;813;Umum;Umum;100.0;Umum
5205;Himpunan Istilah Perbankan;332.1;332;Akuntansi;Akuntansi;100.0;Akuntansi
5206;Himpunan istilah perbankan A - Z;332.1;332;Akuntansi;Akuntansi;100.0;Akuntansi
5207;Himpunan Undang-Undang Perpajakan;343.4;343;Umum;Umum;78.95;Umum, Akuntansi
5208;Hukum Arbitrase;346.7;346;Umum;Umum;99.33;Umum
5209;Investasi syariah di pasar modal;332.6;332;Akuntansi;Akuntansi;100.0;Akuntansi
5210;Islam dan Pembangunan Ekonomi;297.633;297;Umum;Umum;88.4;Umum
5212;Islam dan Tantangan Ekonomi;297.633;297;Umum;Umum;97.34;Umum
5215;Kamus Standar Bahasa Jepang - Indonesia;413.956;413;Umum;Umum;98.44;Umum
5216;KAmus Teknik Inggris-Belanda-Indonesia;620.03;620;Teknik Mesin;Teknik Mesin;87.12;Teknik Mesin
5217;Kepailitan;346.7;346;Umum;Umum;97.51;Umum
5218;Kepres No. 17 Tahun 2000 Tentang Pelaksanaan APBN dan Kepres No. 18 Tahun 2000 Tentang Pedoman Pelaksanaan Pengadaan Barang/Jasa Instansi Pemerintah Tahun 2000;342.03;342;Umum;Umum;78.47;Umum, Administrasi Niaga
5219;Kewiraan untuk mahasiswa;320.13;320;Umum;Umum;67.69;Umum, Administrasi Niaga
5220;Kiat-Kiat Mengembangkan Rasa Peduli Terhadap Keamanan Diri dan Lingkungan;344.5;344;Umum;Umum;99.01;Umum
5221;Komputer;1112;111;Umum;Teknik Informatika & Komputer;89.34;Teknik Informatika & Komputer
5222;Latter of Credit;332.77;332;Akuntansi;Akuntansi;98.53;Akuntansi
5223;Letter of credit;332.77;332;Akuntansi;Akuntansi;74.01;Akuntansi, Administrasi Niaga
5224;Letter Of Credit : Tinjauan Aspek Hukum dan Bisnis;332.77;332;Akuntansi;Akuntansi;83.17;Akuntansi, Umum
5227;Logika;160;160;Umum;Umum;93.63;Umum
5228;Loss prepention throught cream analisys : Mencegah kerugian dengan Analisa Kejahatan;364;364;Umum;Umum;87.59;Umum
5229;Makroekonomi modern : Perkembangan pemikiran dari klasik hingga keynesian baru;339;339;Administrasi Niaga;Administrasi Niaga;92.58;Administrasi Niaga
5231;Manajemen Kearsipan : untuk kelembagaan negara, swasta dan perguruan tinggi;651.5;651;Administrasi Niaga;Administrasi Niaga;90.46;Administrasi Niaga
5232;Manajemen Keuangan : Teori dan Aplikasi;658.15;658;Administrasi Niaga;Administrasi Niaga;100.0;Administrasi Niaga
5234;Manajemen Keuangan : Teori, Konsep Dan Aplikasi;658.15;658;Administrasi Niaga;Administrasi Niaga;97.78;Administrasi Niaga
5235;Manajemen Pemasaran Internasional;658.8;658;Administrasi Niaga;Administrasi Niaga;100.0;Administrasi Niaga
5236;Manajemen Penerbitan Pers;070.1;70;Teknik Grafika & Penerbitan;Teknik Grafika & Penerbitan;81.73;Teknik Grafika & Penerbitan
5238;Manajemen produksi dan oprasi : Latihan pemecahan soal;658.8;658;Administrasi Niaga;Administrasi Niaga;100.0;Administrasi Niaga
5239;Manajemen sumber daya manusia : Menghadapi abad ke 21;658.3;658;Administrasi Niaga;Administrasi Niaga;100.0;Administrasi Niaga
5241;Marketing & selling the travel product;658.84;658;Administrasi Niaga;Administrasi Niaga;100.0;Administrasi Niaga
5242;Marketing : An Introduction;658.8;658;Administrasi Niaga;Administrasi Niaga;100.0;Administrasi Niaga
5246;Meredam Wabah : Pemerintah dan Aspek Ekonomi Pengawasan terhadap Tembakau;363.4;363;Umum;Umum;84.94;Umum, Administrasi Niaga
5247;Metalurgi fisik modern & rekayasa material;669.9;669;Teknik Sipil;Teknik Sipil;87.85;Teknik Sipil
5248;Micromechatronics : Modeling analysis and design with Matlab;621;621;Teknik Mesin;Teknik Mesin;78.14;Teknik Mesin, Teknik Elektro
5249;Microsoft visual basic for applications and shared libraries references vol 5;005.268;5;Teknik Informatika & Komputer;Teknik Informatika & Komputer;100.0;Teknik Informatika & Komputer
5251;Nina no nihango;495.6;495;Umum;Umum;100.0;Umum
5252;Oscar si kucing ajaib : Kisah nyata seekor kucing yang bisa mengetahui saat-saat terakhir seseorang;813;813;Umum;Umum;100.0;Umum
5253;Oxford english for electronics;621.381;621;Teknik Elektro;Teknik Elektro;86.71;Teknik Elektro
5254;Pancasila : Sebagai Ideologi, Azas, dan Dasar Negara;320.5;320;Umum;Umum;100.0;Umum
5255;Pemasaran : Marketing;658.8;658;Administrasi Niaga;Administrasi Niaga;94.15;Administrasi Niaga
5256;Pemasaran Internet : Princiles of internet Marketing;658.8;658;Administrasi Niaga;Administrasi Niaga;100.0;Administrasi Niaga
5259;Pengantar Auidit Sistem Informasi;003.54;3;Teknik Informatika & Komputer;Teknik Informatika & Komputer;97.91;Teknik Informatika & Komputer
5263;Pengukuran teknik : 60 soal dan jawab;621.37;621;Teknik Elektro;Teknik Elektro;85.95;Teknik Elektro
5265;Peningkatan produktivitas sekaligus perbaikan temoat kerja;332.1;332;Akuntansi;Akuntansi;77.63;Akuntansi, Administrasi Niaga
5269;Perencanaan teknik jalan raya;625.7;625;Teknik Sipil;Teknik Sipil;93.75;Teknik Sipil
5271;Perubahan perundang-undangan perpajakan era reformasi;342.03;342;Umum;Umum;74.32;Umum, Akuntansi
5272;Petunjuk Teknis Pelaksanaan Kepres RI No. 18 Tahun 2000;651.028;651;Administrasi Niaga;Administrasi Niaga;67.54;Administrasi Niaga, Umum
5273;Printing estimating primer;667.3;667;Teknik Sipil;Teknik Sipil;93.59;Teknik Sipil
5274;Proses manufaktur : introduction to manufacturing processes;670;670;Teknik Mesin;Teknik Mesin;89.91;Teknik Mesin
5275;Scurity manual : Pedoman tindakan pengamanan;363.28;363;Umum;Umum;87.46;Umum
5276;Seni memotivasi : menguasai keahlian yang anda perlukan dalam 10 menit;658.314;658;Administrasi Niaga;Administrasi Niaga;100.0;Administrasi Niaga
5278;Seri penuntun praktis Dac Accounting 95;005;5;Teknik Informatika & Komputer;Teknik Informatika & Komputer;97.62;Teknik Informatika & Komputer
5279;Seri sinopsis pengantar ilmu ekonomi : Ekonomi mikro;339;339;Administrasi Niaga;Administrasi Niaga;96.17;Administrasi Niaga
5280;Sistem Informasi Manajemen;658;658;Administrasi Niaga;Administrasi Niaga;95.98;Administrasi Niaga
5281;Sistem Produksi Toyota : Suatu ancangan terpadu untuk penerapan Just-In-Time;658.5;658;Administrasi Niaga;Administrasi Niaga;100.0;Administrasi Niaga
5282;Sistem Produksi Toyota : Suatu Ancangan Terpadu untuk penerapan Just-In-Time 2;6585;658;Administrasi Niaga;Administrasi Niaga;100.0;Administrasi Niaga
5283;Sketsa Perspektif;712;712;Teknik Grafika & Penerbitan;Teknik Grafika & Penerbitan;83.54;Teknik Grafika & Penerbitan
5284;SQL Server 7;005.755.5;5;Teknik Informatika & Komputer;Teknik Informatika & Komputer;100.0;Teknik Informatika & Komputer
5289;Tahun Emas Universitas Indonesia;378.1;378;Umum;Umum;94.59;Umum
5292;Teori dan soal penyelesaian mekanika teknik IV Jilid 1;620.1;620;Teknik Mesin;Teknik Sipil;51.97;Teknik Sipil, Teknik Mesin
5300;Teori Metode Psychotronika : Energi Kesadaran;155.2;155;Umum;Umum;100.0;Umum
5301;Teori soal dan penyelesaian struktur beton bertulang(berdasarkan SKSNI T-15-1991-03)jilid 1.;624.183;624;Teknik Sipil;Teknik Sipil;100.0;Teknik Sipil
5303;The analysis and design of linier calculus;621.319 2;621;Teknik Elektro;Teknik Elektro;65.71;Teknik Elektro, Matematika
5304;The essential guide to telecommunications : Paduan pokok untuk telekomunikasi;621.382.074;621;Teknik Elektro;Teknik Elektro;90.67;Teknik Elektro
5305;The lineman's and cableman's field manual;621.319 24;621;Teknik Elektro;Teknik Elektro;89.37;Teknik Elektro
5306;Tipografi dalam desain grafis;686.22;686;Teknik Grafika & Penerbitan;Teknik Grafika & Penerbitan;92.21;Teknik Grafika & Penerbitan
5307;Unlock bahavior unleash profits : How your leadership behavior can unlock propitability in your organization;158.4;158;Umum;Umum;72.68;Umum, Administrasi Niaga
5308;UU 1945 Setelah Amandemen kedua Tahun 2000;342.03;342;Umum;Umum;100.0;Umum
5310;25 Kiat Dahsyat Menjadi Pembicara Hebat;302.2;302;Umum;Umum;92.11;Umum
5311;Above the law police and the excessive use of law : Brutalitas polisi penggunaan kekerasan yang berlebihan;342.041 8;342;Umum;Umum;96.59;Umum
5314;Advanced English-Indonesian Dictionary;413.451;413;Umum;Umum;96.38;Umum
5315;Akuntansi Syari'ah : Memformulasikan konsep laba dalam konteks metafora zakat;657;657;Akuntansi;Akuntansi;96.79;Akuntansi
5316;Akuntansi syariah : Mempormulasikan konsep laba dalam konteks metafora zakar;657.6;657;Akuntansi;Akuntansi;94.04;Akuntansi
5317;Aljabar linear dan aplikasinya;512.5;512;Matematika;Matematika;100.0;Matematika
5318;Amulet Bertuah;813;813;Umum;Umum;99.25;Umum
5319;Analisa harga satuan untuk pekerjaan konstruksi jalan;511.6;511;Matematika;Matematika;69.55;Matematika, Teknik Sipil
5320;Aneka Surat Statuta Laporan, dan Proposal;6517;651;Administrasi Niaga;Administrasi Niaga;83.83;Administrasi Niaga
5321;Aplikasi elektromagnetik;621.34;621;Teknik Elektro;Teknik Elektro;97.44;Teknik Elektro
5322;Aplikasi elektronik;621.34;621;Teknik Elektro;Teknik Elektro;100.0;Teknik Elektro
5323;Architectural design portable handbook;729;729;Teknik Grafika & Penerbitan;Teknik Grafika & Penerbitan;87.56;Teknik Grafika & Penerbitan
5324;Bahaya Islam jamaah lemkari LDII;297.2;297;Umum;Umum;100.0;Umum
5325;Bank syariah : dari teori kepraktik;332.1;332;Akuntansi;Akuntansi;86.0;Akuntansi
5326;Budgeting : Perancanaan Kerja Pengkoordinasian Kerja Pengawasan Kerja;658.154;658;Administrasi Niaga;Administrasi Niaga;100.0;Administrasi Niaga
5327;Building an ebusiness from the ground up;658.84;658;Administrasi Niaga;Administrasi Niaga;100.0;Administrasi Niaga
5328;Core Web programming;005.276;5;Teknik Informatika & Komputer;Teknik Informatika & Komputer;100.0;Teknik Informatika & Komputer
5329;Dasar modal di Indonesia;380.1;380;Administrasi Niaga;Administrasi Niaga;76.95;Administrasi Niaga, Akuntansi
5330;Dasar-dasar gambar perspektif : Sebuah pendekatan visual;604.245;604;Teknik Mesin;Teknik Mesin;81.21;Teknik Mesin, Teknik Grafika & Penerbitan
5331;Dasar-Dasar Pembelanjaan Perusahaan;338.76;338;Administrasi Niaga;Administrasi Niaga;100.0;Administrasi Niaga
5334;DAsar-dasar teori portofolio dan analisis struktures;380.1;380;Administrasi Niaga;Administrasi Niaga;85.37;Administrasi Niaga
5335;Detail akustik;620.2;620;Teknik Mesin;Teknik Mesin;79.94;Teknik Mesin, Teknik Elektro
5336;Developing Skills :  An Intergrated Course for Intermediate Students;428;428;Umum;Umum;93.86;Umum
5337;Dictionary of Accounting : KAmus Akuntansi;657.03;657;Akuntansi;Akuntansi;100.0;Akuntansi
5338;Digital communications;621.38;621;Teknik Elektro;Teknik Elektro;96.52;Teknik Elektro
5339;Ekonomi Teknik Proyek Sumberdaya Air : Suatu Pengantar Praktis;333.91;333;Administrasi Niaga;Administrasi Niaga;93.9;Administrasi Niaga
5341;Electronic Circuit Analysis and design;621.381;621;Teknik Elektro;Teknik Elektro;97.13;Teknik Elektro
5343;Electronic devices and circuits discrete and integrated;621.32;621;Teknik Elektro;Teknik Elektro;100.0;Teknik Elektro
5344;Electronic payment for e-commerce;332.0285;332;Akuntansi;Akuntansi;91.76;Akuntansi
5345;Elemen-elemen elektromagnetika teknik;621.3;621;Teknik Elektro;Teknik Elektro;73.73;Teknik Elektro, Teknik Mesin
5346;Engineering circuits analysis;621.319 2;621;Teknik Elektro;Teknik Elektro;92.69;Teknik Elektro
5347;English Grammar composition and Effective business communication;425;425;Umum;Umum;95.72;Umum
5348;English vocabulary in use : Pre intermediate & intermediate;420;420;Umum;Umum;95.92;Umum
5349;Faris dan Haji Obek;813;813;Umum;Umum;100.0;Umum
5352;Freehand 8.0;005.1;5;Teknik Informatika & Komputer;Teknik Informatika & Komputer;100.0;Teknik Informatika & Komputer
5356;Gambar Teknik Jilid 2;604.2;604;Teknik Mesin;Teknik Mesin;100.0;Teknik Mesin
5357;Geometri;516.1;516;Matematika;Matematika;91.1;Matematika
5358;Grafik lanskap : Dari sketsa konsep sampai ke arsiran penyajian akhir;750;750;Teknik Grafika & Penerbitan;Teknik Grafika & Penerbitan;89.53;Teknik Grafika & Penerbitan
5359;Harry Potter & Kamar Rahasia : Chamber of secrets;813;813;Umum;Umum;100.0;Umum
5360;Harry Potter dan piala api;813;813;Umum;Umum;100.0;Umum
5361;Harry Potter dan tawanan azkapan;813;813;Umum;Umum;100.0;Umum
5362;Himpunan Peraturan Perundang-Undangan Republik Indonesia Tahun 2001 (4);624.171;624;Teknik Sipil;Teknik Sipil;93.47;Teknik Sipil
5363;Himpunan Peraturan Undang-Undangan Republik Indonesia Tahun 2001;624.174;624;Teknik Sipil;Teknik Sipil;75.67;Teknik Sipil, Umum
5364;Himpunan Peraturan Undang-Undangan Republik Indonesia Tahun 2001 (2);624.171;624;Teknik Sipil;Teknik Sipil;78.94;Teknik Sipil, Umum
5365;Himpunan perubahan undang-undang perpajakan tahun 2000 dilengkapi undang-undang perpajakan yang lama;342.2;342;Umum;Umum;100.0;Umum
5366;How to use a consultant in your company a managers' and executives' guide;658.46;658;Administrasi Niaga;Administrasi Niaga;96.85;Administrasi Niaga
5367;Hukum dagang;343.8;343;Umum;Umum;100.0;Umum
5368;Hukum Perburuhan : Bidang Hubungan Kerja;344.01;344;Umum;Umum;92.84;Umum
5369;Hukum Perusahaan Indonesia : Aspek hukum dalam ekonomi;346.07;346;Umum;Umum;82.42;Umum, Administrasi Niaga
5370;Ilmu Pancasila Yuridis Kenegaraan Dan Ilmu Filsafat Pancasila;320.509;320;Umum;Umum;100.0;Umum
5371;Information technology and the networked economy;658.403;658;Administrasi Niaga;Administrasi Niaga;100.0;Administrasi Niaga
5373;Kaizen : Kunci sukses Jepang dalam persaingan;658.009 52;658;Administrasi Niaga;Administrasi Niaga;100.0;Administrasi Niaga
5374;Karat dan pencegahannya;620.112 1;620;Teknik Mesin;Teknik Mesin;100.0;Teknik Mesin
5375;Keselamatan kerja bengkel otomotif;629.28;629;Teknik Mesin;Teknik Mesin;89.17;Teknik Mesin
5376;Kewirausahaan : Manajemen Usaha Kecil;658.421;658;Administrasi Niaga;Administrasi Niaga;100.0;Administrasi Niaga
5378;Kimia unsur dan radiokimia : penuntun belajar kimia dasar;540;540;Teknik Sipil;Teknik Sipil;88.26;Teknik Sipil
5379;Komposisi arsitektur;729;729;Teknik Grafika & Penerbitan;Teknik Grafika & Penerbitan;86.61;Teknik Grafika & Penerbitan
5380;Koperasi : Teori dan praktek;334;334;Administrasi Niaga;Administrasi Niaga;90.32;Administrasi Niaga
5381;Kursus Kilat 24 Jurus : Microsoft Access 2002;005.82;5;Teknik Informatika & Komputer;Teknik Informatika & Komputer;92.82;Teknik Informatika & Komputer
5382;Kursus kilat 24 jurus microsoft Word 2002 dari microsoft office XP;005.369;5;Teknik Informatika & Komputer;Teknik Informatika & Komputer;100.0;Teknik Informatika & Komputer
5383;Lingkungan Hidup dan Pencemaran;363.7;363;Umum;Umum;94.0;Umum
5384;Lingkungan Hidup dan Pencemaran : Hubungannya dengan Toksikologi Senyawa Logam;3637;363;Umum;Umum;92.43;Umum
5385;manageman keuangan international;658.15;658;Administrasi Niaga;Administrasi Niaga;100.0;Administrasi Niaga
5386;Management 01 : 02;658;658;Administrasi Niaga;Administrasi Niaga;100.0;Administrasi Niaga
5387;Managerial Economics : dalam Perekonomian Global;339;339;Administrasi Niaga;Administrasi Niaga;100.0;Administrasi Niaga
5389;"Manajemen lembaga keuangan : Dilengkapi dengan UU No.7 tahun 1992 sebagaimana Diubah dengan UU No. 10 tahun 1998; dan UU No.23 tahun 1999";651.3;651;Administrasi Niaga;Administrasi Niaga;93.49;Administrasi Niaga
5390;"Manajemen Lembaga Keuangan : Dilengkapi: UU No. 7 Tahun 1992 Sebagaimana Diubah Dengan UU No. 10 Tahun 1998; dan UU No. 23 Tahun 1999";658.1;658;Administrasi Niaga;Administrasi Niaga;93.79;Administrasi Niaga
5393;Manajemen perkreditan : bagi bank komersil;658.88;658;Administrasi Niaga;Administrasi Niaga;78.03;Administrasi Niaga, Akuntansi
5394;Manajemen Personalia;658.3;658;Administrasi Niaga;Administrasi Niaga;100.0;Administrasi Niaga
5395;Manajemen proyek;658.404;658;Administrasi Niaga;Administrasi Niaga;100.0;Administrasi Niaga
5396;Manajemen proyek vol 2 Jilid 1;648.404;648;Umum;Umum;65.81;Umum, Administrasi Niaga
5397;Matematika teknik;510;510;Matematika;Matematika;95.35;Matematika
5398;Mechanical and structural vibrations;620.301;620;Teknik Mesin;Teknik Mesin;88.79;Teknik Mesin
5399;Memahami isi kandungan al-qur'an;297.122;297;Umum;Umum;99.08;Umum
5400;Menjadi Pembicara Hebat : 25 Kiat Dahsyat;302.2;302;Umum;Umum;98.57;Umum
5401;Merakit dan upgrade komputer : Singkat tepat jelas;005.3;5;Teknik Informatika & Komputer;Teknik Informatika & Komputer;90.26;Teknik Informatika & Komputer
5402;Microsoft Word 2002 : Singkat Tepat Jelas;005.3;5;Teknik Informatika & Komputer;Teknik Informatika & Komputer;100.0;Teknik Informatika & Komputer
5404;Nasionalisme dan Sejarah;320.9;320;Umum;Umum;100.0;Umum
5405;Panduan Instalasi Listrik untuk Rumah : Berdasarkan PUIL 2000;621.31;621;Teknik Elektro;Teknik Elektro;93.04;Teknik Elektro
5406;Pasar modal di Indonesia : Pendekatan tanya jawab;380.1;380;Administrasi Niaga;Administrasi Niaga;79.86;Administrasi Niaga, Akuntansi
5407;Pemrograman Microsoft Visual Basic 6;005.6;5;Teknik Informatika & Komputer;Teknik Informatika & Komputer;100.0;Teknik Informatika & Komputer
5409;Pengantar Hukum Indonesia : Buku Panduan Mahasiswa;340.095;340;Umum;Umum;98.44;Umum
5413;Pengantar pasar modal;380.1;380;Administrasi Niaga;Administrasi Niaga;74.06;Administrasi Niaga, Akuntansi
5416;Pengantar penelitian ilmiah : dasar, metoda, dan teknik;001.407 2;1;Teknik Informatika & Komputer;Teknik Informatika & Komputer;74.32;Teknik Informatika & Komputer
5417;Pengembangan internet dengan windows NT server 4.0;005.369;5;Teknik Informatika & Komputer;Teknik Informatika & Komputer;100.0;Teknik Informatika & Komputer
5418;Pengetahuan praktis teknik radio;621.384;621;Teknik Elektro;Teknik Elektro;100.0;Teknik Elektro
5419;Penyimpangan dan kesesatan ma'had al-zaitu;297.2;297;Umum;Umum;100.0;Umum
5420;Perekonomian Indonesia : Teori Dan Temuan Empiris;338.959.8;338;Administrasi Niaga;Administrasi Niaga;100.0;Administrasi Niaga
5421;Perencanaan dan pengembangn produk;658.575;658;Administrasi Niaga;Administrasi Niaga;98.05;Administrasi Niaga
5422;Perjanjian lisensi alih teknologi dalam pengembangan teknologi indonesia;332.77;332;Akuntansi;Akuntansi;83.7;Akuntansi
5423;Pokok-Pokok Hukum Perdata;346;346;Umum;Umum;100.0;Umum
5424;Prinsip-prinsip kimia modern;540;540;Teknik Sipil;Teknik Sipil;89.37;Teknik Sipil
5425;Prinsip-prinsip manajemen operasi;658.5;658;Administrasi Niaga;Administrasi Niaga;100.0;Administrasi Niaga
5426;Prinsip-Prinsip Pemasaran;658.81;658;Administrasi Niaga;Administrasi Niaga;100.0;Administrasi Niaga
5427;Prinsip-Prinsip Pemasaran JILID 1,2;658.8;658;Administrasi Niaga;Administrasi Niaga;100.0;Administrasi Niaga
5428;Proses pengendalian manajemen;658.651 1;658;Administrasi Niaga;Administrasi Niaga;100.0;Administrasi Niaga
5429;Psikologi Komunikasi;158;158;Umum;Umum;94.37;Umum
5431;Redesigning enterprise processes for e-business;658.4;658;Administrasi Niaga;Administrasi Niaga;91.78;Administrasi Niaga
5432;"Revolusi Cara Belajar : Belajar Akan Efektif Kalau Anda Dalam Keadaan ""Fun"" Bagian I: Keajaiban Fikiran";153.15;153;Umum;Umum;94.96;Umum
5433;Secretary & Beyond : Metamorphosis Of Secretary Profession;651.374;651;Administrasi Niaga;Administrasi Niaga;97.16;Administrasi Niaga
5434;Secrets of RF Circuit design;621.324;621;Teknik Elektro;Teknik Elektro;96.5;Teknik Elektro
5435;Servis dan reparasi auto mobil;629.28;629;Teknik Mesin;Teknik Mesin;75.72;Teknik Mesin, Umum
5436;Singkat Tepat Jelas Microsoft World 2002;005.3;5;Teknik Informatika & Komputer;Teknik Informatika & Komputer;96.65;Teknik Informatika & Komputer
5437;Sinyal & Sistem;629.832;629;Teknik Mesin;Teknik Mesin;74.91;Teknik Mesin, Teknik Elektro
5442;Standar Profesional Akuntan Publik : Per 1 Januari 2001, Kumpulan Interpretasi 2002-2006;657;657;Akuntansi;Akuntansi;87.97;Akuntansi
5443;Statistik : Teori dan alikasi;519.5;519;Matematika;Matematika;97.56;Matematika
5444;Step by step microsoft visual basic 6.0;005.6;5;Teknik Informatika & Komputer;Teknik Informatika & Komputer;94.8;Teknik Informatika & Komputer
5445;Strategic management concise;658.401 2;658;Administrasi Niaga;Administrasi Niaga;100.0;Administrasi Niaga
5446;Struktur atom, struktur molekul, & sistem periodik;539.1;539;Teknik Elektro;Teknik Elektro;73.43;Teknik Elektro, Teknik Sipil
5447;Struktur bangunan bertingkat tinggi;690;690;Teknik Sipil;Teknik Sipil;93.34;Teknik Sipil
5448;Studi kelayakan proyek : teknik dan prosedur penyusunan laporan;658.421;658;Administrasi Niaga;Administrasi Niaga;95.07;Administrasi Niaga
5450;System hukum Amerika Serikat;348.73;348;Umum;Umum;97.86;Umum
5451;Teknik Mengelas : Asetelin, Brazing dan las busur listrik;671.5;671;Teknik Mesin;Teknik Mesin;92.08;Teknik Mesin
5452;Teknik Reparasi televisi berwarna;621.388;621;Teknik Elektro;Teknik Elektro;91.13;Teknik Elektro
5453;Teknik tegangan tinggi : Dasar pembangkitan dan pengukuran;621.319 13;621;Teknik Elektro;Teknik Elektro;94.01;Teknik Elektro
5455;The art of marketing a guide to web marketing : Successful promotion on the net;658.83;658;Administrasi Niaga;Administrasi Niaga;99.79;Administrasi Niaga
5456;The art of marketing branding : a practical guide to planning your strategy;658.83;658;Administrasi Niaga;Administrasi Niaga;100.0;Administrasi Niaga
5457;The Art of marketing customer relationship marketing : Get to know your customers and win their loyalty;658.83;658;Administrasi Niaga;Administrasi Niaga;100.0;Administrasi Niaga
5458;The art of marketing integrated marketing communications;658.83;658;Administrasi Niaga;Administrasi Niaga;96.63;Administrasi Niaga
5459;The art of Marketing successful advertising : a guide to strategy, planning and targeting;658.83;658;Administrasi Niaga;Administrasi Niaga;100.0;Administrasi Niaga
5460;The art of marketing successful product management : a guide to strategy, planning and development;658;658;Administrasi Niaga;Administrasi Niaga;100.0;Administrasi Niaga
5461;Time saver standars for building types;690;690;Teknik Sipil;Teknik Sipil;85.6;Teknik Sipil
5463;Toefl CBT : Test-prepessentials from the experts at cliffs notes;428;428;Umum;Umum;98.6;Umum
5465;Undang-undang pajak tahun 2000 : Ketentuan umum dan tat cara perpajakan, pajak penghasilan...;336.2;336;Akuntansi;Akuntansi;84.65;Akuntansi, Umum
5466;Undang-undang perpajakan 2000 : Gabungan pasal-pasal yang berubah dan pasal-pasal yang tidak berubah serta penjelasannya dilengkapi dengan peraturan dan keputusan dalam pelaksanaan undang-undang perpajakan tahun 2000;343.04;343;Umum;Umum;100.0;Umum
5467;What the printer should know about ink;667.5;667;Teknik Sipil;Teknik Sipil;81.13;Teknik Sipil
5469;Aa Gym dan Fenomena Daarut Tauhiid;152.4;152;Umum;Umum;100.0;Umum
5471;Aa Gym dan Fenomena Daarut Tauhiid : Memperbaiki Diri lewat Manajemen Qalbu;152.4;152;Umum;Umum;98.58;Umum
5474;Ahli sunah menjawab ahmadiyah;297.86;297;Umum;Umum;100.0;Umum
5475;Akuntansi biaya dan akuntansi manajemen untuk teknologi maju dan globalisasi;657.42;657;Akuntansi;Akuntansi;96.32;Akuntansi
5483;Akuntansi Intermediate Jilid 1,2,3;657.044;657;Akuntansi;Akuntansi;100.0;Akuntansi
5484;Al-Qur'an Sebagai  Pedoman Hidup;297.122;297;Umum;Umum;100.0;Umum
5487;Analisis kimia kuantutatif;540;540;Teknik Sipil;Teknik Sipil;89.73;Teknik Sipil
5488;Analisis rangkaian linier;621.3192;621;Teknik Elektro;Teknik Elektro;100.0;Teknik Elektro
5491;Basic marketing a global managerial approach;658.8;658;Administrasi Niaga;Administrasi Niaga;100.0;Administrasi Niaga
5492;Bekal Seorang Dai;297.2;297;Umum;Umum;100.0;Umum
5493;Bid'ah-Bid'ah terhadap Al-Qur'an;297.122;297;Umum;Umum;100.0;Umum
5494;Biografi Gus Dur : The authorized biography of Abdurahman Wahid;920.71;920;Umum;Umum;100.0;Umum
5495;Business agility;658.84;658;Administrasi Niaga;Administrasi Niaga;100.0;Administrasi Niaga
5496;Business management and globalisation : Globalisation and marketing management;658.11;658;Administrasi Niaga;Administrasi Niaga;100.0;Administrasi Niaga
5497;Cases in e-commerce;658.84;658;Administrasi Niaga;Administrasi Niaga;92.67;Administrasi Niaga
5500;Computer Networking : Jaringan Komputer;004.65;4;Teknik Informatika & Komputer;Teknik Informatika & Komputer;100.0;Teknik Informatika & Komputer
5501;Corporate finance;658.15;658;Administrasi Niaga;Administrasi Niaga;100.0;Administrasi Niaga
5502;Creating effective marketing plan;380.1;380;Administrasi Niaga;Administrasi Niaga;100.0;Administrasi Niaga
5503;Cyberlaw & E-commerce;343.730 9;343;Umum;Umum;92.43;Umum
5504;Dasar-dasar elektronika;621.381;621;Teknik Elektro;Teknik Elektro;100.0;Teknik Elektro
5507;Data arsitek jilid 2;720;720;Teknik Grafika & Penerbitan;Teknik Grafika & Penerbitan;97.24;Teknik Grafika & Penerbitan
5508;E-Business and E-Commerce infrastructure : Technologies supporting the e-business initiative;658.84;658;Administrasi Niaga;Administrasi Niaga;100.0;Administrasi Niaga
5509;Ekonometrika pengantar;330.015 195;330;Administrasi Niaga;Administrasi Niaga;90.81;Administrasi Niaga
5511;Ekonomi teknik analisis;338.826;338;Administrasi Niaga;Administrasi Niaga;96.39;Administrasi Niaga
5512;Ekonomika pengantar;330;330;Administrasi Niaga;Administrasi Niaga;98.71;Administrasi Niaga
5513;Electric machinery and power system fundamentals;621.310 42;621;Teknik Elektro;Teknik Elektro;100.0;Teknik Elektro
5514;Engineering economiy;658.152;658;Administrasi Niaga;Administrasi Niaga;80.52;Administrasi Niaga
5515;Entrepreneurship;658.421;658;Administrasi Niaga;Administrasi Niaga;100.0;Administrasi Niaga
5516;Estetika : makna, simbol dan daya;111.85;111;Umum;Umum;78.73;Umum, Teknik Mesin
5517;Event planning ethics and etiquette : A principled approach to business of special event management;394.2068;394;Umum;Umum;67.64;Umum, Administrasi Niaga
5520;Foundations of electronics;621.381;621;Teknik Elektro;Teknik Elektro;100.0;Teknik Elektro
5521;Fundamentals of grafics communications;604.2;604;Teknik Mesin;Teknik Mesin;98.49;Teknik Mesin
5522;Geotechnical earthqueke engineering handbook;624.176 2;624;Teknik Sipil;Teknik Sipil;99.08;Teknik Sipil
5523;Harry potter and the deathly hallows : Harry potter dan relikui kematian;813;813;Umum;Umum;100.0;Umum
5524;Hidrolika terapan : aliran pada saluran terbuka dan pipa;628.162;628;Teknik Sipil;Teknik Sipil;95.94;Teknik Sipil
5525;Himpunan Peraturan Perundang-Undangan Republik Indonesia Tahun 2001 (3);624.171;624;Teknik Sipil;Teknik Sipil;85.63;Teknik Sipil
5526;How to prepare for the Toefl Test : Test of english as a foright language;428;428;Umum;Umum;100.0;Umum
5527;Hukum bisnis;346.07;346;Umum;Umum;100.0;Umum
5528;Hukum Pajak : Dilengkapi Dengan Latihan Soal;343.04;343;Umum;Umum;82.26;Umum, Akuntansi
5529;Hukum perjanjian;346.02;346;Umum;Umum;100.0;Umum
5530;Hukum surat berharga dan perkembangannya di Indonesia;346.092.2;346;Umum;Umum;95.27;Umum
5531;Introduction to transportation engineering;629.04;629;Teknik Mesin;Teknik Mesin;77.71;Teknik Mesin, Teknik Sipil
5532;Jejak Juang Palestina;956.94;956;Umum;Umum;100.0;Umum
5533;Kalkulus lanjut;515;515;Matematika;Matematika;96.93;Matematika
5534;Kamus kimia;540.3;540;Teknik Sipil;Teknik Sipil;90.18;Teknik Sipil
5535;Keyakinan al - kadiyani;297.2;297;Umum;Umum;100.0;Umum
5536;kisah-kisah sepanjang zaman;333.79;333;Administrasi Niaga;Administrasi Niaga;62.66;Administrasi Niaga, Umum
5538;Konsep produk dan inplementasi operasional;332.1;332;Akuntansi;Akuntansi;95.03;Akuntansi
5540;Manajemen pemasaran bank;658.8;658;Administrasi Niaga;Administrasi Niaga;95.43;Administrasi Niaga
5541;Materi Pokok: Dasar-Dasar Agama Islam : MKDU4201/2SKS/Modul 1-6;297;297;Umum;Umum;100.0;Umum
5542;McQuail's reader in mass communication theory;659.3;659;Administrasi Niaga;Administrasi Niaga;72.99;Administrasi Niaga, Umum
5543;Mechanical systems for industrial maintenence;658.27;658;Administrasi Niaga;Administrasi Niaga;100.0;Administrasi Niaga
5544;Memakai Coreldraw 11;005.756.5;5;Teknik Informatika & Komputer;Teknik Informatika & Komputer;97.82;Teknik Informatika & Komputer
5546;Mengapa kita menolak syiah;297.2;297;Umum;Umum;100.0;Umum
5547;Menggambar suatu proses kreatif;741.6;741;Teknik Grafika & Penerbitan;Teknik Grafika & Penerbitan;96.12;Teknik Grafika & Penerbitan
5548;Menguasai pemrograman database dengan visual  basic 6, buku 1 dan 2;005.268;5;Teknik Informatika & Komputer;Teknik Informatika & Komputer;99.0;Teknik Informatika & Komputer
5549;Menuju Hati Yang Bersih;297.7;297;Umum;Umum;100.0;Umum
5550;Meta failures : mechanism, analysis, prevention;620.166;620;Teknik Mesin;Teknik Mesin;80.74;Teknik Mesin
5551;Microsoft access 2002;005.3;5;Teknik Informatika & Komputer;Teknik Informatika & Komputer;100.0;Teknik Informatika & Komputer
5552;Microsoft Visual Basic 6.0;005.362;5;Teknik Informatika & Komputer;Teknik Informatika & Komputer;100.0;Teknik Informatika & Komputer
5554;Mikroprosesor Intel : 8086/8088, 80186, 80188, 80286, 80386, 80486, pentium, dan pentium-Pro : Arsitektur, Pemrograman, Antarmuka;004.165;4;Teknik Informatika & Komputer;Teknik Informatika & Komputer;100.0;Teknik Informatika & Komputer
5555;Mikroprosesor Intel : 8086/8088, 80186/80188, 80286, 80386, 80486, Pentium, dan Pentium-Pro: Arsitektur, Pemrograman, Antarmuka;004.165;4;Teknik Informatika & Komputer;Teknik Informatika & Komputer;94.73;Teknik Informatika & Komputer
5556;Mine till midnight : Janji ditengah malam;818;818;Umum;Umum;100.0;Umum
5559;Modern Electronic Communication;621.382;621;Teknik Elektro;Teknik Elektro;94.35;Teknik Elektro
5560;Organization behavior scuring competitive advantage;658;658;Administrasi Niaga;Administrasi Niaga;95.77;Administrasi Niaga
5561;Pemahaman Praktis undang-undang perpajakan Indonesia;343.04;343;Umum;Umum;88.3;Umum
5562;Pemograman Microsoft visual basic 6;005.6;5;Teknik Informatika & Komputer;Teknik Informatika & Komputer;95.25;Teknik Informatika & Komputer
5564;Pendidikan Kewarganegaraan;323.6;323;Umum;Umum;100.0;Umum
5565;Pengantar bisnis medern : Pengantar ekonomi perusahaan modern;650.1;650;Administrasi Niaga;Administrasi Niaga;100.0;Administrasi Niaga
5568;Pengantar Teori Makroekonomi;339;339;Administrasi Niaga;Administrasi Niaga;100.0;Administrasi Niaga
5573;Pengaruh sistem konpensasi terhadap tingkat kehadiran...;370.1;370;Umum;Umum;84.25;Umum, Administrasi Niaga
5574;Pengatar Ekonomi Perusahaan;338.7;338;Administrasi Niaga;Administrasi Niaga;100.0;Administrasi Niaga
5575;Peranti untuk belajar sendiri : Step by step microsoft visual basic 6.0;005.6;5;Teknik Informatika & Komputer;Teknik Informatika & Komputer;100.0;Teknik Informatika & Komputer
5577;Perilaku konsumen;658.834;658;Administrasi Niaga;Administrasi Niaga;100.0;Administrasi Niaga
5580;Perpindahan Kalor : Untuk Mahasiswa Teknik;536.6;536;Teknik Elektro;Teknik Elektro;100.0;Teknik Elektro
5582;Perpindahan Kalor Untuk Mahasiswa Teknik;536.6;536;Teknik Elektro;Teknik Elektro;93.19;Teknik Elektro
5583;Perubahan Ke empat UUD 45 dan Ketetapan-ketetapan MPR Tahun 2002;34203;342;Umum;Umum;100.0;Umum
5584;Perubahan Ke Empat UUD. 1945 dan Ketetapan-Ketetapan MPR Tahun 2000 Tahun 2002;342.03;342;Umum;Umum;100.0;Umum
5585;Perubahan Ke Empat UUD. 1945 dan Ketetapan-Ketetapan MPR Tahun 2002;342.03;342;Umum;Umum;96.73;Umum
5586;Petunjuk melamar pekerjaan : Cara menulis bahasa Indonesia, bahasa Inggris surat lamaran, letter applications riwayat hidup curiculum vitae wawancara, interview;658.31;658;Administrasi Niaga;Administrasi Niaga;86.24;Administrasi Niaga
5587;Petunjuk Pelaksanaan : Pembentukan, Pengesahan Akta Pendirian dan Perubahan Anggaran Dasar Koperasi;334;334;Administrasi Niaga;Administrasi Niaga;80.88;Administrasi Niaga, Umum
5589;Pokok-pokok pengetahuan hukum dagang Indonesia;343.8;343;Umum;Umum;90.53;Umum
5590;Prinsip-rinsip prilaku organisasi;658.1;658;Administrasi Niaga;Administrasi Niaga;91.29;Administrasi Niaga
5591;Psikologi Industri;158.7;158;Umum;Umum;99.61;Umum
5592;Psikologi pelayanan dalam industri jasa;338.4019;338;Administrasi Niaga;Administrasi Niaga;71.14;Administrasi Niaga, Umum
5593;Rahasia Sukses Membangun Kecerdasan Emosi dan Spiritual ESQ : Emotional Spiritual Quotient Berdasarkan 6 Rukun Iman dan 5 Rukun Islam;152.4;152;Umum;Umum;100.0;Umum
5594;Rangkaian listrik jilid 1 & 2;621.3;621;Teknik Elektro;Teknik Elektro;100.0;Teknik Elektro
5596;Schau's outline of theory and problems of computer networkiong;004.6;4;Teknik Informatika & Komputer;Teknik Informatika & Komputer;92.7;Teknik Informatika & Komputer
5597;Seri panduan pemrograman Database visual basic 6.0 dengan crystal report;005.74;5;Teknik Informatika & Komputer;Teknik Informatika & Komputer;100.0;Teknik Informatika & Komputer
5598;Signals and systems;621.382;621;Teknik Elektro;Teknik Elektro;80.86;Teknik Elektro, Teknik Mesin
5599;Standar Akuntansi Keuangan : Per 1 April 2002;657;657;Akuntansi;Akuntansi;96.76;Akuntansi
5601;Standar Akuntansi Keuangan : Per 1 April 2002 dan per 1 Oktober 2004;657;657;Akuntansi;Akuntansi;100.0;Akuntansi
5602;Strategic planning for information systems;658.403 8;658;Administrasi Niaga;Administrasi Niaga;99.12;Administrasi Niaga
5603;Systems analysis & Design an object-oriented approach with UML;004.21;4;Teknik Informatika & Komputer;Teknik Informatika & Komputer;97.37;Teknik Informatika & Komputer
5604;Tata cara perhitungan struktur beton untuk bangunan gedung;698.5;698;Teknik Sipil;Teknik Sipil;97.8;Teknik Sipil
5605;Teach Yourshelf TCP : IP Networking in 21 day;004.68;4;Teknik Informatika & Komputer;Teknik Informatika & Komputer;96.26;Teknik Informatika & Komputer
5606;The art of training and development in management;658.312;658;Administrasi Niaga;Administrasi Niaga;100.0;Administrasi Niaga
5607;The marketing game : with student CD-Rom;658.8;658;Administrasi Niaga;Administrasi Niaga;99.4;Administrasi Niaga
5608;Akuntansi : Suatu siklus dan pajak untuk perusahaan industri dan dagang;657;657;Akuntansi;Akuntansi;100.0;Akuntansi
5609;Analisis SWOT teknik membedah kasus bisnis : Reorientasi konsep perencanaan untuk menghadapi abad 21;658.401;658;Administrasi Niaga;Administrasi Niaga;88.3;Administrasi Niaga
5610;Aplikasi autocad;001.6;1;Teknik Informatika & Komputer;Teknik Informatika & Komputer;96.02;Teknik Informatika & Komputer
5611;Aplikasi AutoCad 2002 untuk teknik mesin;001.6;1;Teknik Informatika & Komputer;Teknik Informatika & Komputer;85.16;Teknik Informatika & Komputer
5612;Aspek hukum dalam bisnis;346.07;346;Umum;Umum;100.0;Umum
5613;Auditing and Assurance Services an integrated aproach;657.836;657;Akuntansi;Akuntansi;95.34;Akuntansi
5615;Auditing buku 1;657.45;657;Akuntansi;Akuntansi;100.0;Akuntansi
5616;Beton prategang : Suatu pendekatan mendasar;691.3;691;Teknik Sipil;Teknik Sipil;91.98;Teknik Sipil
5617;Biologi molekuler sel;574.8;574;Sains;Sains;93.0;Sains
5618;Business and administrative communications;658.45;658;Administrasi Niaga;Administrasi Niaga;100.0;Administrasi Niaga
5619;Business Communication Today;382.5;382;Administrasi Niaga;Administrasi Niaga;91.05;Administrasi Niaga
5620;Civil and environmental system engineerng;624.015;624;Teknik Sipil;Teknik Sipil;100.0;Teknik Sipil
5621;Civil engineer's illustrated sourcebook;624;624;Teknik Sipil;Teknik Sipil;100.0;Teknik Sipil
5622;Computer assisted auditing with microsoft great plains dynamics;005.3;5;Teknik Informatika & Komputer;Teknik Informatika & Komputer;87.82;Teknik Informatika & Komputer
5623;Customer Service Cara Efektif Memuaskan Pelanggan;381.3;381;Administrasi Niaga;Administrasi Niaga;99.31;Administrasi Niaga
5624;Dasar-dasar kimia logam;533.2;533;Teknik Elektro;Teknik Elektro;100.0;Teknik Elektro
5625;Dasar-dasar organisasi dan manajemen;658;658;Administrasi Niaga;Administrasi Niaga;100.0;Administrasi Niaga
5626;Dasar - dasar pemrograman borland c++;005.369;5;Teknik Informatika & Komputer;Teknik Informatika & Komputer;95.44;Teknik Informatika & Komputer
5627;Database Management systems;005.74;5;Teknik Informatika & Komputer;Teknik Informatika & Komputer;95.56;Teknik Informatika & Komputer
5629;Desain dan animasi menggunakan macromedia Firework MX;006.696;6;Teknik Informatika & Komputer;Teknik Informatika & Komputer;100.0;Teknik Informatika & Komputer
5630;Dibalik invasi AS ke Irak;343;343;Umum;Umum;100.0;Umum
5631;Digital color imaging handbook;621.367;621;Teknik Elektro;Teknik Elektro;83.7;Teknik Elektro
5632;Discussion based online teaching to enhance student learning : Theory practice and assesment;378.1734;378;Umum;Umum;97.41;Umum
5633;Draft buku teks : Manajemen Keuangan;658.15;658;Administrasi Niaga;Administrasi Niaga;100.0;Administrasi Niaga
5634;Electrical equipment hanbook;621.310420;621;Teknik Elektro;Teknik Elektro;100.0;Teknik Elektro
5635;Etika bisnis jabatan perbankan;174.4;174;Umum;Umum;92.29;Umum
5636;Even more excelent HTML Reference guide;005.72;5;Teknik Informatika & Komputer;Teknik Informatika & Komputer;98.13;Teknik Informatika & Komputer
5637;even more exelent HTML with XML, XHTML, and JAVASCRIT;005.72;5;Teknik Informatika & Komputer;Teknik Informatika & Komputer;94.51;Teknik Informatika & Komputer
5638;Executive's guide to knowledge management : Puncak keunggulan kompetitif;658.15;658;Administrasi Niaga;Administrasi Niaga;91.96;Administrasi Niaga
5639;Financial Management : Principles And Applications;658.15;658;Administrasi Niaga;Administrasi Niaga;90.85;Administrasi Niaga
5640;Financial statement analysis : a valuation approach;332.011 2;332;Akuntansi;Akuntansi;100.0;Akuntansi
5641;Fisika dasar : Untuk mahasiswa non eksakta bidang ilmu terapan;530;530;Teknik Elektro;Teknik Elektro;92.84;Teknik Elektro
5644;Handbook of electrical design details;621.319 24;621;Teknik Elektro;Teknik Elektro;83.42;Teknik Elektro
5645;Handbook of mechanical design;621.815;621;Teknik Mesin;Teknik Mesin;94.61;Teknik Mesin
5646;Hidrolika dan pneumatika pedoman bagi teknisi dan insinyur;660.284 425;660;Teknik Mesin;Teknik Mesin;70.83;Teknik Mesin
5647;Hukum adat Indonesia : Perkembangannya dari masa ke masa;340.598;340;Umum;Umum;95.17;Umum
5648;Hukum dan ketentuan perbankan di Indonesia;346.082;346;Umum;Umum;100.0;Umum
5649;Hukum dan ketentuan perbankan di Indopnesia : Widjarnato;346.082;346;Umum;Umum;91.48;Umum
5650;Hukum tentang perlindungan konsumen;381.34;381;Administrasi Niaga;Umum;51.84;Umum, Administrasi Niaga
5651;Ilmu Komunikasi : Suatu pengantar;302.2;302;Umum;Umum;100.0;Umum
5652;Internet Marketing : building advantage in a networked economy;658.84;658;Administrasi Niaga;Administrasi Niaga;99.72;Administrasi Niaga
5653;Introduction to e-commerce;658.84;658;Administrasi Niaga;Administrasi Niaga;95.31;Administrasi Niaga
5655;Introductrion to E-Commerce;658.84;658;Administrasi Niaga;Administrasi Niaga;94.33;Administrasi Niaga
5656;Jurnal : Harga Bahan Bangunan, Konstruksi dan Interior;694.070;694;Teknik Sipil;Teknik Sipil;88.28;Teknik Sipil
5657;Jurnal Harga Bahan Bangunan, Konstruksi Dan Interior;694.070;694;Teknik Sipil;Teknik Sipil;75.4;Teknik Sipil, Teknik Grafika & Penerbitan
5659;Kamus istilah pariwisata dan perhotelan;910.2;910;Umum;Umum;100.0;Umum
5660;Kelembagaan dan ekonomi rakyat;330.0;330;Administrasi Niaga;Administrasi Niaga;93.68;Administrasi Niaga
5661;Keputusan presiden RI No.20 thn.2003 tentang pedoman pelaksanaan pengadaan barang atau jasa;320.84;320;Umum;Umum;83.85;Umum, Administrasi Niaga
5662;Kimia dasar : konsep-konsep inti;540;540;Teknik Sipil;Teknik Sipil;78.74;Teknik Sipil
5664;Kimia organik : suatu kuliah singkat;547;547;Teknik Sipil;Teknik Sipil;100.0;Teknik Sipil
5665;Kinematics and dynamics of machinery;531.112;531;Teknik Elektro;Teknik Elektro;75.57;Teknik Elektro, Teknik Mesin
5666;Kumpulan puisi kepada cium;808.81;808;Umum;Umum;86.51;Umum
5667;Machine tool technology basics;621.9;621;Teknik Mesin;Teknik Mesin;88.88;Teknik Mesin
5669;Managers not mbas : A hard look at soft practice of managing and management development;658.007;658;Administrasi Niaga;Administrasi Niaga;87.95;Administrasi Niaga
5670;Managing siftware requirements : A use case approach;005.1068;5;Teknik Informatika & Komputer;Teknik Informatika & Komputer;95.72;Teknik Informatika & Komputer
5671;Managing software requirements : A use case approach;005.1 068;5;Teknik Informatika & Komputer;Teknik Informatika & Komputer;89.57;Teknik Informatika & Komputer
5674;Manajemen Kualitas pendekatan sisi kualitatip;658.262;658;Administrasi Niaga;Administrasi Niaga;100.0;Administrasi Niaga
5675;Manajemen Perbankan;658.1511;658;Administrasi Niaga;Administrasi Niaga;83.22;Administrasi Niaga, Akuntansi
5676;Manajemen perkreditan : Usaha kecil menengah;658.88;658;Administrasi Niaga;Administrasi Niaga;100.0;Administrasi Niaga
5677;MAnajemen perkeriditan : Usaha kecil dan menengah;658.88;658;Administrasi Niaga;Administrasi Niaga;100.0;Administrasi Niaga
5678;Manajemen Perkreditan : Usaha Kecil Dan Menengah;658.88;658;Administrasi Niaga;Administrasi Niaga;97.47;Administrasi Niaga
5679;Manajemen perusahaan : Suatu pendekatan operatif dan sistem informasi;658;658;Administrasi Niaga;Administrasi Niaga;100.0;Administrasi Niaga
5680;Manajemen stategis;658.401 2;658;Administrasi Niaga;Administrasi Niaga;100.0;Administrasi Niaga
5681;Manajemen strategis;658.401 2;658;Administrasi Niaga;Administrasi Niaga;98.67;Administrasi Niaga
5683;Manajemen syariah dalam praktik;658;658;Administrasi Niaga;Administrasi Niaga;85.28;Administrasi Niaga
5684;MArketing management an asian perspective;658.8;658;Administrasi Niaga;Administrasi Niaga;100.0;Administrasi Niaga
5685;MAsa depan kebebasan;321.8;321;Umum;Umum;100.0;Umum
5688;Matematka teknik;510;510;Matematika;Matematika;98.67;Matematika
5691;Mekanika Teknik :  Statistika;531.12;531;Teknik Elektro;Teknik Elektro;70.26;Teknik Elektro, Teknik Mesin
5692;Mengelola transaksi bisnis dengan accurate;005.369;5;Teknik Informatika & Komputer;Teknik Informatika & Komputer;82.98;Teknik Informatika & Komputer
5694;Mengenal Islam;297;297;Umum;Umum;99.67;Umum
5696;Menyusun laporan keuangan perusahaan kecil dengan menggunakan template microsoft excel XP;005.369;5;Teknik Informatika & Komputer;Teknik Informatika & Komputer;89.48;Teknik Informatika & Komputer
5697;Metode elemen hingga untuk pelat lentur;624;624;Teknik Sipil;Teknik Sipil;90.22;Teknik Sipil
5699;Metode riset aplikasi dan pemasaran;001.42;1;Teknik Informatika & Komputer;Teknik Informatika & Komputer;100.0;Teknik Informatika & Komputer
5700;Metode riset untuk bisnis dan ekonomi : Bagaimana meneliti dan menulis tesis;650.072;650;Administrasi Niaga;Administrasi Niaga;100.0;Administrasi Niaga
5701;Metrics and models in software quality engineering;332.1;332;Akuntansi;Akuntansi;80.78;Akuntansi
5702;Modern auditing;657.45;657;Akuntansi;Akuntansi;90.97;Akuntansi
5704;Modern Power Electronics : Evaluation, Technology and Applications;621.46;621;Teknik Mesin;Teknik Mesin;71.14;Teknik Mesin, Teknik Elektro
5705;Modern Processor design;004.1;4;Teknik Informatika & Komputer;Teknik Informatika & Komputer;89.76;Teknik Informatika & Komputer
5706;Modul acuan proses pembelajaran matakuliah berkehidupan bermasyarakat ilmu sosial dan budaya dasar ilmu kealaman dasar;300;300;Umum;Umum;96.05;Umum
5707;Nilai gizi pangan;660;660;Teknik Mesin;Teknik Mesin;75.52;Teknik Mesin, Umum
5708;Payment technologies for e-commerce;005.8;5;Teknik Informatika & Komputer;Teknik Informatika & Komputer;92.36;Teknik Informatika & Komputer
5709;Pedoman umum ejaan bahasa indonesia yang disempurnakan;411.52;411;Umum;Umum;94.92;Umum
5710;Pendidikan Agama, Pancasila, Kewarganegaraan;297;297;Umum;Umum;100.0;Umum
5711;Pengantar bisnis;650;650;Administrasi Niaga;Administrasi Niaga;100.0;Administrasi Niaga
5714;Pengantar estetika dalam seni rupa;740;740;Teknik Grafika & Penerbitan;Teknik Grafika & Penerbitan;90.46;Teknik Grafika & Penerbitan
5715;Pengantar fisika kuantum;530;530;Teknik Elektro;Teknik Elektro;100.0;Teknik Elektro
5716;Pengantar hukum perburuhan;334.01;334;Administrasi Niaga;Administrasi Niaga;60.71;Administrasi Niaga, Umum
5717;Pengantar rekayasa dasar transfortasi;358.4;358;Umum;Umum;55.02;Umum, Teknik Mesin, Sains
5718;Pengantar sistem komunikasi nirkabel;621.3;621;Teknik Elektro;Teknik Elektro;91.28;Teknik Elektro
5720;Pengenalan dasar-dasar PLC : Programmable Logic Controller disertai contoh aslinya;629.89;629;Teknik Mesin;Teknik Mesin;83.33;Teknik Mesin, Teknik Informatika & Komputer
5721;People and competencies;658.31;658;Administrasi Niaga;Administrasi Niaga;96.63;Administrasi Niaga
5722;Perancangan sistem kerja dan ergonomi;620.7;620;Teknik Mesin;Teknik Mesin;100.0;Teknik Mesin
5723;Perekonomian Indonesia : Beberapa masalah penting;338.958 8;338;Administrasi Niaga;Administrasi Niaga;100.0;Administrasi Niaga
5725;Perpajakan : teori dan kasus;336.2;336;Akuntansi;Akuntansi;100.0;Akuntansi
5726;PHP dan MySQLuntuk Web;005.3;5;Teknik Informatika & Komputer;Teknik Informatika & Komputer;100.0;Teknik Informatika & Komputer
5727;Pokok-pokok teknologi struktur untuk konstruksi & arsitektur;6224;622;Teknik Mesin;Teknik Mesin;70.8;Teknik Mesin, Teknik Sipil
5728;Pokok-pokok teknologi struktur untuk konstruksi dan arsitektur;624;624;Teknik Sipil;Teknik Sipil;88.55;Teknik Sipil
5734;Proses manufaktur benang sistem rotor;677.6;677;Teknik Mesin;Teknik Mesin;86.32;Teknik Mesin
5735;Protokol kyoto;551.6;551;Sains;Sains;80.34;Sains
5736;Proyek jalan : teori dan praktek;625.7;625;Teknik Sipil;Teknik Sipil;72.39;Teknik Sipil
5738;Psikologi sosial jilid 1 & 2;302;302;Umum;Umum;97.11;Umum
5739;Public relations;659.2;659;Administrasi Niaga;Administrasi Niaga;83.44;Administrasi Niaga, Umum
5744;Rehabilitasi dan terapi untuk individu yang membutuhkan layanan khusus;155.2;155;Umum;Umum;100.0;Umum
5745;Sawyer's : Internasional auditing;657.45;657;Akuntansi;Akuntansi;100.0;Akuntansi
5746;Sejarah seni rupa timur;740.5;740;Teknik Grafika & Penerbitan;Teknik Grafika & Penerbitan;82.78;Teknik Grafika & Penerbitan, Umum
5747;Seri panduan pemrograman aplikasi database visual basic 6.0 dengan crystal report;005.74;5;Teknik Informatika & Komputer;Teknik Informatika & Komputer;100.0;Teknik Informatika & Komputer
5748;Seri panduan pemrograman aplikasi database visual basic 6.0 dengan crystal reports;005.74;5;Teknik Informatika & Komputer;Teknik Informatika & Komputer;100.0;Teknik Informatika & Komputer
5749;Sistem teknologi informasi : pendekatan terintegrsi, konsep dasar teknologi, aplikasi, pengembangan dan pengolahan;658.403 8;658;Administrasi Niaga;Teknik Informatika & Komputer;100.0;Teknik Informatika & Komputer
5750;Software Engineering : Rekayasa Perangkat Lunak;005.1;5;Teknik Informatika & Komputer;Teknik Informatika & Komputer;90.76;Teknik Informatika & Komputer
5751;Strategic Marketing;658.802;658;Administrasi Niaga;Administrasi Niaga;100.0;Administrasi Niaga
5752;Structural vibration : analysis and damping;531.3;531;Teknik Elektro;Teknik Elektro;73.83;Teknik Elektro, Teknik Mesin
5753;Tcp : ip clearly explained;004.68;4;Teknik Informatika & Komputer;Teknik Informatika & Komputer;94.1;Teknik Informatika & Komputer
5754;Teknik konversi energi listrik dan sistem pengaturan;621.312;621;Teknik Elektro;Teknik Elektro;85.15;Teknik Elektro
5755;Teknik pengukuran listrik dan elektronika;621.37;621;Teknik Elektro;Teknik Elektro;97.0;Teknik Elektro
5756;Teknologi beton;691.3;691;Teknik Sipil;Teknik Sipil;100.0;Teknik Sipil
5757;Teleakses database pendidikan berbasis ponsel;621.382;621;Teknik Elektro;Teknik Elektro;82.54;Teknik Elektro
5758;Teori dan soal-soal aljabar elementar;512.9;512;Matematika;Matematika;92.56;Matematika
5759;Teori soal dan penyelesaian mekanika teknik I,II,III;620.1;620;Teknik Mesin;Teknik Mesin;76.59;Teknik Mesin, Teknik Elektro
5760;The art of HRD Developing management skill techniques for improving learning & perpormance : Meningkatkan keterampilan manajemen teknik-teknik meningkatkan pembelajaran & Kinerja;658.3;658;Administrasi Niaga;Administrasi Niaga;96.15;Administrasi Niaga
5761;The art of HRD Job evalution and remuneration strategies how to set up and run an effective system : strategi evaluasi kerja dann remunerasi bagaimana merancang dan menjalakan sistem yang efektif;658.3;658;Administrasi Niaga;Administrasi Niaga;96.67;Administrasi Niaga
5762;The Art of HRD Managing people a practical guide for line managers : Mengelola karyawan buku wajib bagi manajer lini;658.3;658;Administrasi Niaga;Administrasi Niaga;97.96;Administrasi Niaga
5763;The art of HRD reward management : Manajemen imbalan strategi dan praktik remunerasi;658.32;658;Administrasi Niaga;Administrasi Niaga;89.41;Administrasi Niaga
5764;The art of HRD Reward management a handbook of remuneration strategy and practice : Manajemen imbalan strategi dan praktik remunerasi;658.32;658;Administrasi Niaga;Administrasi Niaga;90.02;Administrasi Niaga
5765;The art of HRD strategic human resource management a guide to action : Manajemen sumber daya manusia stratejik panduan praktis untuk bertindak;658.3;658;Administrasi Niaga;Administrasi Niaga;100.0;Administrasi Niaga
5766;The art of HRD Succesful recruitment and selection a practical guide for line managers : Sukses merekrut dan menyeleksi karyawan panduan praktis bagi manajer;658.3;658;Administrasi Niaga;Administrasi Niaga;100.0;Administrasi Niaga
5767;The art of HRD The power of empowerment release the hidden talent of your employees : Daya pemberdayaan menggali dan meningkatkan potensi karyawan anda;658.3;658;Administrasi Niaga;Administrasi Niaga;98.0;Administrasi Niaga
5768;The art of HRD The staff development handbook an action kit to improve performance : Pengembangan staf panduan praktis untuk meningkatkan kinerja;658.31;658;Administrasi Niaga;Administrasi Niaga;97.8;Administrasi Niaga
5770;The mechanical design process;621.815;621;Teknik Mesin;Teknik Mesin;79.96;Teknik Mesin
5771;Top secretary : Membangun dan keterampilan menjadi sekretaris profesional;651.734 1;651;Administrasi Niaga;Administrasi Niaga;100.0;Administrasi Niaga
5772;Undang-undang reublik indonesia nomor 13 tahun 2003 tentang KETENAGAKERJAAN sebagai pengganti 15 peraturan perundang-undangan ketenagakerjaan yang lama Indonesia _ Inggris;331.598;331;Administrasi Niaga;Administrasi Niaga;72.64;Administrasi Niaga, Umum
5773;Undang-undang RI No.20 Tahun 2003 tentang Sistem Pendidikan Nasional(SISDIKNAS)beserta penjelasannya;342;342;Umum;Umum;100.0;Umum
5774;UU RI No. 20 Th. 2003 tentang SISDIKNAS;342;342;Umum;Umum;98.55;Umum
5775;World class supply management the key to supply cain;658.7;658;Administrasi Niaga;Administrasi Niaga;100.0;Administrasi Niaga
5776;201 pertanyaan terbaik untuk wawancara kerja;658.85;658;Administrasi Niaga;Administrasi Niaga;100.0;Administrasi Niaga
5777;A handbook of english for mechanical engineering technical english 1;621.076;621;Teknik Mesin;Teknik Mesin;75.25;Teknik Mesin, Umum
5778;Agama Islam I;297.64;297;Umum;Umum;95.31;Umum
5779;Akar kesesatan LDII;297.2;297;Umum;Umum;100.0;Umum
5780;Akuntansi Pengantar;657;657;Akuntansi;Akuntansi;100.0;Akuntansi
5783;Akuntansi suatu pengantar : Revisi;657;657;Akuntansi;Akuntansi;99.28;Akuntansi
5784;Aljabar linear elementary : versi aplikasi;512.5;512;Matematika;Matematika;92.85;Matematika
5787;Analisis wacana ideologi tandingan : Wacana teorisme dalam media-analisis kritis pemberitahuan Abu Bakar Ba'Asir;149.2;149;Umum;Umum;90.4;Umum
5789;Aspek hukum perbankan indonesia;346.082;346;Umum;Umum;100.0;Umum
5790;Auditing : Pemeriksaan akuntan;657.45;657;Akuntansi;Akuntansi;99.5;Akuntansi
5791;Auditing dan pelayanan verifikasi;657.45;657;Akuntansi;Akuntansi;100.0;Akuntansi
5792;Auditing dan pelayanan verifikasi : Pendekatan terpadu;657.45;657;Akuntansi;Akuntansi;98.84;Akuntansi
5793;Bank dan lembaga keuangan lainnya;332.1;332;Akuntansi;Akuntansi;100.0;Akuntansi
5794;Banking on Baghdad : Inside Iraq's 7,000-year history of war. profit, and conflict;956.704 3;956;Umum;Umum;89.34;Umum
5795;Biokimia dan biologi molekul;574.192;574;Sains;Sains;83.91;Sains
5796;Biola tak berdawai;813;813;Umum;Umum;100.0;Umum
5797;Bubu : Traps;799.17;799;Umum;Umum;89.22;Umum
5798;"Business marketing management : Michael D. Hurt; Thomas W. Spech";658;658;Administrasi Niaga;Administrasi Niaga;100.0;Administrasi Niaga
5799;Business statistics demystifield;650.021;650;Administrasi Niaga;Administrasi Niaga;70.55;Administrasi Niaga, Matematika
5800;Cad-Emcodraft Versi 7.54;005.1;5;Teknik Informatika & Komputer;Teknik Informatika & Komputer;82.59;Teknik Informatika & Komputer
5801;Chicken Soup to Inspire a Woman's Soul : Kisah-Kisah Inspiratif untuk Merayakan Kebijaksanaan, Kegembiraan, dan Kebebasan Wanita;813;813;Umum;Umum;100.0;Umum
5802;Computer assisted audit technique : CAATs;005.133;5;Teknik Informatika & Komputer;Teknik Informatika & Komputer;92.46;Teknik Informatika & Komputer
5804;Consumer Behavior;658.834 2;658;Administrasi Niaga;Administrasi Niaga;100.0;Administrasi Niaga
5805;Counter bomb : Protecting yourself against car mail and area emplaced bombs contra bomb;623.4;623;Teknik Mesin;Teknik Mesin;70.84;Teknik Mesin, Umum
5806;Customer relationship management : Concepts and tools;659.2;659;Administrasi Niaga;Administrasi Niaga;97.15;Administrasi Niaga
5807;Dampak pencemaran lingkungan;363.7;363;Umum;Umum;100.0;Umum
5808;Dasar perencanaan dan pemeliharaan elemen mesin;621.82;621;Teknik Mesin;Teknik Mesin;100.0;Teknik Mesin
5809;Dasar Perencanaan Dan Pemilihan Elemen Mesin;621.82;621;Teknik Mesin;Teknik Mesin;95.92;Teknik Mesin
5810;Dasar-dasar desain pencahayaan;621.32;621;Teknik Elektro;Teknik Elektro;88.74;Teknik Elektro
5811;Dasar-dasar fenomena transport;532;532;Teknik Elektro;Teknik Elektro;100.0;Teknik Elektro
5812;Dasar-Dasar Fenomena Transport : Transfer Massa;532;532;Teknik Elektro;Teknik Elektro;91.53;Teknik Elektro
5813;Dasar-Dasar Fenomena Transport : Transfer Momentum;532;532;Teknik Elektro;Teknik Elektro;92.49;Teknik Elektro
5814;Dasar-Dasar Fenomena Transport : Transfer Panas;532;532;Teknik Elektro;Teknik Elektro;97.75;Teknik Elektro
5815;Dasar-dasar hukum bisnis;346.07;346;Umum;Umum;94.21;Umum
5816;Dasar-dasar jurus praktis tahapan po khan untuk muslim dan muslimah;796.815 9;796;Umum;Umum;93.61;Umum
5817;Dasar-dasar mesin pendingin;621.57;621;Teknik Mesin;Teknik Mesin;96.51;Teknik Mesin
5818;Dasar-Dasar Pariwisata;910.2;910;Umum;Umum;74.72;Umum, Administrasi Niaga
5824;Dasar-dasar pendidikan agama Islam;297.64;297;Umum;Umum;100.0;Umum
5825;Dasar-dasar perencanaan ruang;729;729;Teknik Grafika & Penerbitan;Teknik Grafika & Penerbitan;91.34;Teknik Grafika & Penerbitan
5827;Desain beton bertulang Jilid 1;693.54;693;Teknik Sipil;Teknik Sipil;87.39;Teknik Sipil
5828;Desain beton bertulang Jilid 2;639.5;639;Umum;Teknik Sipil;99.74;Teknik Sipil
5829;Desain web dengan adobe golive 5.0;005.269;5;Teknik Informatika & Komputer;Teknik Informatika & Komputer;97.51;Teknik Informatika & Komputer
5830;Desain Web interaktif dan dinamis dengan microsoft frontpage XP;005.269;5;Teknik Informatika & Komputer;Teknik Informatika & Komputer;94.0;Teknik Informatika & Komputer
5831;Diktat mata kuliah manajemen recod : Kearsipan dinamis;651.5;651;Administrasi Niaga;Administrasi Niaga;98.72;Administrasi Niaga
5832;Dinamika permukiman perdesaan;307.795 985;307;Umum;Umum;92.01;Umum
5833;Ekologi industri;577;577;Sains;Sains;79.03;Sains
5834;Elctronic commerce : Scurity risk management and control;658.84;658;Administrasi Niaga;Administrasi Niaga;99.41;Administrasi Niaga
5836;Elemen-elemen ilmu dan rekayasa material;620.004;620;Teknik Mesin;Teknik Mesin;82.64;Teknik Mesin
5838;Elemen-elemen mesin dalam perancangan mekanis : Perancangan elemen mesin terpadu;621.815;621;Teknik Mesin;Teknik Mesin;97.08;Teknik Mesin
5839;Elements of engineering electromagnetics;621.3;621;Teknik Elektro;Teknik Elektro;100.0;Teknik Elektro
5840;Ellectric motors;621.46;621;Teknik Mesin;Teknik Mesin;74.62;Teknik Mesin, Teknik Elektro
5841;English grammar;425;425;Umum;Umum;100.0;Umum
5842;English lesson I;420;420;Umum;Umum;100.0;Umum
5843;Ensiklopedia iptek : listrik dan elektronika - konservasi dan lingkungan vol.5;031;31;Umum;Umum;71.62;Umum, Teknik Elektro
5844;Ensiklopedia iptek : muatan lokal & kronologi iptek vol.6;031;31;Umum;Umum;100.0;Umum
5845;Ensiklopedia iptek : muatan lokal & kronologi iptek vol.7;031;31;Umum;Umum;100.0;Umum
5846;Ensiklopedia iptek : muatan lokal & kronologi iptek vol.8;031;31;Umum;Umum;100.0;Umum
5847;Essentials of management : An international perspective;658.11;658;Administrasi Niaga;Administrasi Niaga;100.0;Administrasi Niaga
5848;Fairis;813;813;Umum;Umum;100.0;Umum
5849;Fikih ekonomi keuangan islam;297.273;297;Umum;Umum;100.0;Umum
5851;French  Grammer;445;445;Umum;Umum;100.0;Umum
5852;From business strategy to IT action : Right decisions for a better botton line;658.403;658;Administrasi Niaga;Administrasi Niaga;90.36;Administrasi Niaga
5853;Fundamentals of Logic Design;621.39;621;Teknik Elektro;Teknik Elektro;83.96;Teknik Elektro, Teknik Mesin
5854;Fundamentals Of Transportation Engineering : A Multimodal Systems Approach;629.04;629;Teknik Mesin;Teknik Mesin;75.77;Teknik Mesin
5856;Getting it printed;686.2;686;Teknik Grafika & Penerbitan;Teknik Grafika & Penerbitan;98.16;Teknik Grafika & Penerbitan
5857;Harry Potter dan orde poenix;813;813;Umum;Umum;97.56;Umum
5858;Hidrolik kontrol : Panduan analisis praktikum untuk jurusan teknik mesin;621.2;621;Teknik Mesin;Teknik Mesin;95.38;Teknik Mesin
5859;Hidrologi;551.46;551;Sains;Sains;100.0;Sains
5860;Hukum Tata Negara Indonesia : Teori dan praktek;342.915;342;Umum;Umum;99.76;Umum
5861;Idola remaja;813;813;Umum;Umum;98.44;Umum
5862;Instalasi Listrik Dasar;621.3;621;Teknik Elektro;Teknik Elektro;100.0;Teknik Elektro
5864;Instalasi listrik tingkat lanjut;621.314 2;621;Teknik Elektro;Teknik Elektro;92.42;Teknik Elektro
5866;International financial management;658.1599;658;Administrasi Niaga;Administrasi Niaga;100.0;Administrasi Niaga
5868;IT governance : How top perpormers manage IT decision rights for superior results;658.40 38;658;Administrasi Niaga;Administrasi Niaga;100.0;Administrasi Niaga
5869;JAring Insang : Gillnet;799.13;799;Umum;Umum;96.6;Umum
5870;Jika cinta;808.83;808;Umum;Umum;100.0;Umum
5871;Kepemimpinan;158.4;158;Umum;Umum;97.95;Umum
5872;Kesehatan dan keselamatan kerja;363.11;363;Umum;Umum;96.59;Umum
5873;Keselamatan dan kesehatan kerja;363.11;363;Umum;Umum;89.23;Umum
5875;Komunikasi dalam organisasi;353.384;353;Umum;Umum;70.09;Umum, Administrasi Niaga
5876;Konfigurasi server linux dengan webmin;004.67;4;Teknik Informatika & Komputer;Teknik Informatika & Komputer;100.0;Teknik Informatika & Komputer
5877;Konstruksi beton;624;624;Teknik Sipil;Teknik Sipil;97.02;Teknik Sipil
5878;Kontruksi Baja;693.71;693;Teknik Sipil;Teknik Sipil;100.0;Teknik Sipil
5879;Kreativitas dalam public relations;659.2;659;Administrasi Niaga;Administrasi Niaga;89.35;Administrasi Niaga
5880;Kuncup berseri : Cerita kenangan;813;813;Umum;Umum;99.52;Umum
5881;La Tahzan : JAngan bersedih;297.63;297;Umum;Umum;99.47;Umum
5882;Laporan keuangan semudah klik mouse myob : Accounting plus versi 13;657.420.285;657;Akuntansi;Akuntansi;73.88;Akuntansi, Teknik Informatika & Komputer
5883;Makro ekonomi : Teori pengantar;338;338;Administrasi Niaga;Administrasi Niaga;100.0;Administrasi Niaga
5884;Management accounting : Akuntansi manajemen;658.151;658;Administrasi Niaga;Administrasi Niaga;95.53;Administrasi Niaga
5886;MAnajemen asuransi;658.325 4;658;Administrasi Niaga;Administrasi Niaga;88.9;Administrasi Niaga
5887;Manajemen Kinerja : Falsafah, Teori dan Penerapannya;658.3;658;Administrasi Niaga;Administrasi Niaga;97.23;Administrasi Niaga
5888;Manajemen Konstruksi 2;624;624;Teknik Sipil;Teknik Sipil;98.91;Teknik Sipil
5890;Manajemen Peserta didik berbasis sekolah;371.200 6;371;Umum;Umum;84.48;Umum, Administrasi Niaga
5891;Manajemen produksi : perencanaan dab pengendalian produksi;658.5;658;Administrasi Niaga;Administrasi Niaga;100.0;Administrasi Niaga
5892;MAnajemen Produksi dan Operasi;658.5;658;Administrasi Niaga;Administrasi Niaga;100.0;Administrasi Niaga
5894;Manajemen strategik;658.401 2;658;Administrasi Niaga;Administrasi Niaga;100.0;Administrasi Niaga
5895;Matematika dasar : teori dan aplikasi praktis;512;512;Matematika;Matematika;92.81;Matematika
5896;Matematika universitas;510;510;Matematika;Matematika;100.0;Matematika
5898;Membangun Terminal server menggunakan Linux redhat & Microsoft Windows Server;004.67;4;Teknik Informatika & Komputer;Teknik Informatika & Komputer;100.0;Teknik Informatika & Komputer
5899;Membuat program profesional secara cepat dengan VB;005.1;5;Teknik Informatika & Komputer;Teknik Informatika & Komputer;100.0;Teknik Informatika & Komputer
5900;Metodologi penelitian : pemikiran ekonomi Islam;001.42;1;Teknik Informatika & Komputer;Teknik Informatika & Komputer;83.87;Teknik Informatika & Komputer, Umum
5901;Metodologi research;001.4;1;Teknik Informatika & Komputer;Teknik Informatika & Komputer;91.49;Teknik Informatika & Komputer
5902;Mikro ekonomi;339;339;Administrasi Niaga;Administrasi Niaga;100.0;Administrasi Niaga
5903;Modern competitive strategy;658.401 2;658;Administrasi Niaga;Administrasi Niaga;100.0;Administrasi Niaga
5904;Modul Panduan dan latihan : Microsoft Access;005.82;5;Teknik Informatika & Komputer;Teknik Informatika & Komputer;97.21;Teknik Informatika & Komputer
5905;Otonomi Dan Pembangunan Daerah;352.14;352;Umum;Umum;98.08;Umum
5906;Padatan oksida logam : Struktur, Sintesis dan sifat-sifatnya;546.3;546;Teknik Sipil;Teknik Sipil;96.54;Teknik Sipil
5907;Pajak terapan : Brevet A & B buku I;336.2;336;Akuntansi;Akuntansi;99.16;Akuntansi
5908;Panduan pemrograman visual C++;005.368 2;5;Teknik Informatika & Komputer;Teknik Informatika & Komputer;99.17;Teknik Informatika & Komputer
5909;Patologi Hutan;634.96;634;Umum;Umum;94.16;Umum
5910;Pedoman lengkap kesekretarisan untuk sekretaris dan calon sekretaris;651.3;651;Administrasi Niaga;Administrasi Niaga;96.48;Administrasi Niaga
5911;Pedoman praktis pelaksanaan outdor dan fun games activities;793;793;Umum;Umum;97.2;Umum
5912;Pegangan gaya penulisan, penyuntingan dan penerbitan karya ilmiah Indonesia;808.02;808;Umum;Umum;99.56;Umum
5913;Pemotretan raster;771.5324;771;Teknik Grafika & Penerbitan;Teknik Grafika & Penerbitan;100.0;Teknik Grafika & Penerbitan
5915;Pengantar ekspor impor;382;382;Administrasi Niaga;Administrasi Niaga;76.82;Administrasi Niaga, Umum
5916;Pengantar Ilmu Keperawatan anak;649.1;649;Umum;Umum;100.0;Umum
5917;Pengantar Komputasi Numerik dengan Matlab;005.12;5;Teknik Informatika & Komputer;Teknik Informatika & Komputer;72.09;Teknik Informatika & Komputer, Matematika
5919;Pengantar sejarah maritim Indonesia;971.598;971;Umum;Umum;87.97;Umum
5920;Pengembangan Peternakan kodok Lembu di Indonesia;369.378 598;369;Umum;Umum;86.04;Umum
5922;Penggerak turbin;621.406;621;Teknik Mesin;Teknik Mesin;97.07;Teknik Mesin
5923;Penyusunan laporan keuangan perusahaan kecil dengan menggunakan template : Microsoft excel XP;005.369;5;Teknik Informatika & Komputer;Teknik Informatika & Komputer;93.26;Teknik Informatika & Komputer
5924;perancangan instalasi pabrik;658.5;658;Administrasi Niaga;Administrasi Niaga;87.98;Administrasi Niaga
5925;Perayaan Natal 25 Desember antara agama dan toleransi;297.283;297;Umum;Umum;96.38;Umum
5926;Perencanaan & perancangan fasilitas;625.83;625;Teknik Sipil;Teknik Sipil;76.36;Teknik Sipil, Matematika
5927;Perhitungan instalasi listrik volume 1;621.3;621;Teknik Elektro;Teknik Elektro;96.16;Teknik Elektro
5928;Perhitungan instalasi listrik volume 2;621.3;621;Teknik Elektro;Teknik Elektro;100.0;Teknik Elektro
5929;Perhitungan instalasi listrik volume 3;621.3;621;Teknik Elektro;Teknik Elektro;99.52;Teknik Elektro
5930;Periklanan promosi : aspek tambahan komunikasi pemasaran terpadu;659.1;659;Administrasi Niaga;Administrasi Niaga;96.63;Administrasi Niaga
5931;Perilaku keorganisasian;658.1;658;Administrasi Niaga;Administrasi Niaga;100.0;Administrasi Niaga
5932;PHP 5 : MySQL programming for absolute beginner;005.265;5;Teknik Informatika & Komputer;Teknik Informatika & Komputer;100.0;Teknik Informatika & Komputer
5934;Practical power distribution for industri;621.819;621;Teknik Mesin;Teknik Mesin;68.9;Teknik Mesin, Teknik Elektro
5935;Pratikum ilmu ukur tanah I;631.4;631;Umum;Umum;91.98;Umum
5936;Press relations : Kiat berhubungan dengan media massa;302.23;302;Umum;Umum;78.94;Umum, Administrasi Niaga
5938;Principles of highway engineering and trafic analysis;625.7;625;Teknik Sipil;Teknik Sipil;93.64;Teknik Sipil
5939;Principles of network and system administration;005.4;5;Teknik Informatika & Komputer;Teknik Informatika & Komputer;91.02;Teknik Informatika & Komputer
5940;Prinsip-prinsip ekonomi makro;339;339;Administrasi Niaga;Administrasi Niaga;100.0;Administrasi Niaga
5941;Probabilitas dan statistik;519.5;519;Matematika;Matematika;100.0;Matematika
5942;Programmable logic controller (PLC) : sebuah pengantar;629.89;629;Teknik Mesin;Teknik Mesin;89.66;Teknik Mesin
5943;Programmable Logic Controller Plc Sebuah Pengantar,;629.89;629;Teknik Mesin;Teknik Mesin;81.29;Teknik Mesin, Teknik Informatika & Komputer
5944;Programming the web using : Visual studio net;005.27;5;Teknik Informatika & Komputer;Teknik Informatika & Komputer;100.0;Teknik Informatika & Komputer
5945;Rangkaian elektronika untuk mahasiswa jurusan teknik eklekrtro;621.381;621;Teknik Elektro;Teknik Elektro;90.51;Teknik Elektro
5947;Remaja dan Alkohol;362.292 2;362;Umum;Umum;100.0;Umum
5948;Riset pemasaran : pendekatan terapan;658.83;658;Administrasi Niaga;Administrasi Niaga;96.84;Administrasi Niaga
5949;Saatnya kita kritis : Panduan praktis pemantauan partai politik calon anggota DPR...;321;321;Umum;Umum;100.0;Umum
5950;Sang putri beraksi;813;813;Umum;Umum;100.0;Umum
5951;Sang putri dan si miskin;813;813;Umum;Umum;100.0;Umum
5952;Sejarah Amerika;909.04;909;Umum;Umum;98.25;Umum
5953;Sensor dan transducer;621.34;621;Teknik Elektro;Teknik Elektro;58.44;Teknik Elektro, Teknik Mesin, Teknik Informatika & Komputer
5954;Set net : Teichi ami;799.202 8;799;Umum;Umum;96.81;Umum
5955;Sistem Informasi Akuntansi desain pemrograman komputer;657.450285;657;Akuntansi;Akuntansi;72.77;Akuntansi, Teknik Informatika & Komputer
5956;Sistem komunikasi sesuler;302.23;302;Umum;Umum;100.0;Umum
5957;Skateboard stickers;796.2;796;Umum;Umum;64.89;Umum, Teknik Grafika & Penerbitan
5958;Standard handbook of engineering calculations;620.002'12;620;Teknik Mesin;Teknik Mesin;79.57;Teknik Mesin
5959;Statistika : untuk ekonomi dan niaga II;519.5;519;Matematika;Matematika;94.4;Matematika
5960;Step by step animasi 3D instant menggunakan ulead cool 3D studio;006.696;6;Teknik Informatika & Komputer;Teknik Informatika & Komputer;100.0;Teknik Informatika & Komputer
5961;Strategi belajar mengajar seni rupa;371.170 9;371;Umum;Umum;80.25;Umum, Teknik Grafika & Penerbitan
5962;Strategy : Core consepts, analytical tools reading;658.4012;658;Administrasi Niaga;Administrasi Niaga;100.0;Administrasi Niaga
5963;Strategy : Winning in the marketplace core concepts, analytical tool, cases;658.401 2;658;Administrasi Niaga;Administrasi Niaga;100.0;Administrasi Niaga
5964;Sukses menghadapi wawancara kerja;658.311;658;Administrasi Niaga;Administrasi Niaga;80.7;Administrasi Niaga, Umum
5965;Surat menyurat resmi bahasa Indonesia;383;383;Administrasi Niaga;Administrasi Niaga;66.97;Administrasi Niaga, Umum
5967;Teknologi beton : dari material, pembuatan, ke beton kinerja tinggi;691.3;691;Teknik Sipil;Teknik Sipil;87.43;Teknik Sipil
5968;Teori Aplikasi Manajemen Proyek Konstruksi;658.404;658;Administrasi Niaga;Administrasi Niaga;97.93;Administrasi Niaga
5969;Teori dan praktek kesektariatan;651.374;651;Administrasi Niaga;Administrasi Niaga;100.0;Administrasi Niaga
5970;Teori dan soal-soal english gramer;425;425;Umum;Umum;87.25;Umum
5972;"Termodinamika teknik : Michael J. Moran; Howard N. Shapiro";536.7;536;Teknik Elektro;Teknik Elektro;75.21;Teknik Elektro, Teknik Mesin
5973;The design of buillding structures;624.177;624;Teknik Sipil;Teknik Sipil;100.0;Teknik Sipil
5974;The pfeiffer book of successful communication skill building tools;302.2;302;Umum;Umum;93.04;Umum
5975;The practice of public relations;651.9;651;Administrasi Niaga;Administrasi Niaga;96.7;Administrasi Niaga
5976;The universal book of mathematics from abracadabra to zeno's paradoxes;510;510;Matematika;Matematika;92.38;Matematika
5977;The wonder girl;813;813;Umum;Umum;100.0;Umum
5978;Wanderlustdoyan jalan;813;813;Umum;Umum;100.0;Umum
5979;Zoonosis;616.959;616;Umum;Umum;100.0;Umum
5981;125 ptyn seputar microshof word 2007;005.369;5;Teknik Informatika & Komputer;Teknik Informatika & Komputer;98.83;Teknik Informatika & Komputer
5982;30 menit essay writing, writing is esaay;420.076;420;Umum;Umum;96.93;Umum
5983;A Guide to forensic accounting investigation;657.45;657;Akuntansi;Akuntansi;98.32;Akuntansi
5984;A guide to writing as an engineering;808.02;808;Umum;Umum;93.41;Umum
5985;A text book of machine design;621.815;621;Teknik Mesin;Teknik Mesin;90.42;Teknik Mesin
5986;Accurate 3 : Sistem informasi akuntansi perusahaan;657.450 2;657;Akuntansi;Akuntansi;100.0;Akuntansi
5987;Advanced manufacturing technology for medical applications;670;670;Teknik Mesin;Teknik Mesin;91.53;Teknik Mesin
5988;Advertising : new techniques for visual seduction;659.1;659;Administrasi Niaga;Administrasi Niaga;89.05;Administrasi Niaga
5989;Agama Islam;297;297;Umum;Umum;100.0;Umum
5990;Agar bidadari cemburu padanya;813;813;Umum;Umum;100.0;Umum
5991;Akibat pengaruh temperatur dan tekanan terhadap kekuatan tarik untuk specimen uji tarik pada mata kuliah cetak plastik;531.47;531;Teknik Elektro;Teknik Elektro;72.59;Teknik Elektro
5992;Aktivitas earnings management yang dapat memberikan pengaruh tidak wajar pada keandalan informasilaporan keuangan di Politeknik Negeri Jakarta;352.439;352;Umum;Umum;70.65;Umum, Administrasi Niaga
5993;Akuantansi dan bembuktian lembaga keuangan mikro agribisnis;657.74;657;Akuntansi;Akuntansi;100.0;Akuntansi
5994;Alat kendali PID sebagai pengatur temperature otomatis pada oven listrik;622.43;622;Teknik Mesin;Teknik Mesin;81.55;Teknik Mesin, Teknik Informatika & Komputer
5995;Algoritma dan Pemrograman;515.1;515;Matematika;Matematika;83.96;Matematika, Teknik Informatika & Komputer
5996;Algoritma pemrograman menggunakan C++;005.1;5;Teknik Informatika & Komputer;Teknik Informatika & Komputer;90.71;Teknik Informatika & Komputer
5997;Analisa pengelolaan dana kas kecil pada jurusan akuntansi oliteknik Negeri Jakarta;657.63;657;Akuntansi;Akuntansi;89.05;Akuntansi
5998;Analisa peralihan Transient pada alat kendali motor DC Terco;629.252;629;Teknik Mesin;Teknik Mesin;77.48;Teknik Mesin, Teknik Elektro
6000;Analisis gangguan dan pengaman surja petir pada jaringan distribusi;551.563;551;Sains;Sains;75.02;Sains, Teknik Elektro
6001;analisis keefektifan kebijakan kawasan pembatasan perumpung 3 in 1 terhadap penertiban lalulintas;343.014;343;Umum;Umum;89.22;Umum
6002;Analisis kesalahan bahasa inggris dalam artikel jurnal ilmiah;427;427;Umum;Umum;100.0;Umum
6003;Analisis kesepadanan materi pelajaran komputer di program studi akuntansi dengan software yang digunakan oleh indsustri;005.4;5;Teknik Informatika & Komputer;Teknik Informatika & Komputer;95.14;Teknik Informatika & Komputer
6004;Analisis Laporan keuangan&cTuti Hartati;657.3;657;Akuntansi;Akuntansi;100.0;Akuntansi
6005;Analisis sektor perbankan moneter, dan keuangan Indonesia;332.495 98;332;Akuntansi;Akuntansi;97.13;Akuntansi
6006;Analisis struktur metode matrix;530.12;530;Teknik Elektro;Teknik Elektro;63.91;Teknik Elektro, Teknik Sipil
6007;Analisis teknologi dan strategi bisnis GFRS di Indonesia;001.6;1;Teknik Informatika & Komputer;Teknik Informatika & Komputer;100.0;Teknik Informatika & Komputer
6008;Aneka surat statuta laporan dan natula seri koresponden Indonesia 2;651.7;651;Administrasi Niaga;Administrasi Niaga;98.35;Administrasi Niaga
6009;Aplikasi analisa jalur dalam menganalisa sisa hasil usaha SHU koperasi di lingkungan kampus PNJ dan UI;331.216;331;Administrasi Niaga;Administrasi Niaga;92.77;Administrasi Niaga
6010;Aplikasi program maplo v.6 untuk menyelesaikan bersamaan differensial pada rangkaian listrik PLC Sinusoidal seri;621.319.2;621;Teknik Elektro;Teknik Elektro;100.0;Teknik Elektro
6011;Application in basic marketing : Clippings from the popular businenn press;658.8;658;Administrasi Niaga;Administrasi Niaga;100.0;Administrasi Niaga
6012;Apresiasi mahasiswa jurusan teknik sipil PNJ terhadap mata kuliah praktek di lab. Konstruksi;370.1;370;Umum;Umum;76.04;Umum, Teknik Sipil
6013;Asas-asas Penyuntingan 1;808.02;808;Umum;Umum;98.39;Umum
6014;Asuransi dalam islam;368;368;Umum;Umum;96.84;Umum
6015;Auto CAD 2005 to the point;005.7;5;Teknik Informatika & Komputer;Teknik Informatika & Komputer;91.35;Teknik Informatika & Komputer
6016;Bahasa melayu bahasa dunia : sejarah singkat;417.7;417;Umum;Umum;100.0;Umum
6017;Bank auditing risk-based audit : dalam pemeriksaan perkreditan bank umum;657.45;657;Akuntansi;Akuntansi;100.0;Akuntansi
6018;Bank Syari'ah : Problem dan prospek perkembangan di Indonesia;332.1;332;Akuntansi;Akuntansi;92.5;Akuntansi
6020;bernegosiasi dengan yang...;658.405 2;658;Administrasi Niaga;Administrasi Niaga;86.47;Administrasi Niaga
6021;Biro & Bilyet giro;332.1;332;Akuntansi;Akuntansi;99.96;Akuntansi
6022;Buku pintar : Penanganan jaringan komputer;005.369;5;Teknik Informatika & Komputer;Teknik Informatika & Komputer;97.0;Teknik Informatika & Komputer
6024;Business communications today;658.45;658;Administrasi Niaga;Administrasi Niaga;100.0;Administrasi Niaga
6025;Business English For Accounting Students;428.24;428;Umum;Umum;91.22;Umum
6026;Business plan;650.1;650;Administrasi Niaga;Administrasi Niaga;100.0;Administrasi Niaga
6028;Cepat dan mudah audio editing dengan sonar;621.389 5;621;Teknik Elektro;Teknik Elektro;81.38;Teknik Elektro
6029;College writing skills with readings;808.0427;808;Umum;Umum;96.05;Umum
6030;Complete computers information technology in perspective;621.39;621;Teknik Elektro;Teknik Elektro;66.65;Teknik Elektro, Teknik Informatika & Komputer
6031;Corporate financial accounting;657.3;657;Akuntansi;Akuntansi;90.92;Akuntansi
6032;Customer service : Building succesful skills for the twenty-first century;658.812;658;Administrasi Niaga;Administrasi Niaga;93.31;Administrasi Niaga
6033;Dasar pemrograman database web dengan ASP;004.65;4;Teknik Informatika & Komputer;Teknik Informatika & Komputer;100.0;Teknik Informatika & Komputer
6034;Dasar pemrograman java 2;005.133;5;Teknik Informatika & Komputer;Teknik Informatika & Komputer;100.0;Teknik Informatika & Komputer
6035;Dasar-dasar akuntansi perkantoran;657;657;Akuntansi;Akuntansi;98.61;Akuntansi
6036;Dasar-Dasar Alikasi Komputer;005;5;Teknik Informatika & Komputer;Teknik Informatika & Komputer;100.0;Teknik Informatika & Komputer
6037;Dasar-dasar konstruksi bangunan : Bahan-bahan dan metodenya;693;693;Teknik Sipil;Teknik Sipil;96.22;Teknik Sipil
6039;Database Processing JILID 1,2 : Dasar-dasar, desain, dan implementasi;005.47;5;Teknik Informatika & Komputer;Teknik Informatika & Komputer;100.0;Teknik Informatika & Komputer
6040;Delegasi dalam organisasi;658.402;658;Administrasi Niaga;Administrasi Niaga;95.23;Administrasi Niaga
6041;Desain elektronika : seri radio frekuensi;621.384;621;Teknik Elektro;Teknik Elektro;100.0;Teknik Elektro
6042;Design for communication : Conceptual graphic design basics;741.6;741;Teknik Grafika & Penerbitan;Teknik Grafika & Penerbitan;90.31;Teknik Grafika & Penerbitan
6044;Digital reproduksi 1 : Computer to film;006.1;6;Teknik Informatika & Komputer;Teknik Informatika & Komputer;81.65;Teknik Informatika & Komputer
6045;Economics : Principles, problems, and policies;330;330;Administrasi Niaga;Administrasi Niaga;84.9;Administrasi Niaga
6046;Efektifitas sistem reward and punishment dalam menciptakan kedisiplinan mahasiswa PNJ;370.1;370;Umum;Umum;86.44;Umum
6047;Effective PR : Merancang dan melaksanakan kegiatan kehumasan dengan suksws;659.2;659;Administrasi Niaga;Administrasi Niaga;89.67;Administrasi Niaga
6049;Elektronika digital dan mikroprosesor;621.391;621;Teknik Elektro;Teknik Elektro;91.51;Teknik Elektro
6050;Energi aktivasi pembawa muatan listrik dalam thin film karbon dibuat dengan metode evoporasi berkas elektron;621.381 044;621;Teknik Elektro;Teknik Elektro;100.0;Teknik Elektro
6052;Ensiklopedi otomotif;629.-03;629;Teknik Mesin;Teknik Mesin;97.81;Teknik Mesin
6053;Estimasi biaya;690.068;690;Teknik Sipil;Teknik Sipil;94.01;Teknik Sipil
6054;Evaluasi pengadaan dan pemakaian pita mesin tik elektronik di jurusan AN PNJ;652.3;652;Administrasi Niaga;Administrasi Niaga;100.0;Administrasi Niaga
6055;Event organizer pameran;381.1;381;Administrasi Niaga;Administrasi Niaga;73.99;Administrasi Niaga, Umum
6056;Faktor pendorong minat mahasiswa untuk berwirausaha : Studi lapangan terhadap mahasiswa PNJ;334;334;Administrasi Niaga;Administrasi Niaga;85.08;Administrasi Niaga
6057;Fiber optic communications;621.382;621;Teknik Elektro;Teknik Elektro;92.93;Teknik Elektro
6058;Fiqih thaharah : Berdasarkan Al-Qur'an dan Assunah;297.57;297;Umum;Umum;100.0;Umum
6059;Fisika terapan listrik dan magnet;530;530;Teknik Elektro;Teknik Elektro;100.0;Teknik Elektro
6060;Fisika terpan;530;530;Teknik Elektro;Teknik Elektro;100.0;Teknik Elektro
6062;Fundamentals of semiconductor devices;621.381 52;621;Teknik Elektro;Teknik Elektro;100.0;Teknik Elektro
6063;Fundamentals of telecommunications;621.382;621;Teknik Elektro;Teknik Elektro;89.4;Teknik Elektro
6064;Gas Turbine;621.433;621;Teknik Mesin;Teknik Mesin;100.0;Teknik Mesin
6065;General takaful practice;368;368;Umum;Umum;100.0;Umum
6066;Geotechnical engineering;624.1;624;Teknik Sipil;Teknik Sipil;100.0;Teknik Sipil
6067;Himpunan ketetapan MPRS dan MPR berdasarkan keterangan RI No.3/MPR/2003 pasal 2 dan pasal 4;342.6;342;Umum;Umum;97.84;Umum
6068;Hubungan pemakaian E-Mail Housting terhadap prestasi akademika mahasiswa jurusan teknik sipil;004.678;4;Teknik Informatika & Komputer;Teknik Informatika & Komputer;87.92;Teknik Informatika & Komputer
6069;Hubungan pendapat siswa tentang mendengarkan englisd news di televisi terhadap prestasi bahasa inggris mahasiswa jurusan Adm. Bisnis PNJ;421.5;421;Umum;Umum;100.0;Umum
6070;Hukum kredit dan bank garansi;332.7;332;Akuntansi;Akuntansi;88.31;Akuntansi
6071;Hydraulic control systems;629.802 4;629;Teknik Mesin;Teknik Mesin;90.05;Teknik Mesin
6072;Imperia;813;813;Umum;Umum;100.0;Umum
6073;Inpres No. 4 tahun 2005 tentang pemberantasan penebangan kayu ilegal dikawasan hutan & peredarannya di seluruh wilayag RI;634.959 8;634;Umum;Umum;88.18;Umum
6074;Instalasi Listrik domestik 1;621.3;621;Teknik Elektro;Teknik Elektro;100.0;Teknik Elektro
6075;Invesments;332.6;332;Akuntansi;Akuntansi;79.73;Akuntansi, Administrasi Niaga
6077;Jaringan Wi-Fi teori dan implementasi;004.65;4;Teknik Informatika & Komputer;Teknik Informatika & Komputer;100.0;Teknik Informatika & Komputer
6078;KAjian intensip keberadaan program sertifikasi 1 btahun di Politeknik Negeri Jakarta;371;371;Umum;Umum;96.14;Umum
6079;Kamus Inggris Indonesia : An English Indonesia dictionart;413.21;413;Umum;Umum;100.0;Umum
6080;Kecenderungan mahasiswa Administrasi Niaga dalam Memilih partai politik pada pemilu 2004;324.2;324;Umum;Umum;90.89;Umum
6081;Kecenderungan mahasiswa AN dalam memilih...;324.2;324;Umum;Umum;100.0;Umum
6082;Kemampuan mahasiswa dalam menyusun laporan akhir semester VI tahun ajaran 2001/2002 pada jurusan grafika dan penerbitan Politeknik Negeri JAkarta;808.066;808;Umum;Umum;98.32;Umum
6083;Kemampuan manajerial lulusan T. Elektro PNJ di perusahaan se Jabotabek;658.409;658;Administrasi Niaga;Administrasi Niaga;100.0;Administrasi Niaga
6084;Kemampuan pengungkapan ide dalam struktur bahasa Inggris baku mahasiswa Jur. Teknik Elektro PNJ;421.5;421;Umum;Umum;95.45;Umum
6085;Kepala daerah pilihan rakyat;352;352;Umum;Umum;90.0;Umum
6086;Ketelitian pengukuran sudut siku di lapangan menggunakan alat prisma;539;539;Teknik Elektro;Teknik Elektro;83.13;Teknik Elektro
6087;Keterampilan menulis surat bisnis : Letter of applications and refly to complaint mahasiswa jurusan AN PNJ;427;427;Umum;Umum;86.59;Umum
6089;Komik : My first love;813;813;Umum;Umum;92.6;Umum
6090;Komunikasi & Jaringan Nirkabel;004.6;4;Teknik Informatika & Komputer;Teknik Informatika & Komputer;80.06;Teknik Informatika & Komputer
6093;Konstruksi Bangunan Sipil;694.2;694;Teknik Sipil;Teknik Sipil;96.03;Teknik Sipil
6094;Konstruksi jalan raya buku 2: Perancangan perkerasan jalan raya;625.7;625;Teknik Sipil;Teknik Sipil;100.0;Teknik Sipil
6095;Konstruksi mudharabah dalam bisnis syariah;650.1;650;Administrasi Niaga;Administrasi Niaga;82.53;Administrasi Niaga
6096;Kumpulan khutbah Jum'at membangun bangsa bermartabat tanfa korupsi;297.5;297;Umum;Umum;98.82;Umum
6097;Laboratorium sistem energi forovoltaik dan pemanas air tenaga surya : Jobsheet;531.6;531;Teknik Elektro;Teknik Elektro;83.42;Teknik Elektro, Teknik Mesin
6098;LABORATORIUM TRANSMISI;621.319;621;Teknik Elektro;Teknik Elektro;96.6;Teknik Elektro
6099;Langkah mudah membangun dengan komputer;004.65;4;Teknik Informatika & Komputer;Teknik Informatika & Komputer;100.0;Teknik Informatika & Komputer
6100;Langkah mudah membangun jaringan komputer;004.65;4;Teknik Informatika & Komputer;Teknik Informatika & Komputer;85.93;Teknik Informatika & Komputer
6101;Laporan penelitian dengan dana DIK-S;372.42;372;Umum;Umum;84.62;Umum
6102;Making and breaking the grid : a graphic design layout workshop;658.403 6;658;Administrasi Niaga;Administrasi Niaga;100.0;Administrasi Niaga
6103;Makro ekonomi modern;339;339;Administrasi Niaga;Administrasi Niaga;98.07;Administrasi Niaga
6104;Manajemen Bank Syari'ah;332.1;332;Akuntansi;Akuntansi;98.55;Akuntansi
6105;Manajemen bank syariah;332.1;332;Akuntansi;Akuntansi;100.0;Akuntansi
6106;Manajemen investasi;658;658;Administrasi Niaga;Administrasi Niaga;78.57;Administrasi Niaga, Akuntansi
6107;Manajemen kearsipan modern: Dari konvensional ke basis komputer;651.5;651;Administrasi Niaga;Administrasi Niaga;93.2;Administrasi Niaga
6108;Manajemen pemasaran jilid 1, 2;658.8;658;Administrasi Niaga;Administrasi Niaga;100.0;Administrasi Niaga
6111;Manajemen waktu : menguasai keahlian yang anda perlukan dalam 10 menit;658.409 3;658;Administrasi Niaga;Administrasi Niaga;89.54;Administrasi Niaga
6112;MAnajemen, pesan dan pengembangan situs web;005.269;5;Teknik Informatika & Komputer;Teknik Informatika & Komputer;100.0;Teknik Informatika & Komputer
6113;Mastering Matlab;005.12;5;Teknik Informatika & Komputer;Teknik Informatika & Komputer;89.84;Teknik Informatika & Komputer
6115;Matematika Diskrit;510;510;Matematika;Matematika;92.76;Matematika
6116;Matematika ekonomi & bisnis;510;510;Matematika;Matematika;71.6;Matematika, Administrasi Niaga
6118;Matematika Terapan 2;510;510;Matematika;Matematika;100.0;Matematika
6119;Materi sosialisasi rumusan MPR RI Ketetapan dan Keputusan;342.6;342;Umum;Umum;97.44;Umum
6120;Mechatronics an integrated approach;621.3;621;Teknik Elektro;Teknik Elektro;59.18;Teknik Elektro, Teknik Mesin, Teknik Informatika & Komputer
6123;Mekanika Teknik II;620.1;620;Teknik Mesin;Teknik Mesin;78.03;Teknik Mesin
6124;Memahami dan merawat sistem kelistrikan mobil;621.31;621;Teknik Elektro;Teknik Elektro;72.92;Teknik Elektro, Teknik Mesin
6125;Memotivasi bawahan dalam organisasi;658.314;658;Administrasi Niaga;Administrasi Niaga;100.0;Administrasi Niaga
6126;Memperkuat negara : Tata pemerintahab dan tata dunia abad 21;320;320;Umum;Umum;99.12;Umum
6127;Metoda kontrol pada invers plant berbasis jaringan saraf tiruan;005;5;Teknik Informatika & Komputer;Teknik Informatika & Komputer;95.28;Teknik Informatika & Komputer
6128;Metode konvester pada invers plant...;005;5;Teknik Informatika & Komputer;Teknik Informatika & Komputer;67.18;Teknik Informatika & Komputer, Teknik Mesin
6129;metode penyelesaian persamaan deferensial pada rangkaian RLC seri mempergunakan program MAPLE V;621.319 2;621;Teknik Elektro;Teknik Elektro;88.32;Teknik Elektro
6130;Metodologi Penelitian 1;001.42;1;Teknik Informatika & Komputer;Teknik Informatika & Komputer;100.0;Teknik Informatika & Komputer
6131;Mikroprosesor intel jilid1;004.165;4;Teknik Informatika & Komputer;Teknik Informatika & Komputer;92.85;Teknik Informatika & Komputer
6132;Minat mahasiswa AN PNJ terhadap lapangan pekerjaan sektor non formal;331.7;331;Administrasi Niaga;Administrasi Niaga;64.86;Administrasi Niaga, Umum
6133;Minat mahasiswa PNJ mengikuti polytechnic english club sebagai kegiatan ex kulikuler untuk mweningkatkan kemampuan berkomunikasi dalam berbahasa inggris;421.5;421;Umum;Umum;100.0;Umum
6134;Motivasi mahasiswa jurusan Administrasi Niaga dalam mempertahankan kedisiplinan yang telah ditetapkan PNJ;421.5;421;Umum;Umum;100.0;Umum
6135;Multimedia : Alat untuk meningkatkan keunggulan bersaing;006.7;6;Teknik Informatika & Komputer;Teknik Informatika & Komputer;97.25;Teknik Informatika & Komputer
6136;Nayla;813;813;Umum;Umum;100.0;Umum
6137;Nilai konveksi kuat tekan yang diperoleh dari hasil pengujian beton dilapangan;691;691;Teknik Sipil;Teknik Sipil;94.01;Teknik Sipil
6138;Oprational amplifiers;621.331;621;Teknik Elektro;Teknik Elektro;100.0;Teknik Elektro
6140;Otomasi, sistem produksi, dan computer-integrated manufacturing;670.285;670;Teknik Mesin;Teknik Mesin;83.33;Teknik Mesin, Teknik Informatika & Komputer
6142;Panduan lengkap menulis surat bisnis;651.7;651;Administrasi Niaga;Administrasi Niaga;87.29;Administrasi Niaga
6143;Panduan Pemasyarakatan UUD RI 1945 sesuai dengan urutan Bab, PAsal, dan ayat;342.6;342;Umum;Umum;94.42;Umum
6144;Panduan praktis menulis skenario dari iklan sampai sinetron;791.437;791;Umum;Umum;73.56;Umum, Teknik Grafika & Penerbitan
6145;Panduan sistem bangunan tinggi untuk arsitek dan praktisi bangunan;690;690;Teknik Sipil;Teknik Sipil;94.97;Teknik Sipil
6146;Parallel programming : Teknik dan aplikasi menggunakan jaringan workstation dan komputer paralel;005.257;5;Teknik Informatika & Komputer;Teknik Informatika & Komputer;96.13;Teknik Informatika & Komputer
6147;Paying with Plastic : The digital revolution in buying and borrowing;332.765;332;Akuntansi;Akuntansi;100.0;Akuntansi
6148;Payroll : A guide to running an efficient departement;658.321;658;Administrasi Niaga;Administrasi Niaga;89.92;Administrasi Niaga
6149;Pedoman praktis laporan keuangan;657.3;657;Akuntansi;Akuntansi;100.0;Akuntansi
6150;Pedoman Praktis Memahami Laporan Keuangan (Tip Bagi Investor, Direksi, Dan Pemegang Saham;657.2;657;Akuntansi;Akuntansi;96.58;Akuntansi
6151;Pedoman praktis memahami laporan keuangan : Tip bagi investor, direksi, dan pemegang saham;657.3;657;Akuntansi;Akuntansi;89.67;Akuntansi
6153;Pelaksanaan perjanjian kerja sebagai bentuk perlindungan hukum menurut UU No. 25 tahun 1997 ttg ketenagakerjaan;331.095;331;Administrasi Niaga;Administrasi Niaga;70.73;Administrasi Niaga, Umum
6154;Pemahaman mahasiswa Politeknik Negeri Jakarta Jurusan Administrasi Niaga tahun 2003 - 2004 terhadap konsep kesetaraan jender dalam ajaran agama Islam;297.5;297;Umum;Umum;100.0;Umum
6155;Pemanduan wisata (tour guiding);910.2;910;Umum;Umum;90.08;Umum
6156;Pemanfaatan aki bekas sebagai tenaga listrik;621.312;621;Teknik Elektro;Teknik Elektro;85.42;Teknik Elektro
6157;Pemanfaatan serat polymes kevlar pada uji lentur balok kayu;691.12;691;Teknik Sipil;Teknik Sipil;100.0;Teknik Sipil
6158;Pemanfaatan sumber-sumber informasi dalam aktivitas perkuliahan bagi mahasiswa jurusan Administrasi Niaga Politeknik Negeri Jakarta;658.503;658;Administrasi Niaga;Administrasi Niaga;83.83;Administrasi Niaga
6159;Pembangkitan energi listrik;621.31;621;Teknik Elektro;Teknik Elektro;81.87;Teknik Elektro
6161;Pembuatan alat bantu untuk membawa dan memindahkan bata secara manual;688.8;688;Teknik Mesin;Teknik Mesin;87.71;Teknik Mesin
6162;Pembuatan alat pengukur titik sama tinggi yang dapat digerakan secara mandiri;681;681;Teknik Mesin;Teknik Mesin;82.19;Teknik Mesin, Teknik Informatika & Komputer
6163;Pembuatan basisdata dan penelusuran judul buku di jurusan Teknik Elektro Politeknik Negeri Jakarta;005;5;Teknik Informatika & Komputer;Teknik Informatika & Komputer;100.0;Teknik Informatika & Komputer
6164;Pembuatan data base komponen alektronika di bengkel dan lab. telekomunikasi;011.64;11;Umum;Umum;78.71;Umum, Teknik Elektro
6165;Pemeriksaan kualitas sumber konsumtif utama pada pompa sumur air tanah dalam di Politeknik Negeri Jakarta;628.114;628;Teknik Sipil;Teknik Sipil;83.99;Teknik Sipil
6166;Pemrograman web;005.3;5;Teknik Informatika & Komputer;Teknik Informatika & Komputer;97.96;Teknik Informatika & Komputer
6167;Penambahan fly ash kedalam semen yang sudah membatu untuk meningkatkan kinerjanya;553.68;553;Sains;Sains;81.01;Sains
6168;Penemuan besar pengaman pada motor induksi tiga phasa menggunakan perangkat lunak CPM-3p;612.7;612;Umum;Umum;77.67;Umum, Teknik Mesin
6169;Penerapan aspek hukum dalam bidang kewirausahaan : suatu tinjauan mengenai penerapan aspek hukum bisnis pada koperasi di kodya Jakarta Timur;346.07;346;Umum;Umum;91.92;Umum
6170;Penerapan sistem rangka barang ruang kayu pada bentuk kubah;620.7;620;Teknik Mesin;Teknik Mesin;86.65;Teknik Mesin
6171;Penerapan time management dalam menunjang aktivitas kerja sekretaris pudir dan direktur PNJ;651.3;651;Administrasi Niaga;Administrasi Niaga;98.76;Administrasi Niaga
6174;Pengantar engineering;620;620;Teknik Mesin;Teknik Mesin;96.24;Teknik Mesin
6175;Pengantar sistem informasi;658.403 8;658;Administrasi Niaga;Administrasi Niaga;97.53;Administrasi Niaga
6177;Pengaruh budaya organisasi terhadap motivasi belajar dan disiplin siswa di jurusan administrasi niaga;370.154;370;Umum;Umum;94.31;Umum
6178;Pengaruh jarak kontak antara beberapa type/jenis relay dan kontaktor terhadap kehandalan kerja dari sistem kontrol listrik yang menggunakan peralatan sistem elektro-mekanis;629.8;629;Teknik Mesin;Teknik Mesin;86.52;Teknik Mesin
6179;pengaruh kapur sebagai filter pada aspal beton ditinjau dari stabilitas dan kelelehan;666.9;666;Teknik Sipil;Teknik Sipil;99.77;Teknik Sipil
6180;Pengaruh pemakaian jilbab terhadap perilaku keagamaan...;200.1;200;Umum;Umum;100.0;Umum
6181;Pengaruh penambahan limbah aqua pada campuran beton aspal;691.96;691;Teknik Sipil;Teknik Sipil;93.21;Teknik Sipil
6182;Pengaruh perubahan prekuensi terhadap penurunan tegangan pada saluran transmisi BNC to BNC cable RG-584/U 50 ohm di lab telkom;621.37;621;Teknik Elektro;Teknik Elektro;91.2;Teknik Elektro
6183;Pengaruh sosialisasi visi PNJ terhadap kwalitas proses belajar mengajar di jurusan teknik elektro;370.1;370;Umum;Umum;84.75;Umum
6184;Pengaruh sudut potong nipel terhadap hasil pemotongan Blanking pada berbagai plat logam;671.5;671;Teknik Mesin;Teknik Mesin;86.21;Teknik Mesin
6185;Pengelolaan Rekod Aktif;651.5;651;Administrasi Niaga;Administrasi Niaga;91.2;Administrasi Niaga
6186;Pengembangan sistem penelusuran dokumen di kantor UP2m PNJ;001.602 5;1;Teknik Informatika & Komputer;Teknik Informatika & Komputer;90.61;Teknik Informatika & Komputer
6187;Penggerak mula motor bakar torak;621.43;621;Teknik Mesin;Teknik Mesin;100.0;Teknik Mesin
6188;Penggunaan fungsi probabilitas normal pada statistika dalam pemecahan persoalan teknik;620.7;620;Teknik Mesin;Teknik Mesin;74.89;Teknik Mesin, Matematika
6189;Penggunaan lapisan pasir pada lempung ekspansif yang dikompaksi sebagai peredam pengembangan : Swelling;553.61;553;Sains;Sains;77.17;Sains
6190;Penggunaan plat strip sebagai bahan perkuatan external kayu;691.12;691;Teknik Sipil;Teknik Sipil;80.52;Teknik Sipil
6191;Penggunaan saringan tunggal pada penyaringan air tanah;628.16;628;Teknik Sipil;Teknik Sipil;78.25;Teknik Sipil
6192;Penggunaan sensor optic sebagai sebagai kontrol on-of...;621.319 2;621;Teknik Elektro;Teknik Elektro;81.12;Teknik Elektro, Teknik Informatika & Komputer
6193;Pengolahan database MySQL 5 dengan java 2 disertai teknik pencetakan laporan;005.74;5;Teknik Informatika & Komputer;Teknik Informatika & Komputer;97.72;Teknik Informatika & Komputer
6195;Penguin by design;779;779;Teknik Grafika & Penerbitan;Teknik Grafika & Penerbitan;90.88;Teknik Grafika & Penerbitan
6196;Pengujian Bahan;694.3;694;Teknik Sipil;Teknik Sipil;95.98;Teknik Sipil
6197;Pengujian perangkat lunak pemilah sinyal ucapan suku kata;384.648;384;Administrasi Niaga;Administrasi Niaga;100.0;Administrasi Niaga
6198;Pengukuran Dan Alat-Alat Ukur Lisrik;621.37;621;Teknik Elektro;Teknik Elektro;100.0;Teknik Elektro
6199;Pengukuran dan alat-alat ukur llistrik;621.37;621;Teknik Elektro;Teknik Elektro;98.46;Teknik Elektro
6200;Pengukuran kemampuan berbahasa Inggris teknik pada mata kuliah energi alternatif studi pada program studi teknik energi, jurusan teknik mesin PNJ;421;421;Umum;Umum;93.56;Umum
6201;Pengukuran topografi dan teknik pemetaan;526.98;526;Sains;Sains;85.81;Sains
6202;Pengurangan konsumsi kvar & kvarh motor pompa aksial PLTA turbin kaplan Lab' Tek. Energi;621.31;621;Teknik Elektro;Teknik Mesin;87.66;Teknik Mesin
6203;Penilaian efektivitas pengendalian internal...;658.15;658;Administrasi Niaga;Administrasi Niaga;100.0;Administrasi Niaga
6204;peningkatan kinerja permukaan aspal beton panas : Hotmix dengan penambahan serat polipropilana;691.1;691;Teknik Sipil;Teknik Sipil;96.47;Teknik Sipil
6205;Penngantar Engineering;620;620;Teknik Mesin;Teknik Mesin;100.0;Teknik Mesin
6206;Penuntun 10 menit kepemimpinan;303.34;303;Umum;Umum;91.44;Umum
6207;Penyelesaian Grafika;511.5;511;Matematika;Matematika;95.24;Matematika
6208;Peraktek Laboratorium Mesin Listrik Dan Pengaman;621.3;621;Teknik Elektro;Teknik Elektro;97.38;Teknik Elektro
6209;Peran sekretaris dorektur dan pembantu direktur Politeknik Negeri Jakarta dalam memanajemeni pimpinan secara persuasif dan strategis;651.374;651;Administrasi Niaga;Administrasi Niaga;84.18;Administrasi Niaga, Umum
6210;Peranan bersamaan diferensial pada matematika untuk memecahkan problem teknik;515.1;515;Matematika;Matematika;92.24;Matematika
6211;Peranan humas dalam menciptakan hubungan baik bagi dosen jur. Grafika dan Penerbitan dengan pimpinan PNJ;303.2;303;Umum;Umum;88.26;Umum
6212;Peranan keselamatan dan kesehatan kerja sebagai salah satu cara untuk meningkatkan produktivitas kerja tenaga kerja pada PT Indo Doli Pulp and paper Mild;363.11;363;Umum;Umum;80.2;Umum, Administrasi Niaga
6214;Perancangan sistem pengujian sifat mekanik suatu bahan menggunakan strain gauge;530;530;Teknik Elektro;Teknik Elektro;79.55;Teknik Elektro, Teknik Mesin
6215;Peraturan Pemerintah No. 17 Tahun 2005 tentang perubahan atas PP NO.6 2005 tentang pemilihan, pengerahan, pengangkatan dan pemberhentian kep. daerah dan wakil Kep. daerah;342.6;342;Umum;Umum;97.6;Umum
6216;Peraturan Pemerintah pengganti Undang-undang No. 3 tahun 2005 tentang perubahan atas UU No.32 tahun 2004 tentang pemerintahan daerah;342.6;342;Umum;Umum;92.01;Umum
6217;Perbandingan kuat cahaya TL 10 W dengan ballast dan filamen;621.37;621;Teknik Elektro;Teknik Elektro;85.75;Teknik Elektro
6219;Perbandingan usia pakai baterai bermerk dan yang tidak bermerk yang ada di pasaran;621.322;621;Teknik Elektro;Teknik Elektro;80.45;Teknik Elektro
6220;Perencanaan transfortasi untuk mahasiswa, perencana dan praktisi;629.049;629;Teknik Mesin;Teknik Mesin;82.75;Teknik Mesin
6221;Perencanaan transportasi untuk mahasiswa, perencana, dan praktisis;380.5;380;Administrasi Niaga;Administrasi Niaga;100.0;Administrasi Niaga
6222;Perilaku dan manajemen organisasi;658;658;Administrasi Niaga;Administrasi Niaga;100.0;Administrasi Niaga
6225;Persepsi mahasiswa D3jurusan teknik sipil PNJ terhadap pelaksanaan mata kuliah  praktik kerja bengkel;371.27;371;Umum;Umum;78.79;Umum
6227;Photoshop elements 4.0 for digital photografers;005.713;5;Teknik Informatika & Komputer;Teknik Informatika & Komputer;88.27;Teknik Informatika & Komputer
6228;Pragmatik : Kesantunan imperatif bahasa indonesia;411.52;411;Umum;Umum;97.6;Umum
6229;Praktik teknik pemrograman mikrokontroller;004.165;4;Teknik Informatika & Komputer;Teknik Informatika & Komputer;94.58;Teknik Informatika & Komputer
6230;Prepare for IELTS : General training practice tests;421.55;421;Umum;Umum;100.0;Umum
6231;Presepsi konsumen terhadap penerapan harga NOMAT;371.33;371;Umum;Umum;61.17;Umum, Administrasi Niaga
6232;Perilaku dan manajemen organisasi (Jilid 2);658;658;Administrasi Niaga;Administrasi Niaga;100.0;Administrasi Niaga
6233;Principles of financial accounting;657;657;Akuntansi;Akuntansi;100.0;Akuntansi
6234;Prinsip-prinsip E-Banking;332.1;332;Akuntansi;Akuntansi;98.79;Akuntansi
6236;Prinsip-Prinsip Pelayanan Nasabah;658.812;658;Administrasi Niaga;Administrasi Niaga;100.0;Administrasi Niaga
6237;Prinsip-prinsip riset operasi;001.42;1;Teknik Informatika & Komputer;Teknik Informatika & Komputer;82.41;Teknik Informatika & Komputer
6239;Programing in visual basic net;005.269;5;Teknik Informatika & Komputer;Teknik Informatika & Komputer;97.83;Teknik Informatika & Komputer
6240;Prosedur kearsipan pada kantor unit penelitian pada pengabdian pada masyarakat politeknik negeri Jakarta;651.5;651;Administrasi Niaga;Administrasi Niaga;95.18;Administrasi Niaga
6241;Protokol dan pensinyalan;651.382;651;Administrasi Niaga;Administrasi Niaga;100.0;Administrasi Niaga
6242;Public relations dalam praktik;659.2;659;Administrasi Niaga;Administrasi Niaga;85.96;Administrasi Niaga
6243;Public relations pedoman praktis untuk PR;659.2;659;Administrasi Niaga;Administrasi Niaga;94.46;Administrasi Niaga
6244;Rancang bangun efron emulator serial...;621.381;621;Teknik Elektro;Teknik Elektro;82.43;Teknik Elektro, Teknik Mesin
6245;Rancangan bangun pendeteksi gelombang berdiri pada saluran koaksial di LAB. Telekomunikasi;621.384 11;621;Teknik Elektro;Teknik Elektro;89.57;Teknik Elektro
6249;Rapat dan presentasi lisan yang efektif;658.456;658;Administrasi Niaga;Administrasi Niaga;96.53;Administrasi Niaga
6250;Resistivitas listrik sebagai fungsi temperatur dalam thin film nier evaporasi berkas elektron;621.3;621;Teknik Elektro;Teknik Elektro;94.16;Teknik Elektro
6251;Respon struktur berpengaku anti tekuk akibat beban gempa;624;624;Teknik Sipil;Teknik Sipil;100.0;Teknik Sipil
6252;Rich da's guide to investing;332.6;332;Akuntansi;Akuntansi;95.63;Akuntansi
6253;Robotics Demystified;629.892;629;Teknik Mesin;Teknik Mesin;87.39;Teknik Mesin
6254;Saluran pemasaran;658.8;658;Administrasi Niaga;Administrasi Niaga;100.0;Administrasi Niaga
6255;Sang putri berpesta;813;813;Umum;Umum;100.0;Umum
6256;Sawyer's auditing internal sawyer;657.45;657;Akuntansi;Akuntansi;98.65;Akuntansi
6257;SCR Tester : Alat Penguji SCR;621.302;621;Teknik Elektro;Teknik Elektro;88.85;Teknik Elektro
6258;Scurity engineering;005.1;5;Teknik Informatika & Komputer;Teknik Informatika & Komputer;74.25;Teknik Informatika & Komputer
6259;Sensor cerdas dalam instrumentasi proses;621.316;621;Teknik Elektro;Teknik Elektro;68.96;Teknik Elektro, Teknik Informatika & Komputer
6260;Serat optik : Sebuah pengantar;621.382;621;Teknik Elektro;Teknik Elektro;100.0;Teknik Elektro
6261;Simulasi pendimensian jaringan ATM pada broadband ISDN;621.32 16;621;Teknik Elektro;Teknik Elektro;72.58;Teknik Elektro, Teknik Informatika & Komputer
6262;Sistem dan pemrograman PLC;629.89;629;Teknik Mesin;Teknik Mesin;82.63;Teknik Mesin, Teknik Informatika & Komputer
6263;Sistem Database;005.74;5;Teknik Informatika & Komputer;Teknik Informatika & Komputer;97.52;Teknik Informatika & Komputer
6264;Sistem database : BAgaimana mendesain database yang baik dan benar;005.74;5;Teknik Informatika & Komputer;Teknik Informatika & Komputer;93.13;Teknik Informatika & Komputer
6265;Sistem dinamika dan kontrol pada manipulator;531.11;531;Teknik Elektro;Teknik Elektro;80.98;Teknik Elektro, Teknik Informatika & Komputer
6266;Sistem Distribusi Daya Listrik Terapan;621.3;621;Teknik Elektro;Teknik Elektro;94.02;Teknik Elektro
6268;Sistem informasi teknologi koperasi simpan pinjam unit simpan pinjam berbasis komputer;004.21;4;Teknik Informatika & Komputer;Teknik Informatika & Komputer;92.39;Teknik Informatika & Komputer
6269;Sistem Kendali;621.37;621;Teknik Elektro;Teknik Elektro;66.05;Teknik Elektro, Teknik Mesin
6270;Sistem operasi;005.43;5;Teknik Informatika & Komputer;Teknik Informatika & Komputer;100.0;Teknik Informatika & Komputer
6271;Sosiologi pariwisata;338.479 1;338;Administrasi Niaga;Administrasi Niaga;74.26;Administrasi Niaga, Umum
6272;Sosiologi pariwisata : Kajian sosiologis terhadap struktur, sistem, dan dampak-dampak pariwisata;338.479 1;338;Administrasi Niaga;Administrasi Niaga;77.27;Administrasi Niaga, Umum
6273;Stabilisasi lempung ekspansif dengan penambahan pasir untuk mengurangi sifat kembang susutnya;553.61;553;Sains;Sains;82.21;Sains
6274;Standar Akuntansi Pemerintahan;657;657;Akuntansi;Akuntansi;94.73;Akuntansi
6275;Statistik industri;519.5;519;Matematika;Matematika;90.73;Matematika
6277;Strategi bisnis;336.24;336;Akuntansi;Akuntansi;61.48;Akuntansi, Administrasi Niaga
6278;Strategi dan teknik pedagang tradisional Depok 1 dalam meningkatkan penjualan dengan kehadiran mal Depok;658.5;658;Administrasi Niaga;Administrasi Niaga;100.0;Administrasi Niaga
6279;Strategi implementasi jaringan B. ISDN berbasis asinchronous transfer mode : ATM;621.38;621;Teknik Elektro;Teknik Elektro;98.59;Teknik Elektro
6280;Strategi promosi dalam mencapai pasar sasaran;350;350;Umum;Umum;64.37;Umum, Administrasi Niaga
6281;Studi efisiensi penggunaan program ETABS v.8 dan SAF 2000 untuk perancangan struktur beton pada gedung;693.5;693;Teknik Sipil;Teknik Sipil;94.0;Teknik Sipil
6282;Sukses manajemen penjualan;658.81;658;Administrasi Niaga;Administrasi Niaga;100.0;Administrasi Niaga
6283;Susunan dalam satu naskah UUD 1945 dengan perubahan-perubahannya 1999-2002;342.2;342;Umum;Umum;96.97;Umum
6284;Teknik Menulis Karya Ilmiah;001.42;1;Teknik Informatika & Komputer;Teknik Informatika & Komputer;89.29;Teknik Informatika & Komputer
6285;Teknik Pengambilan Keputusan;658.4033;658;Administrasi Niaga;Administrasi Niaga;95.78;Administrasi Niaga
6286;Teknik perancangan rangkaian sistem kontrol PLC Menggunakan metode bineri MAP;005.11;5;Teknik Informatika & Komputer;Teknik Elektro;51.03;Teknik Elektro, Teknik Informatika & Komputer
6287;Teknis melukis denngan berbagai aplikasi gafis;006.68;6;Teknik Informatika & Komputer;Teknik Informatika & Komputer;78.75;Teknik Informatika & Komputer, Teknik Grafika & Penerbitan
6288;Teknologi bangunan;690;690;Teknik Sipil;Teknik Sipil;98.94;Teknik Sipil
6289;Teori dan soal-soal komunikasi analog dan digital;621.38;621;Teknik Elektro;Teknik Elektro;87.18;Teknik Elektro
6290;Teori kebijakan untuk menjawab masalah kenaikan harga BBM;338.9;338;Administrasi Niaga;Administrasi Niaga;85.35;Administrasi Niaga
6291;the bare bones of advertising print design;659.1;659;Administrasi Niaga;Administrasi Niaga;77.24;Administrasi Niaga
6292;The broadcast centuryand beyond a biography of American broadcating;384.54;384;Administrasi Niaga;Administrasi Niaga;60.47;Administrasi Niaga, Umum
6293;The new solution selling : Proses penjualan revolusioner yang mengubah cara anda menjual;658.85;658;Administrasi Niaga;Administrasi Niaga;95.41;Administrasi Niaga
6294;Tinjauan pemahamam hak atas kekayaan intelektual HAKI oleh staf pengajar;330.16;330;Administrasi Niaga;Administrasi Niaga;64.01;Administrasi Niaga, Umum
6295;Tinjauan sifat fisik dan mekanis limbah industri PT Krakatau Steel untuk agregat beton;628.5;628;Teknik Sipil;Teknik Sipil;93.23;Teknik Sipil
6296;Tipologi pesan persuasif;155.2;155;Umum;Umum;79.93;Umum
6297;Tips & trik fotografi : Teori dan Aplikasi Belajar Fotografi;771;771;Teknik Grafika & Penerbitan;Teknik Grafika & Penerbitan;90.8;Teknik Grafika & Penerbitan
6298;Toefl IBT : Internet based test with 10 audio CDS;428;428;Umum;Umum;100.0;Umum
6299;Traffic engineering design principles and practice;620.004 2;620;Teknik Mesin;Teknik Mesin;69.3;Teknik Mesin, Teknik Sipil
6300;Transaksi derivatif, hedging dan pasar modal;332.642;332;Akuntansi;Akuntansi;81.39;Akuntansi, Administrasi Niaga
6301;Trend industry properti dan real esteate di indonesia periode 1997 - 1998;346.048;346;Umum;Umum;77.91;Umum, Administrasi Niaga
6302;Trik praktis menguasai autocard 2004;005.73;5;Teknik Informatika & Komputer;Teknik Informatika & Komputer;97.13;Teknik Informatika & Komputer
6303;Troubleshouting of electrical equipment and control circuit;621.3192;621;Teknik Elektro;Teknik Elektro;91.18;Teknik Elektro
6305;Tunangan ? Hmm...;808.3;808;Umum;Umum;100.0;Umum
6306;Type rules;686.2;686;Teknik Grafika & Penerbitan;Teknik Grafika & Penerbitan;83.55;Teknik Grafika & Penerbitan
6307;Uji sifat fisis thermal logam;621.402;621;Teknik Mesin;Teknik Mesin;67.17;Teknik Mesin, Teknik Sipil
6308;Undang-undang dasar Republik Indonesia tahun 1945;342.2;342;Umum;Umum;96.63;Umum
6309;Upaya meningkatkan sifat mudah dikerjakan Workability adukan semen-pasir dengan penambahan fly ash;553.622;553;Sains;Sains;79.61;Sains, Teknik Sipil
6310;Upaya peningkatan kinerja dosen : Studi kualitatif pada Politeknik Negeri Jakarta;658.1;658;Administrasi Niaga;Administrasi Niaga;79.87;Administrasi Niaga, Umum
6311;Urgensi dan minat mahasiswa jurusan Administrasi Niaga Politeknik Negeri Jakarta untuk melaksanakan presentasi sidang tugas akhir dalam bahasa Inggris : To present last writing project in English;401.4;401;Umum;Umum;96.13;Umum
6312;UU RI No. 33 tahun 2004 tentang perimbangan keuangan antara pemerintah pusat dengan daerah;343.3;343;Umum;Umum;93.91;Umum
6313;UU RI No.34 tahun 2004 tentang TNI;344.5;344;Umum;Umum;97.89;Umum
6314;Video TV Streaming dengan videoLAN project;004.68;4;Teknik Informatika & Komputer;Teknik Informatika & Komputer;96.69;Teknik Informatika & Komputer
6315;Wayfinding pictografic systems nonverbal. universal;741.9;741;Teknik Grafika & Penerbitan;Teknik Grafika & Penerbitan;89.81;Teknik Grafika & Penerbitan
6316;Web services platform architecture;005.1;5;Teknik Informatika & Komputer;Teknik Informatika & Komputer;94.27;Teknik Informatika & Komputer
6317;Wireless communications & networks;621.384;621;Teknik Elektro;Teknik Elektro;67.75;Teknik Elektro, Teknik Informatika & Komputer
6318;Working effectively with legacy code;005.13;5;Teknik Informatika & Komputer;Teknik Informatika & Komputer;89.87;Teknik Informatika & Komputer
6319;115 trik tersembunyi excel;005.3;5;Teknik Informatika & Komputer;Teknik Informatika & Komputer;100.0;Teknik Informatika & Komputer
6320;A HANDBOOK OF ENGLISH FOR SEMESTER THREE MECHANICAL ENGINEERING ENGLISH 2;428.24;428;Umum;Umum;94.47;Umum
6321;AC dan refrigeration;621.56;621;Teknik Mesin;Teknik Mesin;100.0;Teknik Mesin
6323;Adobe photoshop elements 4.0;006.69;6;Teknik Informatika & Komputer;Teknik Informatika & Komputer;98.11;Teknik Informatika & Komputer
6324;Akuntansi lanjutan : Advanced accounting;657.046;657;Akuntansi;Akuntansi;100.0;Akuntansi
6326;Akuntansi perbankan syariah;657.833;657;Akuntansi;Akuntansi;97.88;Akuntansi
6327;Analysing media texts;778.9;778;Teknik Grafika & Penerbitan;Teknik Grafika & Penerbitan;84.88;Teknik Grafika & Penerbitan
6328;APLIKASI KOMPUTER 1 MS EXCELL;005.3;5;Teknik Informatika & Komputer;Teknik Informatika & Komputer;100.0;Teknik Informatika & Komputer
6329;Aplikasi komputer III dengan microsoft access;005;5;Teknik Informatika & Komputer;Teknik Informatika & Komputer;100.0;Teknik Informatika & Komputer
6331;Aspek hukum operasional transaksi produk perbankan di Indonesia : simpanan, jasa & kredit;343.03;343;Umum;Umum;76.34;Umum, Akuntansi
6332;Auditing planning : A Risk-based approach;657.458;657;Akuntansi;Akuntansi;92.66;Akuntansi
6333;Autocad 2004 2 dimensi untuk pemula;005.73;5;Teknik Informatika & Komputer;Teknik Informatika & Komputer;94.65;Teknik Informatika & Komputer
6334;Autocad 2006 2 Dan 3 Dimensi;005.3;5;Teknik Informatika & Komputer;Teknik Informatika & Komputer;93.33;Teknik Informatika & Komputer
6337;Bisnis internasional;650;650;Administrasi Niaga;Administrasi Niaga;96.2;Administrasi Niaga
6338;Bisnis Jilid 2;650;650;Administrasi Niaga;Administrasi Niaga;99.15;Administrasi Niaga
6340;Budaya kerja perbankan;332.1;332;Akuntansi;Akuntansi;81.5;Akuntansi, Administrasi Niaga
6341;Building scalable web sites;005.262;5;Teknik Informatika & Komputer;Teknik Informatika & Komputer;99.06;Teknik Informatika & Komputer
6342;Business and administrative communication;651.7;651;Administrasi Niaga;Administrasi Niaga;100.0;Administrasi Niaga
6343;COLOR MANAGEMENT;658;658;Administrasi Niaga;Administrasi Niaga;99.98;Administrasi Niaga
6344;Communication networks : Fundamental concepts and key architectures;004.6;4;Teknik Informatika & Komputer;Teknik Informatika & Komputer;65.04;Teknik Informatika & Komputer
6345;Copywriting : Seni mengasah kreativitas dan memahami bahasa iklan;659;659;Administrasi Niaga;Administrasi Niaga;88.56;Administrasi Niaga
6346;Corpus linguistics around the world;410;410;Umum;Umum;93.77;Umum
6347;Darah kebiasaan wanita;297.57;297;Umum;Umum;100.0;Umum
6351;Dasar-dasar organisasi;658;658;Administrasi Niaga;Administrasi Niaga;100.0;Administrasi Niaga
6353;Dengan pajak kita wujudkan kemandirian bangsa : Pemenang dan nominasi lomba karya tulis perpajakan 2005;336.2;336;Akuntansi;Akuntansi;96.52;Akuntansi
6354;Diabetes;616.462;616;Umum;Umum;97.17;Umum
6355;Digital signal processing : Using DSP microprossesor with examples from TMS320C54xx;004.16;4;Teknik Informatika & Komputer;Teknik Informatika & Komputer;89.38;Teknik Informatika & Komputer
6357;Dunia dimata alice;813;813;Umum;Umum;100.0;Umum
6358;Effective Public Relations;659.2;659;Administrasi Niaga;Administrasi Niaga;90.22;Administrasi Niaga
6359;Ekonomi Teknik Untuk Konstruksi Bangunan Sipil;333.91;333;Administrasi Niaga;Teknik Sipil;100.0;Teknik Sipil
6360;Eksplorasi teknologi dalam proyek konstruksi beton pracetak dan bekisting;699.9;699;Teknik Sipil;Teknik Sipil;91.31;Teknik Sipil
6361;Elecrtic Drive;621.3;621;Teknik Elektro;Teknik Elektro;88.9;Teknik Elektro
6362;Electric Drive;621.3;621;Teknik Elektro;Teknik Elektro;89.49;Teknik Elektro
6368;Elemen mesin 1;621.82;621;Teknik Mesin;Teknik Mesin;100.0;Teknik Mesin
6370;English For Business II;428.24;428;Umum;Umum;100.0;Umum
6371;ENGLISH FOR COMMUNICATING;428.24;428;Umum;Umum;98.21;Umum
6372;Enterprise architecture as strategy : Creating a foundation for business execution;658.4'038;658;Administrasi Niaga;Administrasi Niaga;92.68;Administrasi Niaga
6374;Equity and fairness in islam;340;340;Umum;Umum;100.0;Umum
6375;Etika Enjiniring;170;170;Umum;Umum;93.07;Umum
6376;Etika propesi dan Bisnis;170;170;Umum;Umum;97.48;Umum
6377;Fikih ekonomi umar bin al-khathab;297.273;297;Umum;Umum;92.16;Umum
6378;Filsafat Dan Ideologi Pancasila;320.5;320;Umum;Umum;100.0;Umum
6379;Fisika terapan;530;530;Teknik Elektro;Teknik Elektro;95.26;Teknik Elektro
6381;Fluid mechanics : Fundamentals and applications;620.106;620;Teknik Mesin;Teknik Mesin;79.39;Teknik Mesin, Teknik Elektro
6382;Front office management;651.3;651;Administrasi Niaga;Administrasi Niaga;75.67;Administrasi Niaga, Umum
6383;Gambar teknik 1;604.2;604;Teknik Mesin;Teknik Mesin;98.38;Teknik Mesin
6384;Hary Potter dan Pangeran berdarah campuran;813;813;Umum;Umum;98.17;Umum
6385;HIDROLIKA;627;627;Teknik Sipil;Teknik Sipil;87.35;Teknik Sipil
6386;Hospitality financial management;647.94;647;Umum;Umum;77.19;Umum, Administrasi Niaga
6387;Hotel front office : teori dan praktik;647.940;647;Umum;Umum;89.03;Umum
6388;Hotel front office management;647.94;647;Umum;Umum;81.92;Umum, Administrasi Niaga
6389;Hubungan masyarakat : Suatu studi komunikologis;659.2;659;Administrasi Niaga;Administrasi Niaga;69.87;Administrasi Niaga, Umum
6390;Ilmu Administrasi Publik;351;351;Umum;Umum;86.13;Umum
6391;International corporate finance;658.15;658;Administrasi Niaga;Administrasi Niaga;81.11;Administrasi Niaga, Akuntansi
6392;International economics a policy approach;337.1;337;Administrasi Niaga;Administrasi Niaga;84.95;Administrasi Niaga
6393;Introduction to financial technology;332.101;332;Akuntansi;Akuntansi;91.26;Akuntansi
6395;Jangan Takut Ngomong;320.2;320;Umum;Umum;95.08;Umum
6396;Jaringan irigasi teknis;627.52;627;Teknik Sipil;Teknik Sipil;100.0;Teknik Sipil
6397;Jurnalistik tujuh menit: Jalan pintas menjadi wartawan dan penulis lepas;070.4;70;Teknik Grafika & Penerbitan;Teknik Grafika & Penerbitan;96.83;Teknik Grafika & Penerbitan
6398;Kamus fotografi;413;413;Umum;Umum;72.62;Umum, Teknik Grafika & Penerbitan
6399;Keajaiban-keajaiban dalam tubuh manusia;611;611;Umum;Umum;96.83;Umum
6400;Kepribadian : Teori klasik dan riset modern;155.2;155;Umum;Umum;93.08;Umum
6401;Kiat menjadi penulis buku profesional : studi kasus menulis buku komputer populer;070.573;70;Teknik Grafika & Penerbitan;Teknik Grafika & Penerbitan;78.63;Teknik Grafika & Penerbitan
6405;Komunikasi grafis dan lansekap;720;720;Teknik Grafika & Penerbitan;Teknik Grafika & Penerbitan;98.46;Teknik Grafika & Penerbitan
6406;Konstruksi baja;693.77;693;Teknik Sipil;Teknik Sipil;98.86;Teknik Sipil
6407;Konstruksi beton prategang balok statis tertentu;624;624;Teknik Sipil;Teknik Sipil;100.0;Teknik Sipil
6408;Kumpulan latihan pemrograman DELPHI;005.113;5;Teknik Informatika & Komputer;Teknik Informatika & Komputer;98.6;Teknik Informatika & Komputer
6409;Laboratorium elektronika semester III;621.381;621;Teknik Elektro;Teknik Elektro;98.46;Teknik Elektro
6410;Latihan soal-soal psikotes untuk pelamar kerja : dilengkapi dengan strategi mengikuti seleksi karyawan, persiaan menghadapi psikotes, pengantar psikotes;155.2;155;Umum;Umum;86.64;Umum
6411;Macromedia flash profesional 8 : Training from the source;005.3;5;Teknik Informatika & Komputer;Teknik Informatika & Komputer;100.0;Teknik Informatika & Komputer
6412;Makroekonomi : Teori pengantar;339;339;Administrasi Niaga;Administrasi Niaga;93.33;Administrasi Niaga
6413;Manajemen Pemasaran Buku;658.8;658;Administrasi Niaga;Administrasi Niaga;100.0;Administrasi Niaga
6415;Management accounting : The cornerstone for business decisions;658.15;658;Administrasi Niaga;Administrasi Niaga;100.0;Administrasi Niaga
6416;Management accounting demystified;658.15;658;Administrasi Niaga;Administrasi Niaga;100.0;Administrasi Niaga
6417;Manajemen administrasi perkantoran modern;651.3;651;Administrasi Niaga;Administrasi Niaga;97.55;Administrasi Niaga
6418;Manajemen industri;658.5;658;Administrasi Niaga;Administrasi Niaga;100.0;Administrasi Niaga
6419;Manajemen Keuangan II;658.15;658;Administrasi Niaga;Administrasi Niaga;95.68;Administrasi Niaga
6423;Manajemen risiko : strategi perbankan dan dunia usaha menghadapi tantangan globalisasi bisnis;658.155;658;Administrasi Niaga;Administrasi Niaga;98.06;Administrasi Niaga
6425;Marketing Management;658.8;658;Administrasi Niaga;Administrasi Niaga;100.0;Administrasi Niaga
6426;Mastering skill for the toefl ibt advanced;428;428;Umum;Umum;100.0;Umum
6427;Mastering skills for the toefl iBT advanced : Listening;428;428;Umum;Umum;99.12;Umum
6428;Matematika Bisnis;510;510;Matematika;Matematika;91.13;Matematika
6430;MAtematika keuangan;510;510;Matematika;Matematika;93.75;Matematika
6432;Mechanical engineering handbook : instrumentation, systems, controls, and MEMS;621.4;621;Teknik Mesin;Teknik Mesin;81.37;Teknik Mesin, Teknik Informatika & Komputer
6433;Mechanical engineers' handbook : energy and power;621.4;621;Teknik Mesin;Teknik Mesin;94.25;Teknik Mesin
6434;Mechanical engineers' handbook : manufacturing and management6cMyer Kutz;621.4;621;Teknik Mesin;Teknik Mesin;76.95;Teknik Mesin
6435;Mechanical engineers' handbook : materials and mechanical design;621;621;Teknik Mesin;Teknik Mesin;96.03;Teknik Mesin
6436;Mechatronics;621;621;Teknik Mesin;Teknik Mesin;66.17;Teknik Mesin, Teknik Elektro, Teknik Informatika & Komputer
6437;Mekanisme Dan Dinamika Mesin;621.8;621;Teknik Mesin;Teknik Mesin;92.2;Teknik Mesin
6438;Menjadi Kaya dengan Menulis;153.8;153;Umum;Umum;89.73;Umum
6439;Menjadi presenter andal : Kiat menyjajikan presentasi secara profesional;005.369;5;Teknik Informatika & Komputer;Teknik Informatika & Komputer;79.54;Teknik Informatika & Komputer, Umum
6440;Merancang dengan maket;720;720;Teknik Grafika & Penerbitan;Teknik Grafika & Penerbitan;96.57;Teknik Grafika & Penerbitan
6441;Mesin Thermal;621.402;621;Teknik Mesin;Teknik Mesin;75.02;Teknik Mesin, Teknik Elektro
6442;Metode penelitian pariwisata;001.42;1;Teknik Informatika & Komputer;Teknik Informatika & Komputer;100.0;Teknik Informatika & Komputer
6444;Metodologi penelitian : Petunjuk praktis untuk penelitian pemula;001.42;1;Teknik Informatika & Komputer;Teknik Informatika & Komputer;100.0;Teknik Informatika & Komputer
6445;Metodologi Riset Kuantitatif;001.42;1;Teknik Informatika & Komputer;Teknik Informatika & Komputer;100.0;Teknik Informatika & Komputer
6446;Mikroekonomi;339;339;Administrasi Niaga;Administrasi Niaga;97.25;Administrasi Niaga
6447;Modern auditing : ASSURANCE SERVICES AND THE INTEGRITY OF FINANCIAL REPORTING;657.45;657;Akuntansi;Akuntansi;98.85;Akuntansi
6448;Modul Pengantar & Tutorial Microsoft Windows;651.5;651;Administrasi Niaga;Administrasi Niaga;100.0;Administrasi Niaga
6449;Motivation Games;658.403;658;Administrasi Niaga;Administrasi Niaga;97.92;Administrasi Niaga
6450;Multimedia : Making it work;006.7;6;Teknik Informatika & Komputer;Teknik Informatika & Komputer;98.72;Teknik Informatika & Komputer
6451;Operasi sistem tenaga listrik;621.31;621;Teknik Elektro;Teknik Elektro;89.82;Teknik Elektro
6453;Paint shop pro x for photo;770.92;770;Teknik Grafika & Penerbitan;Teknik Grafika & Penerbitan;82.44;Teknik Grafika & Penerbitan, Teknik Informatika & Komputer
6454;Panduan pemrograman C++;005.368;5;Teknik Informatika & Komputer;Teknik Informatika & Komputer;95.73;Teknik Informatika & Komputer
6455;Pedoman Penulisan : Usulan Skripsi dan Tesis;001.42;1;Teknik Informatika & Komputer;Teknik Informatika & Komputer;89.31;Teknik Informatika & Komputer
6456;Pelaporan zakat pengurang pajak penghasilan;336.24;336;Akuntansi;Akuntansi;91.99;Akuntansi
6457;Pemeriksaan akuntansi 1;657;657;Akuntansi;Akuntansi;100.0;Akuntansi
6459;Pendidikan pancasila;323.6;323;Umum;Umum;97.16;Umum
6460;Penerbitan obligasi dan peran serta tanggung jawab wali amanat dalam pasar modal;332.6;332;Akuntansi;Akuntansi;87.71;Akuntansi
6462;Pengantar Metode Numerik;621.382;621;Teknik Elektro;Teknik Elektro;66.49;Teknik Elektro, Matematika
6463;Pengantar pengetahuan pasar modal;380.1;380;Administrasi Niaga;Administrasi Niaga;87.21;Administrasi Niaga
6464;Pengantar Perangkaian Logika;621.381;621;Teknik Elektro;Teknik Elektro;97.2;Teknik Elektro
6465;Pengantar Praktikum Pada Laboratorium Uji Bahan;694.3;694;Teknik Sipil;Teknik Sipil;89.71;Teknik Sipil
6466;Pengantar teknik & manajemen industri;658.5;658;Administrasi Niaga;Administrasi Niaga;87.24;Administrasi Niaga
6467;Pengenalan eksklusif ekonomi Islam;297.273;297;Umum;Umum;95.62;Umum
6468;Pengendalian mutu dalam industri batu bara;662.6;662;Teknik Mesin;Teknik Mesin;73.43;Teknik Mesin
6469;Pengetahuan bahan untuk mesin dan listrik;621.8;621;Teknik Mesin;Teknik Mesin;78.1;Teknik Mesin, Teknik Elektro
6470;Pengetahuan baterai mobil;621.312 4;621;Teknik Elektro;Teknik Elektro;77.4;Teknik Elektro, Teknik Mesin
6471;Pengetahuan praktis teknik pendingin dan reparasinya;644.5;644;Umum;Umum;67.33;Umum, Teknik Mesin
6472;Pengolahan sinyal digital;511;511;Matematika;Matematika;90.61;Matematika
6473;Perancangan dan realisasi sistem basis data;001.6;1;Teknik Informatika & Komputer;Teknik Informatika & Komputer;100.0;Teknik Informatika & Komputer
6474;Perbandingan lama waktu untuk proses dial-up mengakses intenet pada ISP Pacipinet, CBNnet dengan telkomsel;658.529;658;Administrasi Niaga;Administrasi Niaga;100.0;Administrasi Niaga
6476;Perencanaan dan pengembangan perumahan;363.5;363;Umum;Umum;100.0;Umum
6477;Perencanaan ekowisata : dari teori ke aplikasi;338.479 1;338;Administrasi Niaga;Administrasi Niaga;87.94;Administrasi Niaga
6478;Periklanan promosi;659.1;659;Administrasi Niaga;Administrasi Niaga;100.0;Administrasi Niaga
6479;Perkerasan jalan beton semen portland (rigid pavement);625.7;625;Teknik Sipil;Teknik Sipil;96.78;Teknik Sipil
6480;Plastics : Materials and processing;668.4;668;Teknik Sipil;Teknik Sipil;86.25;Teknik Sipil
6481;Point of purchase;659.049;659;Administrasi Niaga;Administrasi Niaga;100.0;Administrasi Niaga
6482;Pokok-pokok elektronika;621.3;621;Teknik Elektro;Teknik Elektro;92.13;Teknik Elektro
6483;Pondasi cakar ayam : menjabarkan teori Prof. Sedijatmo;624.1;624;Teknik Sipil;Teknik Sipil;97.52;Teknik Sipil
6485;Prinsip-prinsip perancangan teknik;621.3;621;Teknik Elektro;Teknik Elektro;68.89;Teknik Elektro, Teknik Mesin
6486;Process improvement essentials : CMMI iso 9001 six sigma;005.1;5;Teknik Informatika & Komputer;Teknik Informatika & Komputer;88.61;Teknik Informatika & Komputer
6487;Produktivitas dan efisiensi dengan supply chain management;658.788;658;Administrasi Niaga;Administrasi Niaga;87.08;Administrasi Niaga
6488;Rancangan lanskap jalan;625.7;625;Teknik Sipil;Teknik Sipil;88.03;Teknik Sipil
6490;Rangkaian elektronika : analog dan terpadu;621.381;621;Teknik Elektro;Teknik Elektro;92.01;Teknik Elektro
6493;Rangkaian Logika 2;621.381;621;Teknik Elektro;Teknik Elektro;100.0;Teknik Elektro
6494;Satelite communications;621.382 5;621;Teknik Elektro;Teknik Elektro;85.87;Teknik Elektro
6495;Satellite Communications;384.51;384;Administrasi Niaga;Administrasi Niaga;100.0;Administrasi Niaga
6496;Sawyer's : Internal auditing audit internal;657.45;657;Akuntansi;Akuntansi;100.0;Akuntansi
6497;Schaum's easy outline : Matematika universitas;510;510;Matematika;Matematika;95.54;Matematika
6498;Segudang Trik Pengembangan;004.678;4;Teknik Informatika & Komputer;Teknik Informatika & Komputer;99.75;Teknik Informatika & Komputer
6499;Selasar kenangan;813;813;Umum;Umum;100.0;Umum
6500;Selling today : membangun kemitraan berkualitas;658.84;658;Administrasi Niaga;Administrasi Niaga;89.49;Administrasi Niaga
6502;Service marketing : Integrating customer focus across the firm;658.8;658;Administrasi Niaga;Administrasi Niaga;90.27;Administrasi Niaga
6503;Shari'ah standard of business contrac;346.02;346;Umum;Umum;95.22;Umum
6504;Simulasi bisnis perusahaan manufaktur;650;650;Administrasi Niaga;Administrasi Niaga;100.0;Administrasi Niaga
6506;Sistem instrumentasi dan sistem kontrol;530.7;530;Teknik Elektro;Teknik Elektro;65.65;Teknik Elektro, Teknik Informatika & Komputer, Teknik Mesin
6507;Sistem intrumentasi dan sistem kontrol;530.7;530;Teknik Elektro;Teknik Elektro;60.03;Teknik Elektro, Teknik Mesin, Teknik Informatika & Komputer
6508;Sistem kendali analisis;621.381;621;Teknik Elektro;Teknik Elektro;63.27;Teknik Elektro, Matematika
6510;Sistem Penyimpanan Arsip;651.5;651;Administrasi Niaga;Administrasi Niaga;98.13;Administrasi Niaga
6512;Strategi lolos psikotes dan tes potensi akademik;155.25;155;Umum;Umum;94.39;Umum
6513;Strategic compensation : A Human resource management approach;658.3;658;Administrasi Niaga;Administrasi Niaga;100.0;Administrasi Niaga
6514;Syariah marketing;380.1;380;Administrasi Niaga;Administrasi Niaga;99.66;Administrasi Niaga
6515;Team buildling;658.402;658;Administrasi Niaga;Administrasi Niaga;100.0;Administrasi Niaga
6516;TECHNICAL ENGLISH 2;428.24;428;Umum;Umum;100.0;Umum
6517;Teknik  praktis : riset komunikasi;302.2;302;Umum;Umum;75.75;Umum
6520;Teknik menulis berita & feature;070;70;Teknik Grafika & Penerbitan;Teknik Grafika & Penerbitan;88.64;Teknik Grafika & Penerbitan
6521;Teknik pengerjaan listrik;621.3;621;Teknik Elektro;Teknik Elektro;83.51;Teknik Elektro, Teknik Mesin
6522;Teknik perancangan sistem kerja;658.54;658;Administrasi Niaga;Administrasi Niaga;100.0;Administrasi Niaga
6523;Teknik sistem kontrol;629.8;629;Teknik Mesin;Teknik Mesin;96.84;Teknik Mesin
6525;Teknologi broadcasting tv;384.55;384;Administrasi Niaga;Administrasi Niaga;100.0;Administrasi Niaga
6526;Teori Pembuatan Keputusan;658.403;658;Administrasi Niaga;Administrasi Niaga;93.05;Administrasi Niaga
6528;Tes potensi akademik;155.2;155;Umum;Umum;87.46;Umum
6529;Tesaurus bahasa Indonesia;410;410;Umum;Umum;93.66;Umum
6530;the all new print production handbook;773;773;Teknik Grafika & Penerbitan;Teknik Grafika & Penerbitan;83.8;Teknik Grafika & Penerbitan
6531;The new big book of color in design;778.6;778;Teknik Grafika & Penerbitan;Teknik Grafika & Penerbitan;98.39;Teknik Grafika & Penerbitan
6532;The Toyota Way : 14 prinsip manajemen dari perusahaab manufaktur terhebat di dunia;658.18;658;Administrasi Niaga;Administrasi Niaga;88.53;Administrasi Niaga
6533;Themoirs of a geisha : Memoar seorang geisha;813;813;Umum;Umum;100.0;Umum
6534;Uhu;813;813;Umum;Umum;100.0;Umum
6535;UML 2.0 pocket reference;005.12;5;Teknik Informatika & Komputer;Teknik Informatika & Komputer;94.92;Teknik Informatika & Komputer
6536;UU RI No.14 th 2005 tentang guru dan dosen;342;342;Umum;Umum;95.2;Umum
6537;Video : TV streaming dengan videpLAN project;004.68;4;Teknik Informatika & Komputer;Teknik Informatika & Komputer;97.3;Teknik Informatika & Komputer
6538;Virus Ganas;005.84;5;Teknik Informatika & Komputer;Teknik Informatika & Komputer;88.8;Teknik Informatika & Komputer
6539;Web engineering : The discipline of systematic development of web applications;006.76;6;Teknik Informatika & Komputer;Teknik Informatika & Komputer;91.81;Teknik Informatika & Komputer
6540;Willis,s element of quantity surveying;692.5;692;Teknik Sipil;Teknik Sipil;96.4;Teknik Sipil
6541;101 jurus cepat photoshop cs 3;006.69;6;Teknik Informatika & Komputer;Teknik Informatika & Komputer;100.0;Teknik Informatika & Komputer
6544;36 jam belajar komputer spss 15;004;4;Teknik Informatika & Komputer;Teknik Informatika & Komputer;86.6;Teknik Informatika & Komputer
6545;41 diktator zaman modern;324.4;324;Umum;Umum;96.14;Umum
6546;4dsocial : Interactive design environments;745;745;Teknik Grafika & Penerbitan;Teknik Grafika & Penerbitan;100.0;Teknik Grafika & Penerbitan
6547;50 tokoh legendaris dunia;920;920;Umum;Umum;91.75;Umum
6550;Administrasi pembangunan : Konsep, Dimensi, dan strategis;350;350;Umum;Umum;84.12;Umum
6551;Administrasi perkantoran modern;651.3;651;Administrasi Niaga;Administrasi Niaga;97.43;Administrasi Niaga
6552;Advertising : Principles and effective IMC practice;659.1;659;Administrasi Niaga;Administrasi Niaga;91.77;Administrasi Niaga
6553;Advertising design and typography;659.1;659;Administrasi Niaga;Administrasi Niaga;100.0;Administrasi Niaga
6554;Akuntansi;657;657;Akuntansi;Akuntansi;100.0;Akuntansi
6557;Akuntansi lanjutan. Ed.8, Jil.2;657.046;657;Akuntansi;Akuntansi;97.87;Akuntansi
6558;Akuntansi lanjutan 2;657;657;Akuntansi;Akuntansi;100.0;Akuntansi
6559;Akuntansi lanjutan jilid 1;657.046;657;Akuntansi;Akuntansi;100.0;Akuntansi
6562;Akuntansi manajemen untuk hotel dan restoran;658.151;658;Administrasi Niaga;Administrasi Niaga;79.53;Administrasi Niaga, Akuntansi
6563;Akuntansi sektor publik;657;657;Akuntansi;Akuntansi;94.12;Akuntansi
6564;Analisa laoran keuangan;657.3;657;Akuntansi;Akuntansi;98.73;Akuntansi
6565;Analisis financial management;658.15;658;Administrasi Niaga;Administrasi Niaga;98.93;Administrasi Niaga
6566;Analisis rangkaian;621.319 2;621;Teknik Elektro;Teknik Elektro;100.0;Teknik Elektro
6567;Anggaran bisnis;353.007;353;Umum;Administrasi Niaga;71.03;Administrasi Niaga, Umum
6568;Anggaran bisnis : Analisis, perencanaan, dan pengendalian laba;353.007 22;353;Umum;Umum;73.04;Umum, Administrasi Niaga
6569;Anggaran Perusahaan;658.154;658;Administrasi Niaga;Administrasi Niaga;90.35;Administrasi Niaga
6570;Antennas For Portable Devices;621.3824;621;Teknik Elektro;Teknik Elektro;92.73;Teknik Elektro
6571;Applied calculus;515;515;Matematika;Matematika;100.0;Matematika
6572;Artist management for the music busines;780.68;780;Umum;Umum;67.46;Umum, Administrasi Niaga
6575;Bahan Teknik;620.11;620;Teknik Mesin;Teknik Mesin;100.0;Teknik Mesin
6576;Berita & informasi : jurnalistik radio;070.4;70;Teknik Grafika & Penerbitan;Teknik Grafika & Penerbitan;96.57;Teknik Grafika & Penerbitan
6577;Berkreasi dengan logo, wallpaper, dan ringtone;621.384 56;621;Teknik Elektro;Teknik Elektro;64.02;Teknik Elektro, Teknik Informatika & Komputer
6578;Business forecasting with accompanyng exel based forecastX sofware;658.4;658;Administrasi Niaga;Administrasi Niaga;100.0;Administrasi Niaga
6579;Business plan praktis dan dahsat untuk UMKM;658;658;Administrasi Niaga;Administrasi Niaga;100.0;Administrasi Niaga
6580;C++ how to program;005.3;5;Teknik Informatika & Komputer;Teknik Informatika & Komputer;100.0;Teknik Informatika & Komputer
6581;Cara gampang belajar toefl;425;425;Umum;Umum;100.0;Umum
6582;Cara mudah menguasai word 2007;005;5;Teknik Informatika & Komputer;Teknik Informatika & Komputer;92.16;Teknik Informatika & Komputer
6583;Chicken soup for the romantic Soul : Kisah-kisah cinta romantis yang menghangatkan hati;813;813;Umum;Umum;98.3;Umum
6584;Chinda : How China and India are revolutionizing global business;330.951;330;Administrasi Niaga;Administrasi Niaga;97.04;Administrasi Niaga
6585;Correspondence on mice;428.2;428;Umum;Umum;75.09;Umum, Administrasi Niaga
6586;Corrosion inspection dan monitoring;620.11223;620;Teknik Mesin;Teknik Mesin;96.3;Teknik Mesin
6587;Credit management handbook : teori, konsep, prosedur, dan aplikasi panduan praktis mahasiswa, bankir, dan nasabah;658.88;658;Administrasi Niaga;Administrasi Niaga;89.66;Administrasi Niaga
6588;Dasar penyelenggaraan konvensi;331.874;331;Administrasi Niaga;Administrasi Niaga;80.56;Administrasi Niaga, Umum
6589;Dasar perbankan;332.1;332;Akuntansi;Akuntansi;96.96;Akuntansi
6590;Dasar-dasar manajemen;658;658;Administrasi Niaga;Administrasi Niaga;100.0;Administrasi Niaga
6591;Dasar-dasar penulisan proposal penelitian;001.4;1;Teknik Informatika & Komputer;Teknik Informatika & Komputer;96.86;Teknik Informatika & Komputer
6593;Design elements : a graphic style manual;686.22;686;Teknik Grafika & Penerbitan;Teknik Grafika & Penerbitan;87.71;Teknik Grafika & Penerbitan
6595;Design successful e-learning;371.334;371;Umum;Umum;78.04;Umum
6596;Digital prepress primer;006.6;6;Teknik Informatika & Komputer;Teknik Informatika & Komputer;73.46;Teknik Informatika & Komputer
6597;Dinasti Yesus : Sejarah tersembunyi Yesus, keluarga kerajaan-Nya, dan kelahiaran kekristenan;232.9;232;Umum;Umum;100.0;Umum
6598;Discrete mathematics;510;510;Matematika;Matematika;95.45;Matematika
6599;Ekonometrika pengantar : Bonus panduan program TSP dan Eviews;330;330;Administrasi Niaga;Administrasi Niaga;95.84;Administrasi Niaga
6602;Ekonomi mikro islam;338.5;338;Administrasi Niaga;Administrasi Niaga;95.49;Administrasi Niaga
6603;Ekonomi Mikro Islami;338.5;338;Administrasi Niaga;Administrasi Niaga;95.47;Administrasi Niaga
6604;Electric circuits fundamentals;621.381;621;Teknik Elektro;Teknik Elektro;100.0;Teknik Elektro
6606;Elektronika daya 2 : Frequency converters;621.317;621;Teknik Elektro;Teknik Elektro;100.0;Teknik Elektro
6607;Elektronika Industri teori dan aplikasi;621.381;621;Teknik Elektro;Teknik Elektro;81.53;Teknik Elektro, Teknik Informatika & Komputer
6608;Empat pemburu harta;808.3;808;Umum;Umum;100.0;Umum
6609;English grammar practice for TOEFL : Persiapan Test;428;428;Umum;Umum;100.0;Umum
6610;Ensiklopedia iptek : bumi-ruang dan waktu vol.1;031;31;Umum;Umum;98.93;Umum
6611;Ensiklopedia iptek : Ensiklopedia sains untuk pelajar dan umum vol.4;031;31;Umum;Umum;100.0;Umum
6612;Ensiklopedia iptek : kimia dan unsur-bahan teknologi vol.3;031;31;Umum;Umum;67.44;Umum, Teknik Sipil, Teknik Mesin
6613;Ensiklopedia iptek : makhluk hidup-manusia vol.2;031;31;Umum;Umum;97.64;Umum
6614;Environmentally conscious mechanical design;621.815;621;Teknik Mesin;Teknik Mesin;98.18;Teknik Mesin
6615;Essentials of contemporary management;658;658;Administrasi Niaga;Administrasi Niaga;100.0;Administrasi Niaga
6616;Essentials of financial management;658.15;658;Administrasi Niaga;Administrasi Niaga;100.0;Administrasi Niaga
6617;Etika bisnis dalam islam;174.4;174;Umum;Umum;100.0;Umum
6619;Financial accounting fundamentals;657;657;Akuntansi;Akuntansi;100.0;Akuntansi
6620;Firs step to be a programmer;005.1;5;Teknik Informatika & Komputer;Teknik Informatika & Komputer;84.39;Teknik Informatika & Komputer
6622;Fundamentals of aerodynamics;629.132 2;629;Teknik Mesin;Teknik Mesin;72.71;Teknik Mesin, Teknik Elektro
6623;Fundamentals Of Applied Electromagnetics;621.3;621;Teknik Elektro;Teknik Elektro;89.4;Teknik Elektro
6624;Fundamentals of modern manufacturing : Materials, processes, and systems;670.42;670;Teknik Mesin;Teknik Mesin;98.38;Teknik Mesin
6625;Gambar mesin 1;604.2;604;Teknik Mesin;Teknik Mesin;98.69;Teknik Mesin
6628;Gender & inferioritas perempuan : Praktik kritik sastra feminis;808.06;808;Umum;Umum;100.0;Umum
6629;Graphic design basics;741.6;741;Teknik Grafika & Penerbitan;Teknik Grafika & Penerbitan;95.8;Teknik Grafika & Penerbitan
6631;Heat and mass transfer: fundamentals and applications;536.2;536;Teknik Elektro;Teknik Elektro;87.16;Teknik Elektro
6632;Hospitality management accounting;647.94;647;Umum;Umum;81.71;Umum
6633;Hotel communication management;658.45;658;Administrasi Niaga;Administrasi Niaga;85.65;Administrasi Niaga
6634;How to do everything with adobe acrobat 8;005.3;5;Teknik Informatika & Komputer;Teknik Informatika & Komputer;98.93;Teknik Informatika & Komputer
6635;How to manage performance : 24 lessons for improving performance;658;658;Administrasi Niaga;Administrasi Niaga;99.51;Administrasi Niaga
6636;Hukum bisnis dalam persepsi manusia modern;346.07;346;Umum;Umum;97.31;Umum
6637;Hukum ekonomi Islam (ekonomi syariah) di Indonesia;297.273;297;Umum;Umum;81.29;Umum
6638;Hukum kontk n bisnis mice;346.07;346;Umum;Umum;90.23;Umum
6639;Hukum perdata dan dagang;346;346;Umum;Umum;99.32;Umum
6640;Human computer interaction : Developing effective organizational information systems;004.019;4;Teknik Informatika & Komputer;Teknik Informatika & Komputer;90.0;Teknik Informatika & Komputer
6641;Human Relations : Strategis for success;158.7;158;Umum;Umum;94.04;Umum
6642;Human resource management for events managing the event workforce;658.3;658;Administrasi Niaga;Administrasi Niaga;88.45;Administrasi Niaga
6643;IFRS : Interpretation and aplication of international financial reporting standar;657.3;657;Akuntansi;Akuntansi;95.78;Akuntansi
6644;Ilmu ukur tanah 1;631.4;631;Umum;Umum;80.03;Umum, Sains
6645;Inilah bahasa Indonesia jurnalistik;499.221;499;Umum;Umum;86.97;Umum
6646;Inspeksi teknik;620.004;620;Teknik Mesin;Teknik Mesin;81.49;Teknik Mesin
6647;Instrusion detection system;004.65;4;Teknik Informatika & Komputer;Teknik Informatika & Komputer;100.0;Teknik Informatika & Komputer
6648;Interaction Design : beyond human-computer interaction;004.019;4;Teknik Informatika & Komputer;Teknik Informatika & Komputer;96.62;Teknik Informatika & Komputer
6650;International marketing : Pemasaran internasional;658.8;658;Administrasi Niaga;Administrasi Niaga;89.35;Administrasi Niaga
6651;Introduction business : Pengantar bisnis;650;650;Administrasi Niaga;Administrasi Niaga;95.07;Administrasi Niaga
6652;Introduction to chemical transport in the environment;628.52;628;Teknik Sipil;Teknik Sipil;90.37;Teknik Sipil
6653;Introduction to hydroulics and hydrology with applications for strormwater management;628.21;628;Teknik Sipil;Teknik Sipil;95.28;Teknik Sipil
6654;Introduction to management science with speadsheets;658;658;Administrasi Niaga;Administrasi Niaga;93.34;Administrasi Niaga
6655;Introduction to mechatronics and measurement systems;621.;621;Teknik Mesin;Teknik Mesin;66.28;Teknik Mesin, Teknik Elektro, Teknik Informatika & Komputer
6656;Jaringan komputer;004.65;4;Teknik Informatika & Komputer;Teknik Informatika & Komputer;98.29;Teknik Informatika & Komputer
6658;JAringan wireless di dunia berkembang;384.545 6;384;Administrasi Niaga;Administrasi Niaga;90.86;Administrasi Niaga
6659;Java Script & ajax : Learn javascript and ajax the quick and easy way;004.56;4;Teknik Informatika & Komputer;Teknik Informatika & Komputer;96.71;Teknik Informatika & Komputer
6664;Kapita selekta perpajakan;336.2;336;Akuntansi;Akuntansi;85.8;Akuntansi
6667;Kerja Proyek pelaksanaan;694.2;694;Teknik Sipil;Teknik Sipil;93.01;Teknik Sipil
6668;Kewirausahaan;658.421;658;Administrasi Niaga;Administrasi Niaga;100.0;Administrasi Niaga
6672;Komunikasi radio dan satelit;621.3125;621;Teknik Elektro;Teknik Elektro;94.25;Teknik Elektro
6673;Kontruksi beton prategang balok statis tertentu;624.19;624;Teknik Sipil;Teknik Sipil;100.0;Teknik Sipil
6674;Korespondensi bisnis modern;651.7;651;Administrasi Niaga;Administrasi Niaga;93.82;Administrasi Niaga
6675;Kronologi hidup budha;922.943;922;Umum;Umum;100.0;Umum
6676;Kursus Kilat Mandarin;495.1;495;Umum;Umum;93.91;Umum
6677;Layout workbook;686.22;686;Teknik Grafika & Penerbitan;Teknik Grafika & Penerbitan;86.05;Teknik Grafika & Penerbitan
6678;Lean six sigmafor supply Chain management : The 10-step solution process;658;658;Administrasi Niaga;Administrasi Niaga;94.48;Administrasi Niaga
6679;Learning web design;05.262;262;Umum;Teknik Informatika & Komputer;100.0;Teknik Informatika & Komputer
6680;Learning with LabVIEW 8;004.69;4;Teknik Informatika & Komputer;Teknik Informatika & Komputer;100.0;Teknik Informatika & Komputer
6681;Lembaga ekonomi syari'ah;332.1;332;Akuntansi;Akuntansi;79.04;Akuntansi, Administrasi Niaga
6682;Lembaga ekonomi syariah;332.1;332;Akuntansi;Akuntansi;94.34;Akuntansi
6684;Mahasati;813;813;Umum;Umum;100.0;Umum
6685;Mahir dalam 5 hari autocad 3d untuk teknik mesin;006.68;6;Teknik Informatika & Komputer;Teknik Informatika & Komputer;80.47;Teknik Informatika & Komputer, Teknik Mesin
6686;Manage Your Mind For Success;150;150;Umum;Umum;100.0;Umum
6687;Managing human resource;658.3;658;Administrasi Niaga;Administrasi Niaga;99.28;Administrasi Niaga
6688;Managing human respurces;658.3;658;Administrasi Niaga;Administrasi Niaga;95.51;Administrasi Niaga
6689;Managing quality : integrating the supply chain;658.562;658;Administrasi Niaga;Administrasi Niaga;98.71;Administrasi Niaga
6695;Manajemen pemasaran global;658.81;658;Administrasi Niaga;Administrasi Niaga;100.0;Administrasi Niaga
6697;Manajemen pemasaran jasa;658.81;658;Administrasi Niaga;Administrasi Niaga;100.0;Administrasi Niaga
6698;Manajemen pemasaran jilid 2;658.5;658;Administrasi Niaga;Administrasi Niaga;100.0;Administrasi Niaga
6699;Media ethics : Issues & cases;175;175;Umum;Umum;86.41;Umum
6701;Memahami amdal;628;628;Teknik Sipil;Teknik Sipil;84.8;Teknik Sipil
6702;Menggambar Tingkat Mahir;006.68;6;Teknik Informatika & Komputer;Teknik Informatika & Komputer;75.7;Teknik Informatika & Komputer
6703;Menjadi mahir dengan autocad 2007;005.73;5;Teknik Informatika & Komputer;Teknik Informatika & Komputer;100.0;Teknik Informatika & Komputer
6704;Menulis ilmiah : Metode penelitian kualitatif;001.42;1;Teknik Informatika & Komputer;Teknik Informatika & Komputer;90.52;Teknik Informatika & Komputer
6705;Mesin Listrik 1&2;621.3;621;Teknik Elektro;Teknik Elektro;96.82;Teknik Elektro
6706;Metode konstruksi untuk pekerjaan fondasi;624.092;624;Teknik Sipil;Teknik Sipil;91.07;Teknik Sipil
6707;Metode penulisan laporan;150;150;Umum;Umum;89.76;Umum
6708;Microsoft Acces 2007;005.369;5;Teknik Informatika & Komputer;Teknik Informatika & Komputer;100.0;Teknik Informatika & Komputer
6709;Microelectronics : Circuit analysis and design;621.381 5;621;Teknik Elektro;Teknik Elektro;100.0;Teknik Elektro
6710;Microsoft exel 2007;005.369;5;Teknik Informatika & Komputer;Teknik Informatika & Komputer;99.95;Teknik Informatika & Komputer
6711;Microsoft windows vista : Visual encyclopedia your visyual A to Z reference;005.3;5;Teknik Informatika & Komputer;Teknik Informatika & Komputer;89.01;Teknik Informatika & Komputer
6712;Moodle teaching techniques : Creative ways to use moodle for costructing online learning solutions;371;371;Umum;Umum;98.66;Umum
6713;Mukjizat Air;621.287;621;Teknik Mesin;Teknik Mesin;73.45;Teknik Mesin, Umum
6714;Nagabonar jadi 2 : apa kata dunia;813;813;Umum;Umum;98.24;Umum
6715;Negotiate your way to success : 24 steps to building agreement;658.405;658;Administrasi Niaga;Administrasi Niaga;83.43;Administrasi Niaga, Umum
6716;Network security essentials : applications and standars;005.8;5;Teknik Informatika & Komputer;Teknik Informatika & Komputer;100.0;Teknik Informatika & Komputer
6717;New business ventures and the entrepreneur;338.04;338;Administrasi Niaga;Administrasi Niaga;100.0;Administrasi Niaga
6718;Pasar modal di Indonesia;380.1;380;Administrasi Niaga;Administrasi Niaga;93.26;Administrasi Niaga
6719;Pemasaran di sektor publik : panduan praktis untuk meningkatkan kinerja pemerintah;658.8;658;Administrasi Niaga;Administrasi Niaga;86.57;Administrasi Niaga
6721;Pemrograman 1;005.3;5;Teknik Informatika & Komputer;Teknik Informatika & Komputer;87.43;Teknik Informatika & Komputer
6722;Pemrograman basis data dengan mysql;001.6;1;Teknik Informatika & Komputer;Teknik Informatika & Komputer;100.0;Teknik Informatika & Komputer
6727;Pendidikan kewarganegaraan : Membina bangsa memperkuat bela negara;323.6;323;Umum;Umum;100.0;Umum
6728;Pengantar Akuntansi I;657;657;Akuntansi;Akuntansi;100.0;Akuntansi
6729;Pengantar bisnis buku 1;650.1;650;Administrasi Niaga;Administrasi Niaga;100.0;Administrasi Niaga
6730;Pengantar Electronic-BAnking;332.1;332;Akuntansi;Akuntansi;89.86;Akuntansi
6731;Pengantar grafika komputer;006.6;6;Teknik Informatika & Komputer;Teknik Informatika & Komputer;100.0;Teknik Informatika & Komputer
6733;Pengantar perpajakan;336.2;336;Akuntansi;Akuntansi;100.0;Akuntansi
6734;Pengelolaan proyek ddengan microsoft project 2007;658.404;658;Administrasi Niaga;Administrasi Niaga;86.51;Administrasi Niaga
6735;Pengolahan Sinyal Digital & Sistem Pemrosesan Sinyal;004.16;4;Teknik Informatika & Komputer;Teknik Informatika & Komputer;82.27;Teknik Informatika & Komputer, Teknik Elektro
6736;Pengujian bahan 1 untuk mahasiswa div iv jalan tol;530;530;Teknik Elektro;Teknik Elektro;78.06;Teknik Elektro, Teknik Sipil
6737;Peranan mentoring project UKM...;297.07;297;Umum;Umum;69.58;Umum, Administrasi Niaga
6738;Perancangan elektronika berbantuan komputer;621.381;621;Teknik Elektro;Teknik Elektro;98.55;Teknik Elektro
6740;Perpustakaan digital;027;27;Teknik Informatika & Komputer;Teknik Informatika & Komputer;87.44;Teknik Informatika & Komputer
6741;Pokoknya menulis;372.623;372;Umum;Umum;95.99;Umum
6742;PPh pajak penghasilan;336.24;336;Akuntansi;Akuntansi;97.86;Akuntansi
6743;Praktikum antarmuka komputer;005.12;5;Teknik Informatika & Komputer;Teknik Informatika & Komputer;100.0;Teknik Informatika & Komputer
6744;Principles And Applications Of Electrical Engineering;621.3;621;Teknik Elektro;Teknik Elektro;98.29;Teknik Elektro
6745;Principles of project managemen6 : Prinsip-prinsip manajemen proyek;658.404;658;Administrasi Niaga;Administrasi Niaga;100.0;Administrasi Niaga
6747;Prinsip-prinsip ekonomi mikro;338.5;338;Administrasi Niaga;Administrasi Niaga;100.0;Administrasi Niaga
6748;Pro : Engineer wildfire 3.0;005.1;5;Teknik Informatika & Komputer;Teknik Informatika & Komputer;90.6;Teknik Informatika & Komputer
6749;Probability & statistics for engineers & scientists;519.21;519;Matematika;Matematika;100.0;Matematika
6750;Profesional hotel engineering;947.940 68;947;Umum;Umum;92.94;Umum
6751;Project management success with cmmi : seven cmmi process areas;658.404;658;Administrasi Niaga;Administrasi Niaga;95.45;Administrasi Niaga
6752;Public relations dalam praktek;659.2;659;Administrasi Niaga;Administrasi Niaga;91.65;Administrasi Niaga
6753;Public speaking is easy from fear to dare;808.51;808;Umum;Umum;87.42;Umum
6754;Purchesing and supplay management;658.7;658;Administrasi Niaga;Administrasi Niaga;96.63;Administrasi Niaga
6755;Radio system design for telecommunications;621.384;621;Teknik Elektro;Teknik Elektro;92.99;Teknik Elektro
6756;Ramalan kue pengantin;813;813;Umum;Umum;100.0;Umum
6757;Re-code : Your change DNA Membebaskan belenggu-belenggu untuk meraih keberanian dan keberhasilan dalam embaharuan;116;116;Umum;Umum;97.84;Umum
6758;Reformasi administrasi : Konsep, Dimensi, dan strategi;530;530;Teknik Elektro;Teknik Elektro;71.7;Teknik Elektro, Umum
6759;Robotika, sensor & aktuator;629.892;629;Teknik Mesin;Teknik Mesin;82.3;Teknik Mesin, Teknik Informatika & Komputer
6760;Sales magic for job seeker;155.25;155;Umum;Umum;80.56;Umum
6761;Services marketing people, technology, strategy;658.8;658;Administrasi Niaga;Administrasi Niaga;93.28;Administrasi Niaga
6763;Sistem kendali analogi;621.381;621;Teknik Elektro;Teknik Elektro;81.97;Teknik Elektro, Teknik Informatika & Komputer
6764;Sistem manajemen keselamatan & kesehatan kerja;658.408;658;Administrasi Niaga;Administrasi Niaga;81.5;Administrasi Niaga, Umum
6765;Smart answers in job interviews: Jawaban cerdas saat wawancara kerja;658.311.24;658;Administrasi Niaga;Administrasi Niaga;86.91;Administrasi Niaga
6766;Soemantri Brodjonegoro Teguh di jalan lurus;923.2;923;Umum;Umum;100.0;Umum
6767;Statistika terapan;519.5;519;Matematika;Matematika;85.3;Matematika
6768;Strategic Marketing : An Applied perspective;658.8;658;Administrasi Niaga;Administrasi Niaga;100.0;Administrasi Niaga
6769;Struktur data : Konsep dan implementasinya dalam bahasa C & free pascal di GNU LINUX;005.262;5;Teknik Informatika & Komputer;Teknik Informatika & Komputer;100.0;Teknik Informatika & Komputer
6770;Supplay chain logistics management;658.7;658;Administrasi Niaga;Administrasi Niaga;100.0;Administrasi Niaga
6772;Teknik audit berbantuan komputer;005.133;5;Teknik Informatika & Komputer;Teknik Informatika & Komputer;86.87;Teknik Informatika & Komputer
6773;Teknik lobi & diplomasi untuk insan public relations;328.3;328;Umum;Umum;69.34;Umum, Administrasi Niaga
6774;Teknik menggambar cepat;604.2;604;Teknik Mesin;Teknik Mesin;81.06;Teknik Mesin, Teknik Grafika & Penerbitan
6775;Teknik radio benda padat;621.381;621;Teknik Elektro;Teknik Elektro;82.72;Teknik Elektro
6778;Templates;745.59;745;Teknik Grafika & Penerbitan;Teknik Grafika & Penerbitan;87.92;Teknik Grafika & Penerbitan
6779;Teori dan soal-soal matematika diskret;510;510;Matematika;Matematika;97.79;Matematika
6780;The 8051 Microcontroller;004.165;4;Teknik Informatika & Komputer;Teknik Informatika & Komputer;100.0;Teknik Informatika & Komputer
6781;The choice pilihan;813;813;Umum;Umum;99.98;Umum
6782;The darling kindersley : Sejarah Dunia plantagenet somerset fry;333.79;333;Administrasi Niaga;Administrasi Niaga;66.02;Administrasi Niaga, Umum
6783;The economy tiday;330;330;Administrasi Niaga;Administrasi Niaga;98.68;Administrasi Niaga
6784;The management of technology and innovation : A strategic approach;658.514;658;Administrasi Niaga;Administrasi Niaga;90.11;Administrasi Niaga
6785;the oxford handbook of cognitive linguistics;410;410;Umum;Umum;100.0;Umum
6786;The pacaging and design templates sourcesbook;745.54;745;Teknik Grafika & Penerbitan;Teknik Grafika & Penerbitan;88.41;Teknik Grafika & Penerbitan
6787;To be a great leader;303.4;303;Umum;Umum;97.56;Umum
6788;Understanding computers today and tomorow;004;4;Teknik Informatika & Komputer;Teknik Informatika & Komputer;100.0;Teknik Informatika & Komputer
6790;Vibration of axially loaded structures;624.171;624;Teknik Sipil;Teknik Sipil;95.25;Teknik Sipil
6791;What the printer should know about paper;676.2;676;Teknik Mesin;Teknik Mesin;65.55;Teknik Mesin, Teknik Grafika & Penerbitan
6793;111 tip dan trik corel draw;005.3;5;Teknik Informatika & Komputer;Teknik Informatika & Komputer;93.31;Teknik Informatika & Komputer
6794;36 aplikasi grafis dan open source dahsyat untuk windows;005.268;5;Teknik Informatika & Komputer;Teknik Informatika & Komputer;100.0;Teknik Informatika & Komputer
6795;5 jam mahir CS3;005;5;Teknik Informatika & Komputer;Teknik Informatika & Komputer;97.85;Teknik Informatika & Komputer
6796;A Prepace to marketing management;658.8;658;Administrasi Niaga;Administrasi Niaga;100.0;Administrasi Niaga
6797;Accounting : Tools for business decision making;657;657;Akuntansi;Akuntansi;98.31;Akuntansi
6799;Administrasi Jaringan Menggunakan Linux Ubuntu 7;004.65;4;Teknik Informatika & Komputer;Teknik Informatika & Komputer;93.64;Teknik Informatika & Komputer
6800;Adobe after effects CS3 untuk pemula;006.7;6;Teknik Informatika & Komputer;Teknik Informatika & Komputer;100.0;Teknik Informatika & Komputer
6801;Advances in banking technology and management : Impact of ICT and CRM;332.1;332;Akuntansi;Akuntansi;89.79;Akuntansi
6802;Advances in banking technology and management : Impacts of ICT and CRM;332.1;332;Akuntansi;Akuntansi;80.16;Akuntansi, Administrasi Niaga
6804;Akuntansi biaya : penekanan manajerial;657.42;657;Akuntansi;Akuntansi;100.0;Akuntansi
6808;Akuntansi intermediate jil. 3;657;657;Akuntansi;Akuntansi;100.0;Akuntansi
6809;Akuntansi intermediate jilid 2;657.044;657;Akuntansi;Akuntansi;93.07;Akuntansi
6810;Akuntansi keuangan daerah : akuntansi sektor publik;657.48;657;Akuntansi;Akuntansi;90.29;Akuntansi
6811;Akuntansi Keuangan lanjutan 1;657;657;Akuntansi;Akuntansi;100.0;Akuntansi
6813;Akuntansi Perhotelan;657;657;Akuntansi;Akuntansi;91.38;Akuntansi
6814;Akuntansi Perpajakan;657.46;657;Akuntansi;Akuntansi;100.0;Akuntansi
6816;Akuntnsi sektor publik;657;657;Akuntansi;Akuntansi;100.0;Akuntansi
6817;Al-Qur'an dan tafsirnya;297.122 6;297;Umum;Umum;98.63;Umum
6818;Alat berat untuk konstruksi;621.902;621;Teknik Mesin;Teknik Mesin;87.22;Teknik Mesin
6819;Alat berat untuk proyek konstruksi;681.75;681;Teknik Mesin;Teknik Mesin;96.03;Teknik Mesin
6822;Analisis kredit untuk account office;332.7;332;Akuntansi;Akuntansi;95.04;Akuntansi
6823;Analisis regresi terapan dengan spss;310;310;Umum;Umum;78.95;Umum
6824;Analisis risiko perbankan syariah;332.1;332;Akuntansi;Akuntansi;89.31;Akuntansi
6825;Anatomi pariwisata;910.2;910;Umum;Umum;84.22;Umum, Administrasi Niaga
6826;Applied mathematic1;510;510;Matematika;Matematika;97.64;Matematika
6827;Applied mechanics for engineering technology;620.1;620;Teknik Mesin;Teknik Mesin;91.02;Teknik Mesin
6829;Aspek hukum reksa dana syariah di Indonesia;332.1229 7;332;Akuntansi;Akuntansi;81.27;Akuntansi, Umum
6830;Asuransi dan manajemen resiko;368;368;Umum;Umum;73.42;Umum, Administrasi Niaga
6832;Auditing 1;657.45;657;Akuntansi;Akuntansi;100.0;Akuntansi
6833;Auditing and assurance services and integrated aproach;657.836;657;Akuntansi;Akuntansi;90.49;Akuntansi
6834;Auditing dan jasa assurance;657;657;Akuntansi;Akuntansi;91.68;Akuntansi
6835;Auduiting dan jasa assurance : Pendekatan terintegrasi;657.836;657;Akuntansi;Akuntansi;100.0;Akuntansi
6836;Begining and intermediate algebra : The language and symbolism of mathematics;512;512;Matematika;Matematika;98.98;Matematika
6837;Begining web programming with HTML, XHTML, and CSS;605.262;605;Teknik Mesin;Teknik Mesin;64.34;Teknik Mesin, Teknik Informatika & Komputer
6838;Belajar cepat windows server 2008;005.1;5;Teknik Informatika & Komputer;Teknik Informatika & Komputer;100.0;Teknik Informatika & Komputer
6839;Belajar java secara visual dan interaktif;005.133;5;Teknik Informatika & Komputer;Teknik Informatika & Komputer;96.6;Teknik Informatika & Komputer
6840;Belajar mikrokontroler;004.64;4;Teknik Informatika & Komputer;Teknik Informatika & Komputer;100.0;Teknik Informatika & Komputer
6841;Bikin animasimu lebih hidup dengan 3D studio max;006.696;6;Teknik Informatika & Komputer;Teknik Informatika & Komputer;92.83;Teknik Informatika & Komputer
6842;Bisuness plan;650.1;650;Administrasi Niaga;Administrasi Niaga;99.11;Administrasi Niaga
6843;Breaking down : Awal yang indah;813;813;Umum;Umum;100.0;Umum
6844;Bridge engineering;624.253;624;Teknik Sipil;Teknik Sipil;100.0;Teknik Sipil
6845;Build your own line follower robot;629.892;629;Teknik Mesin;Teknik Mesin;82.57;Teknik Mesin, Teknik Informatika & Komputer
6847;Bunga Rampai Perpajakan;336.2;336;Akuntansi;Akuntansi;86.6;Akuntansi
6848;Business Accunting 2;657;657;Akuntansi;Akuntansi;95.31;Akuntansi
6849;Business driven information systems;655.403;655;Administrasi Niaga;Administrasi Niaga;96.64;Administrasi Niaga
6850;Business english : Writing for the global workplace;808.06665;808;Umum;Umum;92.98;Umum
6852;Cara menguasai autocad 2008;005.73;5;Teknik Informatika & Komputer;Teknik Informatika & Komputer;95.9;Teknik Informatika & Komputer
6853;Cara mudah belajar linux;005.1;5;Teknik Informatika & Komputer;Teknik Informatika & Komputer;96.82;Teknik Informatika & Komputer
6854;Cara mudah menyelesaikan matematika dengan mathematica;510.76;510;Matematika;Matematika;89.0;Matematika
6855;CMMI distiled : A Practical introduction to integrated process improvement;005.1068 5;5;Teknik Informatika & Komputer;Teknik Informatika & Komputer;99.2;Teknik Informatika & Komputer
6856;CMMI distilled;005.1;5;Teknik Informatika & Komputer;Teknik Informatika & Komputer;100.0;Teknik Informatika & Komputer
6857;CNC Programming handbook : a comprehensive guide to practical cnc programming;621.902 3;621;Teknik Mesin;Teknik Mesin;91.08;Teknik Mesin
6858;Color gamut mapping;686.23;686;Teknik Grafika & Penerbitan;Teknik Grafika & Penerbitan;88.0;Teknik Grafika & Penerbitan
6859;Color imaging : fundamentals and applications;621.3676;621;Teknik Elektro;Teknik Elektro;87.2;Teknik Elektro
6860;Construction equipment and methods : planning, innovation, safety;624.068;624;Teknik Sipil;Teknik Sipil;88.25;Teknik Sipil
6862;Consumer credit risk management;658.155;658;Administrasi Niaga;Administrasi Niaga;92.13;Administrasi Niaga
6864;Consumer credit risk manajement;658.155;658;Administrasi Niaga;Administrasi Niaga;100.0;Administrasi Niaga
6865;Contoh akta notaris dan akta di bawah tangan;347.016;347;Umum;Umum;97.97;Umum
6866;Corporate pinance;658.15;658;Administrasi Niaga;Administrasi Niaga;100.0;Administrasi Niaga
6867;Corrosion engineering : principles and practice;620.112;620;Teknik Mesin;Teknik Mesin;92.97;Teknik Mesin
6868;Dasar operasional bank;332.1;332;Akuntansi;Akuntansi;100.0;Akuntansi
6869;Dasar Pemrograman WEB Dinamis Menggunakan PHP;005.365;5;Teknik Informatika & Komputer;Teknik Informatika & Komputer;100.0;Teknik Informatika & Komputer
6873;Dasar-dasar ilmu hukum;340;340;Umum;Umum;92.84;Umum
6874;Demokrasi & politik desentralisasi;346.7;346;Umum;Umum;100.0;Umum
6875;Desain of uplift-resisting anchors for ships and submarines;623.862;623;Teknik Mesin;Teknik Mesin;75.97;Teknik Mesin
6876;Desain praktis beton prategang : Mengacu pada SK NSI 03-2874-2002;693.5;693;Teknik Sipil;Teknik Sipil;100.0;Teknik Sipil
6877;Designingand assessing course and curricula a practical guide;378.19;378;Umum;Umum;93.92;Umum
6878;Digital color management : encoding solutions;621.367;621;Teknik Elektro;Teknik Elektro;87.86;Teknik Elektro
6879;Digital system design with FPGAs and CPLDs;621.381;621;Teknik Elektro;Teknik Elektro;79.61;Teknik Elektro
6880;Dinamika tanah dan fondasi mesin;624.17;624;Teknik Sipil;Teknik Sipil;70.21;Teknik Sipil, Teknik Mesin
6882;Eko-Hidraulik : Pengelolaan sungai ramah lingkungan;627;627;Teknik Sipil;Teknik Sipil;91.95;Teknik Sipil
6883;Ekonomi makro islam : pendekatan teoritis;339;339;Administrasi Niaga;Administrasi Niaga;83.95;Administrasi Niaga
6888;Ekonomi pariwisata : Introduksi, informasi, dan aplikasi;338.4;338;Administrasi Niaga;Administrasi Niaga;99.04;Administrasi Niaga
6889;Ekonomi perusahaan;338.7;338;Administrasi Niaga;Administrasi Niaga;100.0;Administrasi Niaga
6890;Ekspor impor;351.8276;351;Umum;Administrasi Niaga;100.0;Administrasi Niaga
6895;Elemen mesin untuk teknik industri;620.11;620;Teknik Mesin;Teknik Mesin;100.0;Teknik Mesin
6897;Energi hijau : pilihan bijak menuju negeri mandiri energi;339.79;339;Administrasi Niaga;Administrasi Niaga;83.37;Administrasi Niaga
6898;Engineering documentation control handbook : Configuration management in industry;658.5;658;Administrasi Niaga;Administrasi Niaga;100.0;Administrasi Niaga
6899;Engineering fluid mechanics;620.106;620;Teknik Mesin;Teknik Mesin;84.2;Teknik Mesin, Teknik Elektro
6904;English for professional waiters6cSutanto Leo;420;420;Umum;Umum;99.77;Umum
6905;Epansor;813;813;Umum;Umum;100.0;Umum
6906;Essential guide to Takaful : Islamic Insurance;368;368;Umum;Umum;100.0;Umum
6907;Essential of entrepreneurship and small business management;338.04;338;Administrasi Niaga;Administrasi Niaga;100.0;Administrasi Niaga
6908;Essentials of human communication;302.2;302;Umum;Umum;97.2;Umum
6909;Estimasi biaya konstruksi bangunan sipil;690.068;690;Teknik Sipil;Teknik Sipil;95.99;Teknik Sipil
6910;Etika berwarga negara : Pendidikan kewarganegaraan di perguruan tinggi;323.6;323;Umum;Umum;100.0;Umum
6911;Etika keprotokolan;170;170;Umum;Umum;95.75;Umum
6912;Filsafat Ilmu Komunikasi;153.6;153;Umum;Umum;93.92;Umum
6913;Financial and managerial accounting;657;657;Akuntansi;Akuntansi;88.56;Akuntansi
6914;Fisika dasar : Untuk mahasiswa ilmu komputer;530;530;Teknik Elektro;Teknik Elektro;100.0;Teknik Elektro
6917;Fonologi bahasa indonesia : tinjauan deskriptif sistem bunyi bahasa Indonesia;414;414;Umum;Umum;97.64;Umum
6918;Foundations of computer science;004;4;Teknik Informatika & Komputer;Teknik Informatika & Komputer;99.59;Teknik Informatika & Komputer
6919;Fundamental financial accounting concepts;657.48;657;Akuntansi;Akuntansi;98.63;Akuntansi
6920;Fundamentals of thermal-fluid sciences;536.7;536;Teknik Elektro;Teknik Elektro;67.2;Teknik Elektro, Teknik Sipil
6921;General check up kelistrikan nasional;621.3;621;Teknik Elektro;Teknik Elektro;89.36;Teknik Elektro
6922;General english 2;428.24;428;Umum;Umum;100.0;Umum
6923;Generator, transformer, motor and compressor;621.46;621;Teknik Mesin;Teknik Mesin;73.42;Teknik Mesin, Teknik Elektro
6924;Geosintetik untuk rekayasa jalan raya : perancangan dan aplikasi;625.7;625;Teknik Sipil;Teknik Sipil;83.6;Teknik Sipil, Sains
6925;Grafika komputer;006.68;6;Teknik Informatika & Komputer;Teknik Informatika & Komputer;100.0;Teknik Informatika & Komputer
6926;Hal-hal baru word 2002, 2003, 2007;005.3;5;Teknik Informatika & Komputer;Teknik Informatika & Komputer;100.0;Teknik Informatika & Komputer
6927;Handbook on information technology in finance;657;657;Akuntansi;Akuntansi;99.87;Akuntansi
6928;Houskeeping hotel public area : Houseman section;648;648;Umum;Umum;90.62;Umum
6929;Hukum bisnis prinsip dan pelaksanaan;346.07;346;Umum;Umum;98.96;Umum
6930;Hukum investasi;346;346;Umum;Umum;95.05;Umum
6931;Hukum Lingkungan di Indonesia  : sebuah pengantar;341.76;341;Umum;Umum;90.05;Umum
6932;Ilmu ukur tanah 2;631.4;631;Umum;Umum;86.04;Umum
6933;Industrial design : Materials and manufacturing guide;745.2;745;Teknik Grafika & Penerbitan;Teknik Grafika & Penerbitan;78.82;Teknik Grafika & Penerbitan, Teknik Mesin
6934;Information systems essentials;658.4038;658;Administrasi Niaga;Administrasi Niaga;81.97;Administrasi Niaga
6936;Instalasi listrik domestik;621.3;621;Teknik Elektro;Teknik Elektro;93.81;Teknik Elektro
6938;Intermediate financial reporting : An IFRS perspective;657.3;657;Akuntansi;Akuntansi;85.3;Akuntansi
6939;Interpersonal Messages : Communication And Relationship Skill;158.2;158;Umum;Umum;100.0;Umum
6940;Introduction to health and safety in construction : The handbook for construction professionals and students on nebosh and other construction courses;613.6;613;Umum;Umum;94.48;Umum
6941;Introduction to management accounting;658.151;658;Administrasi Niaga;Administrasi Niaga;83.25;Administrasi Niaga, Akuntansi
6942;Joomla : Website Magic 2;005.269;5;Teknik Informatika & Komputer;Teknik Informatika & Komputer;96.17;Teknik Informatika & Komputer
6943;Jurnalism;070;70;Teknik Grafika & Penerbitan;Teknik Grafika & Penerbitan;92.17;Teknik Grafika & Penerbitan
6944;K-System perdagangan umum versi 8.10 : Program terpadu oprasional & akuntansi siap pakai;657.453;657;Akuntansi;Akuntansi;88.67;Akuntansi
6946;Kamus Indonesia-Inggris;413;413;Umum;Umum;99.19;Umum
6947;Kamus Inggris-Indonesia : an Indonesian-English dictionary;413;413;Umum;Umum;100.0;Umum
6948;Kamus pribahasa memahami arti dan kiasan pribahasa pepatah dan ungkapan;499.321;499;Umum;Umum;100.0;Umum
6949;Kekuatan bahan;620.11;620;Teknik Mesin;Teknik Mesin;84.81;Teknik Mesin
6950;Keselamatan dan kesehatan kerja dan hukum ketenagakerjaan;363.11;363;Umum;Umum;82.99;Umum
6952;Kewirausahaan dan manajemen usaha kecil;658.421;658;Administrasi Niaga;Administrasi Niaga;93.97;Administrasi Niaga
6954;Komponen elektronika;621.381;621;Teknik Elektro;Teknik Elektro;96.47;Teknik Elektro
6955;Komputasi matematika terapan I;510;510;Matematika;Matematika;100.0;Matematika
6956;Komputer grafis;006.68;6;Teknik Informatika & Komputer;Teknik Informatika & Komputer;98.76;Teknik Informatika & Komputer
6960;Komunikasi digital;621.382;621;Teknik Elektro;Teknik Elektro;100.0;Teknik Elektro
6961;Komunikasi propaganda;303.38;303;Umum;Umum;95.19;Umum
6963;Komunikasi Proraganda;303.38;303;Umum;Umum;100.0;Umum
6964;Konsep dasar kimia analitik;541.2;541;Teknik Sipil;Teknik Sipil;91.61;Teknik Sipil
6965;Konsep teknologi seluler;621.382;621;Teknik Elektro;Teknik Elektro;97.09;Teknik Elektro
6966;KUHP : Kitab Undang-Undang Hukum Pidana;345;345;Umum;Umum;98.16;Umum
6967;Kumpulan gambar teknik bangunan;604.2;604;Teknik Mesin;Teknik Mesin;76.61;Teknik Mesin, Teknik Sipil
6968;Lab Mikrokontroler;005.12;5;Teknik Informatika & Komputer;Teknik Informatika & Komputer;100.0;Teknik Informatika & Komputer
6969;LAboratorium digital 1 : Rangkaian kombinatorial;621.381;621;Teknik Elektro;Teknik Elektro;100.0;Teknik Elektro
6970;Laboratorium digital 2 : Sequential & Interpace;621.381;621;Teknik Elektro;Teknik Elektro;88.77;Teknik Elektro
6971;Laboratorium pengukuran dan rangkaian listrik;621.3;621;Teknik Elektro;Teknik Elektro;100.0;Teknik Elektro
6972;Laskar Pelangi;813;813;Umum;Umum;100.0;Umum
6973;Lembaga keuangan mikro : institusi, kinerja, dan sustanabilitas;332.1;332;Akuntansi;Akuntansi;89.26;Akuntansi
6974;Lembaga keuangan syariah;332.1;332;Akuntansi;Akuntansi;90.88;Akuntansi
6976;Lost in love;813;813;Umum;Umum;100.0;Umum
6977;Lulus psikotes calon karyawan BUMN swasta dilengkapi kunci jawabannya;155.2;155;Umum;Umum;95.76;Umum
6978;Machine tools handbook : design and operation;621.9;621;Teknik Mesin;Teknik Mesin;91.21;Teknik Mesin
6980;Makin artistik dan profesional dengan adobe after effect CS3;006.66;6;Teknik Informatika & Komputer;Teknik Informatika & Komputer;99.32;Teknik Informatika & Komputer
6981;Management : People, performance, change;658;658;Administrasi Niaga;Administrasi Niaga;100.0;Administrasi Niaga
6983;Management of a sales force;658.81;658;Administrasi Niaga;Administrasi Niaga;100.0;Administrasi Niaga
6984;Managing business and professional communication;658.45;658;Administrasi Niaga;Administrasi Niaga;95.76;Administrasi Niaga
6985;Manajemen alat berat untuk konstruksi;621.902;621;Teknik Mesin;Teknik Mesin;100.0;Teknik Mesin
6986;Manajemen dan teknik editorial;658;658;Administrasi Niaga;Administrasi Niaga;100.0;Administrasi Niaga
6988;Manajemen keuangan : prinsip dan penerapan;658.15;658;Administrasi Niaga;Administrasi Niaga;100.0;Administrasi Niaga
6989;Manajemen keuangan korporat;658.15;658;Administrasi Niaga;Administrasi Niaga;100.0;Administrasi Niaga
6990;Manajemen konstruksi 1;624;624;Teknik Sipil;Teknik Sipil;97.91;Teknik Sipil
6991;MAnajemen pemasartan jasa;658.8;658;Administrasi Niaga;Administrasi Niaga;100.0;Administrasi Niaga
6993;Manajemen produksi;658.2;658;Administrasi Niaga;Administrasi Niaga;100.0;Administrasi Niaga
6995;Manajemen resiko lembaga keuangan syariah;658.155;658;Administrasi Niaga;Administrasi Niaga;78.59;Administrasi Niaga, Akuntansi
6997;Manajemen tata kelola organisasi bisnis;658.1;658;Administrasi Niaga;Administrasi Niaga;100.0;Administrasi Niaga
6999;Manajemen teknologi;658.514;658;Administrasi Niaga;Administrasi Niaga;89.75;Administrasi Niaga
7000;Manufacturing processes for engineering material;670.285;670;Teknik Mesin;Teknik Mesin;100.0;Teknik Mesin
7002;Marketing research;658.83;658;Administrasi Niaga;Administrasi Niaga;100.0;Administrasi Niaga
7003;Marketing strategy and competitive positioning;658.848;658;Administrasi Niaga;Administrasi Niaga;100.0;Administrasi Niaga
7004;Matematika sekolah dasar dan menengah;510;510;Matematika;Matematika;87.69;Matematika
7005;Matematika terapan;510;510;Matematika;Matematika;100.0;Matematika
7006;Mechatronics : A multidicplinary Approach;621;621;Teknik Mesin;Teknik Mesin;81.87;Teknik Mesin, Teknik Informatika & Komputer
7009;Memahami laporan keuangan;657.3;657;Akuntansi;Akuntansi;94.76;Akuntansi
7010;Membangun sistem andal dengan delphi;005.113;5;Teknik Informatika & Komputer;Teknik Informatika & Komputer;100.0;Teknik Informatika & Komputer
7011;Membuat blog dengan multifly;005.3;5;Teknik Informatika & Komputer;Teknik Informatika & Komputer;100.0;Teknik Informatika & Komputer
7012;membuat jaringan komputer : tanpa bantuan teknisi;004.65;4;Teknik Informatika & Komputer;Teknik Informatika & Komputer;100.0;Teknik Informatika & Komputer
7013;Mempelai untuk nic;813;813;Umum;Umum;100.0;Umum
7016;Mengenal HAKI : hak kekayaan intelektual;346;346;Umum;Umum;96.49;Umum
7017;Mengenal teknik pengawetan kayu;641.4;641;Umum;Umum;82.96;Umum
7018;Mengenal teknik pengeringan kayu;621.91;621;Teknik Mesin;Teknik Mesin;82.25;Teknik Mesin
7019;Menggambar mesin iso;604.2;604;Teknik Mesin;Teknik Mesin;100.0;Teknik Mesin
7020;Menggambar teknik menggunakan autocad 2007;005.73;5;Teknik Informatika & Komputer;Teknik Informatika & Komputer;89.0;Teknik Informatika & Komputer
7021;Menulis karya ilmiah : Artikel, skripsi, tesis dan disertasi;001.42;1;Teknik Informatika & Komputer;Teknik Informatika & Komputer;73.22;Teknik Informatika & Komputer, Umum
7023;Mesin konversi energi;621.104;621;Teknik Mesin;Teknik Mesin;86.35;Teknik Mesin
7026;Metode elemen hingga untuk skeletal;624;624;Teknik Sipil;Teknik Sipil;51.43;Teknik Sipil, Teknik Mesin
7027;Metode konstruksi jembatan beton;693.5;693;Teknik Sipil;Teknik Sipil;95.36;Teknik Sipil
7029;Metode konstruksi proyek jalan;625.7;625;Teknik Sipil;Teknik Sipil;92.4;Teknik Sipil
7030;Metode penelitian kepustakaan;001.42;1;Teknik Informatika & Komputer;Teknik Informatika & Komputer;86.47;Teknik Informatika & Komputer
7031;Microlectronic Circuit Design;621.381;621;Teknik Elektro;Teknik Elektro;96.79;Teknik Elektro
7034;Moodle 1.9 e-learning course development : A complete guide to successful...;371;371;Umum;Umum;88.32;Umum
7035;Moodle Administration : An administratior's guide to configuring, securing, customijing, and extending moodle;371;371;Umum;Umum;86.03;Umum
7038;Mudah dan menyenangkan belajar mikrokontroler;004.64;4;Teknik Informatika & Komputer;Teknik Informatika & Komputer;100.0;Teknik Informatika & Komputer
7039;Mudah membangun server dengan fedora;004.6;4;Teknik Informatika & Komputer;Teknik Informatika & Komputer;100.0;Teknik Informatika & Komputer
7040;Next generation wireless applications : Creating mobile applications in a web 2.0 and mobile 2.0 world;621.384;621;Teknik Elektro;Teknik Elektro;77.04;Teknik Elektro, Teknik Informatika & Komputer
7041;Olive Kitteridge;813;813;Umum;Umum;98.74;Umum
7042;Opensuse 11.0 and suse linux enterprise server bible;005.432;5;Teknik Informatika & Komputer;Teknik Informatika & Komputer;100.0;Teknik Informatika & Komputer
7043;Oprations now supply chain profitability and perpormance;658.15;658;Administrasi Niaga;Administrasi Niaga;100.0;Administrasi Niaga
7044;Panduan Lengkap Menggunakan Nero8;004.563;4;Teknik Informatika & Komputer;Teknik Informatika & Komputer;96.47;Teknik Informatika & Komputer
7045;Panduan menjadi sekretaris profesional;651.3;651;Administrasi Niaga;Administrasi Niaga;98.94;Administrasi Niaga
7046;Panduan menulis untuk mahasiswa & pelajar;808.02;808;Umum;Umum;95.19;Umum
7047;Panduan mudah membuat animasi dapat dikerjakan kurang dari 10 menit;006.7;6;Teknik Informatika & Komputer;Teknik Informatika & Komputer;97.15;Teknik Informatika & Komputer
7048;Panduan mudah merakit dan menginstal server linux;004.425;4;Teknik Informatika & Komputer;Teknik Informatika & Komputer;91.12;Teknik Informatika & Komputer
7049;Panduan Untuk Menjadi MC Profesional;302.2;302;Umum;Umum;88.91;Umum
7050;Paradigma bahasa;410;410;Umum;Umum;98.13;Umum
7051;Paradigma, metodologi dan aplikasi ekonomi syariah;332.1;332;Akuntansi;Akuntansi;79.43;Akuntansi, Umum
7053;Pasar uang & pasar valuta asing;382.9;382;Administrasi Niaga;Administrasi Niaga;62.13;Administrasi Niaga, Akuntansi
7054;Pbb, bphtb, & bea meterai;336.22;336;Akuntansi;Akuntansi;84.36;Akuntansi
7055;Pedoman praktis pengembangan aplikasi web database menggunakan java server page;004.678;4;Teknik Informatika & Komputer;Teknik Informatika & Komputer;100.0;Teknik Informatika & Komputer
7056;Pemasaran bank;332.1;332;Akuntansi;Akuntansi;80.18;Akuntansi, Administrasi Niaga
7058;Pemasaran pariwisata internasional : sebuah pendekatan strategis;338.479 1;338;Administrasi Niaga;Administrasi Niaga;94.89;Administrasi Niaga
7059;Pemberdayaan SDM dan efektivitas organisasi;331.11;331;Administrasi Niaga;Administrasi Niaga;99.34;Administrasi Niaga
7060;Pemrograman 2;005.3;5;Teknik Informatika & Komputer;Teknik Informatika & Komputer;98.15;Teknik Informatika & Komputer
7062;Penegakan hukumlingkungan;341.76;341;Umum;Umum;96.63;Umum
7063;Penganaatar bisnis;650.1;650;Administrasi Niaga;Administrasi Niaga;100.0;Administrasi Niaga
7064;Pengantar akuntansi;657;657;Akuntansi;Akuntansi;100.0;Akuntansi
7065;Pengantar analisis kebijakan publik;353.03;353;Umum;Umum;89.82;Umum
7067;Pengantar ilmu telekomunikasi;621.382;621;Teknik Elektro;Teknik Elektro;74.8;Teknik Elektro
7069;Pengantar komunikasi massa : melek media & budaya;302.2;302;Umum;Umum;93.0;Umum
7070;Pengantar metode sttatistik Jilid 1;519.5;519;Matematika;Matematika;95.69;Matematika
7071;Pengantar teknik industri;620;620;Teknik Mesin;Teknik Mesin;92.12;Teknik Mesin
7072;Pengelolaan proyek dengan microsoft office projeck 2009;658.404;658;Administrasi Niaga;Administrasi Niaga;97.61;Administrasi Niaga
7073;Pengenalan teori warna;701.85;701;Teknik Grafika & Penerbitan;Teknik Grafika & Penerbitan;92.64;Teknik Grafika & Penerbitan
7074;Perancang bendung tetap;693.85;693;Teknik Sipil;Teknik Sipil;91.13;Teknik Sipil
7075;Perencanaan & Pengembangan pariwisata;338.479;338;Administrasi Niaga;Administrasi Niaga;82.45;Administrasi Niaga
7076;Perencanaan & pengendalian produksi;658.5;658;Administrasi Niaga;Administrasi Niaga;95.05;Administrasi Niaga
7077;Perencanaan struktur baja dengan metode LRFD;624.182;624;Teknik Sipil;Teknik Sipil;89.14;Teknik Sipil
7079;Perpajakn teori dan kasus;336.2;336;Akuntansi;Akuntansi;91.4;Akuntansi
7080;Petualangan tintin : Cerutu sang firaun;813;813;Umum;Umum;100.0;Umum
7081;Petualangan tintin : Pulau Hitam;813;813;Umum;Umum;92.85;Umum
7082;Petunjuk kerja las;671.520 28;671;Teknik Mesin;Teknik Mesin;92.56;Teknik Mesin
7083;Photo jurnalism;070.49;70;Teknik Grafika & Penerbitan;Teknik Grafika & Penerbitan;91.78;Teknik Grafika & Penerbitan
7084;Photoshop great tutorial;006.69;6;Teknik Informatika & Komputer;Teknik Informatika & Komputer;95.92;Teknik Informatika & Komputer
7085;PHP & MySQL untuk Pemula : MACDOMS;005.365;5;Teknik Informatika & Komputer;Teknik Informatika & Komputer;100.0;Teknik Informatika & Komputer
7086;Pidato yang mengubah dunia;809.5;809;Umum;Umum;98.79;Umum
7087;Potret kebijakan moneter indonesia;339.53;339;Administrasi Niaga;Administrasi Niaga;77.58;Administrasi Niaga, Akuntansi
7088;Power system engineering;621.389;621;Teknik Elektro;Teknik Elektro;92.77;Teknik Elektro
7089;Pragmatik dalam kesantunan tidak berbahasa pada masyarakat multilingual;411.52;411;Umum;Umum;98.15;Umum
7090;Praktik rangkaian elektronika 1;621.381;621;Teknik Elektro;Teknik Elektro;100.0;Teknik Elektro
7092;Precalculus;512;512;Matematika;Matematika;92.36;Matematika
7095;Print liberation : the screen printing primer;686.231 6;686;Teknik Grafika & Penerbitan;Teknik Grafika & Penerbitan;88.11;Teknik Grafika & Penerbitan
7096;Print media distribution;686.2;686;Teknik Grafika & Penerbitan;Teknik Grafika & Penerbitan;86.89;Teknik Grafika & Penerbitan
7097;Psikologi perkembangan anak;155.4;155;Umum;Umum;97.39;Umum
7098;Public finance;336;336;Akuntansi;Akuntansi;85.69;Akuntansi
7099;Public relations : From theory to practice;659.201;659;Administrasi Niaga;Administrasi Niaga;96.33;Administrasi Niaga
7100;Pucuk cinta bougenville;813;813;Umum;Umum;100.0;Umum
7101;Qualaity management, organization, and strategy;658.402 3;658;Administrasi Niaga;Administrasi Niaga;100.0;Administrasi Niaga
7103;Rangkaian listrik 1;621.3;621;Teknik Elektro;Teknik Elektro;93.24;Teknik Elektro
7104;RDBMS menggunakan MS SQL server 2000;005.74;5;Teknik Informatika & Komputer;Teknik Informatika & Komputer;100.0;Teknik Informatika & Komputer
7105;Rekayasa lalulintas;363.125;363;Umum;Umum;75.65;Umum
7106;Reparasi sistem pendinginan mesin mobil;644.5;644;Umum;Teknik Mesin;91.02;Teknik Mesin
7107;Saluran Transmisi;621.37;621;Teknik Elektro;Teknik Elektro;99.65;Teknik Elektro
7108;Sang Pemimpi;813;813;Umum;Umum;97.95;Umum
7109;SAT;510;510;Matematika;Matematika;88.71;Matematika
7110;Shigley's mechanical engineering design;621.815;621;Teknik Mesin;Teknik Mesin;100.0;Teknik Mesin
7111;Simply selling;380.1;380;Administrasi Niaga;Administrasi Niaga;98.89;Administrasi Niaga
7112;Sistem akuntansi perhotelan;657;657;Akuntansi;Akuntansi;91.83;Akuntansi
7113;Sistem basis data : tutorial konseptual;005.74;5;Teknik Informatika & Komputer;Teknik Informatika & Komputer;92.22;Teknik Informatika & Komputer
7114;Sistem informasi akuntansi : Accounting information system;657.0885;657;Akuntansi;Akuntansi;100.0;Akuntansi
7115;Sistem komunikasi bergerak;302.23;302;Umum;Umum;62.31;Umum, Teknik Elektro
7116;Social linguistics and literacies : ideplogy in discourses;410;410;Umum;Umum;100.0;Umum
7117;SQL server 2008 express;005.74;5;Teknik Informatika & Komputer;Teknik Informatika & Komputer;100.0;Teknik Informatika & Komputer
7118;Statistical techniques in business & economics;519.5;519;Matematika;Matematika;83.69;Matematika, Administrasi Niaga
7119;Statistics for Engineers and Scientists;519.5;519;Matematika;Matematika;84.78;Matematika
7126;Statistika : untuk ekonomi dan keuangan modern;519.5;519;Matematika;Matematika;78.61;Matematika
7127;Stoke A-Z;616.81;616;Umum;Umum;94.16;Umum
7128;Strategi pemasaran ritel;658.8;658;Administrasi Niaga;Administrasi Niaga;95.24;Administrasi Niaga
7129;Strategic corporate finance;658.15;658;Administrasi Niaga;Administrasi Niaga;100.0;Administrasi Niaga
7130;Survival : Teknik bertahan hidup di alam bebas;613.69;613;Umum;Umum;90.33;Umum
7131;Tanril;813;813;Umum;Umum;100.0;Umum
7132;Tata Kearsipan dengan Memanfaatkan Teknologi Modern;651.5;651;Administrasi Niaga;Administrasi Niaga;81.93;Administrasi Niaga
7133;Technical English materials for telecommunication engineering student;428.24;428;Umum;Umum;89.23;Umum
7134;Technology ventures from idea to enterprise;658.1;658;Administrasi Niaga;Administrasi Niaga;100.0;Administrasi Niaga
7135;Teknik Listrik;621.3;621;Teknik Elektro;Teknik Elektro;92.98;Teknik Elektro
7136;Teknik melukis dengan ....aplikasi grafis;006.68;6;Teknik Informatika & Komputer;Teknik Informatika & Komputer;100.0;Teknik Informatika & Komputer
7137;Teknik modern fotografi digital;778.3;778;Teknik Grafika & Penerbitan;Teknik Grafika & Penerbitan;86.57;Teknik Grafika & Penerbitan
7139;Teknologi bahan I;620.11;620;Teknik Mesin;Teknik Mesin;92.64;Teknik Mesin
7140;Teknologi motor diesel;621.436;621;Teknik Mesin;Teknik Mesin;100.0;Teknik Mesin
7142;Teori & praktik manajemen keuangan;658.15;658;Administrasi Niaga;Administrasi Niaga;100.0;Administrasi Niaga
7144;Termodinamika Dengan pendekatan aplikasi teknik;536.7;536;Teknik Elektro;Teknik Elektro;74.46;Teknik Elektro, Teknik Mesin
7146;The boy of my dreams : Cowok idaman;813;813;Umum;Umum;100.0;Umum
7147;the english paragraph;421.55;421;Umum;Umum;96.38;Umum
7148;The ultimate small business marketing toolkit : All the tips, forms, and strategies you'll ever need;658.8;658;Administrasi Niaga;Administrasi Niaga;96.17;Administrasi Niaga
7149;Thermodynamics : an engineering approach;536.7;536;Teknik Elektro;Teknik Elektro;77.33;Teknik Elektro, Teknik Mesin
7150;Thickness design;625;625;Teknik Sipil;Teknik Sipil;96.17;Teknik Sipil
7151;Toleransi geometris : referensi praktis membuat dan membaca gambar teknik;604.2;604;Teknik Mesin;Teknik Mesin;85.71;Teknik Mesin
7152;Transpor dan konversi energi nanoskala;621.402 1;621;Teknik Mesin;Teknik Mesin;74.96;Teknik Mesin
7153;Turbo : real world high - performance;621.42;621;Teknik Mesin;Teknik Mesin;88.02;Teknik Mesin
7154;Twilight;813;813;Umum;Umum;100.0;Umum
7155;Visual quickpro guide : PHP 6 & Mysql 5;005.262;5;Teknik Informatika & Komputer;Teknik Informatika & Komputer;100.0;Teknik Informatika & Komputer
7156;Wacana komunikasi : etiket dan norma wong-cilik abangan di jawa;302.2;302;Umum;Umum;95.99;Umum
7157;Water wells and pumps;628.14;628;Teknik Sipil;Teknik Sipil;79.22;Teknik Sipil
7158;Waters wells and pumps;621.64;621;Teknik Mesin;Teknik Mesin;76.63;Teknik Mesin, Teknik Sipil
7159;12 Jam belajar autocad;005.73;5;Teknik Informatika & Komputer;Teknik Informatika & Komputer;100.0;Teknik Informatika & Komputer
7160;17 jurus mempelajari Myob accounting 17;657.402;657;Akuntansi;Akuntansi;82.06;Akuntansi, Teknik Informatika & Komputer
7161;200 soal jawab akuntansi dasar;657;657;Akuntansi;Akuntansi;97.56;Akuntansi
7162;212 Tip Menguasai Adobe Photoshop CS4;006.68;6;Teknik Informatika & Komputer;Teknik Informatika & Komputer;99.23;Teknik Informatika & Komputer
7163;242 tip dan trik mengoptimalkan penggunaan excel 2007;005.3;5;Teknik Informatika & Komputer;Teknik Informatika & Komputer;97.34;Teknik Informatika & Komputer
7164;3DS max express : Mengungkap rahasia dapur film animasi dunia melalui konsep, teknik, dan praktek morphing karakter;006.693;6;Teknik Informatika & Komputer;Teknik Informatika & Komputer;85.03;Teknik Informatika & Komputer
7165;50 contoh perjanjian kontrak;346.02;346;Umum;Umum;98.8;Umum
7166;55 kreasi populer animasi cantik dengan adobe flash;006.7;6;Teknik Informatika & Komputer;Teknik Informatika & Komputer;86.72;Teknik Informatika & Komputer
7167;Adobe after effects CS4;006.68;6;Teknik Informatika & Komputer;Teknik Informatika & Komputer;100.0;Teknik Informatika & Komputer
7169;Adobe flash CS4;006.68;6;Teknik Informatika & Komputer;Teknik Informatika & Komputer;100.0;Teknik Informatika & Komputer
7170;Adobe premiere pro CS4 untuk pemula;005.7;5;Teknik Informatika & Komputer;Teknik Informatika & Komputer;100.0;Teknik Informatika & Komputer
7172;Advanced financial accounting : An IAS and IFRS aproach updated edition;657;657;Akuntansi;Akuntansi;100.0;Akuntansi
7174;Akuntansi Bank I;332.175;332;Akuntansi;Akuntansi;100.0;Akuntansi
7175;Akuntansi biaya : Cost accounting;657;657;Akuntansi;Akuntansi;100.0;Akuntansi
7176;Akuntansi Biaya : plus Latihan Mandiri : Kumpulan Soal-Soal Dan Penyelesaian;657.42;657;Akuntansi;Akuntansi;93.05;Akuntansi
7179;Akuntansi syariah Indonesia;657;657;Akuntansi;Akuntansi;95.19;Akuntansi
7180;Algoritma & pemrograman dengan c++;515.1;515;Matematika;Matematika;81.5;Matematika, Teknik Informatika & Komputer
7182;Analisis dan desain struktur beton bertulang;624.183 4;624;Teknik Sipil;Teknik Sipil;100.0;Teknik Sipil
7184;Analisis data kualitatif : buku sumber tentang metode-metode baru;001.42;1;Teknik Informatika & Komputer;Teknik Informatika & Komputer;88.98;Teknik Informatika & Komputer
7185;Analisis saham : pendekatan fundamental;332.6;332;Akuntansi;Akuntansi;99.0;Akuntansi
7187;Analisis saham pendekatan fundamental;332.6;332;Akuntansi;Akuntansi;94.52;Akuntansi
7188;analisis teks media : Suatu pengantar untuk analisis wacana, analisis semiotik, dan analisis framing;070;70;Teknik Grafika & Penerbitan;Teknik Grafika & Penerbitan;61.69;Teknik Grafika & Penerbitan, Umum, Teknik Informatika & Komputer
7189;Aneka surat sekretaris dan bisnis;651.7;651;Administrasi Niaga;Administrasi Niaga;98.59;Administrasi Niaga
7190;Anggaran MICE;658.154;658;Administrasi Niaga;Administrasi Niaga;84.13;Administrasi Niaga, Umum
7191;Aplied statics and strength of materials;620.112;620;Teknik Mesin;Teknik Mesin;81.91;Teknik Mesin, Teknik Elektro
7192;Aplikasi perkantoran dengan openoffice.org 2.4;005.3;5;Teknik Informatika & Komputer;Teknik Informatika & Komputer;81.01;Teknik Informatika & Komputer
7193;Aplikasi stok gudang access 2007;005.3;5;Teknik Informatika & Komputer;Teknik Informatika & Komputer;100.0;Teknik Informatika & Komputer
7194;Applied statistics in business and economics;519.5;519;Matematika;Matematika;84.6;Matematika, Administrasi Niaga
7195;Assesing the online learner : Rescurces and strategies for faculty;378.1;378;Umum;Umum;98.08;Umum
7197;Autocad 2004 2dimensi untuk pemula;005.73;5;Teknik Informatika & Komputer;Teknik Informatika & Komputer;95.27;Teknik Informatika & Komputer
7198;Ayo belajar mudah animasi flash CS4;006.7;6;Teknik Informatika & Komputer;Teknik Informatika & Komputer;97.63;Teknik Informatika & Komputer
7199;Bahasa Indonesia;410;410;Umum;Umum;100.0;Umum
7201;Bahasa indonesia untuk perguruan tinggi;410;410;Umum;Umum;100.0;Umum
7202;Bank & lembaga keuangan syariah;332.1;332;Akuntansi;Akuntansi;97.69;Akuntansi
7203;Bank soal TBS dan TPA;332.1;332;Akuntansi;Akuntansi;71.58;Akuntansi, Umum
7204;Bisnis, ekonomi, asuransi, dan keuangan syariah;368;368;Umum;Umum;86.22;Umum
7205;Bringing satellite television tp rural india;621.388;621;Teknik Elektro;Teknik Elektro;79.74;Teknik Elektro
7206;Buku ajar statistik;519.5;519;Matematika;Matematika;92.17;Matematika
7207;Burger, pizza & semur jengkol;813;813;Umum;Umum;100.0;Umum
7208;Bursa efek & investasi syariah;332.6;332;Akuntansi;Akuntansi;100.0;Akuntansi
7209;Business english I : Effective presentation;420;420;Umum;Umum;100.0;Umum
7210;Businesws and professional communication : Plans, proesses, and performance;658.45;658;Administrasi Niaga;Administrasi Niaga;100.0;Administrasi Niaga
7211;C++Programming : From Problem analysis to program design;005.1;5;Teknik Informatika & Komputer;Teknik Informatika & Komputer;93.6;Teknik Informatika & Komputer
7212;C++programming from problem analysis to program design;005.1;5;Teknik Informatika & Komputer;Teknik Informatika & Komputer;100.0;Teknik Informatika & Komputer
7213;Car advanced 3D modelling 3D studio max 9;006.693;6;Teknik Informatika & Komputer;Teknik Informatika & Komputer;100.0;Teknik Informatika & Komputer
7214;Cara mudah menggambar 2 dan 3 dimensi autocad;005.73;5;Teknik Informatika & Komputer;Teknik Informatika & Komputer;98.25;Teknik Informatika & Komputer
7215;Cara mudah menggambar 2 dimensi dan 3 dimensi autocad;005.73;5;Teknik Informatika & Komputer;Teknik Informatika & Komputer;95.3;Teknik Informatika & Komputer
7216;Catatan seorang demonstran;920.1;920;Umum;Umum;100.0;Umum
7217;Cepat menguasai bahasa jepang untuk bisnis, hotel, & pariwisata;495.6;495;Umum;Umum;93.34;Umum
7218;Chindia;330.951;330;Administrasi Niaga;Administrasi Niaga;72.8;Administrasi Niaga, Umum
7219;Ciber law : Aspek hukum TI;346.04;346;Umum;Umum;100.0;Umum
7220;Circuit analysis I with MATLAB computing and simulink/simpowersystems modeling;621.381;621;Teknik Elektro;Teknik Elektro;100.0;Teknik Elektro
7222;Consumer behavior : buying, having, and being;658.834;658;Administrasi Niaga;Administrasi Niaga;85.62;Administrasi Niaga
7223;Consumer credit models : Pricing, profit, and portfolios;332.7;332;Akuntansi;Akuntansi;82.95;Akuntansi, Administrasi Niaga
7225;Corporate information strategy management;658.403;658;Administrasi Niaga;Administrasi Niaga;98.46;Administrasi Niaga
7226;Creative advertising : ideas and techniques from the world's best campaigns;659.1;659;Administrasi Niaga;Administrasi Niaga;100.0;Administrasi Niaga
7227;Creative digital marketing;658.84;658;Administrasi Niaga;Administrasi Niaga;100.0;Administrasi Niaga
7228;Dasar penelitian dan statistika;001.42;1;Teknik Informatika & Komputer;Teknik Informatika & Komputer;84.22;Teknik Informatika & Komputer, Matematika
7229;Dasar perancangan & implementasi database relasional;005.74;5;Teknik Informatika & Komputer;Teknik Informatika & Komputer;97.32;Teknik Informatika & Komputer
7230;Dasar-dasar mesin perkakas;621.9;621;Teknik Mesin;Teknik Mesin;100.0;Teknik Mesin
7231;Dekstop publishing dengan adobe indesign cs4;006.68;6;Teknik Informatika & Komputer;Teknik Informatika & Komputer;71.78;Teknik Informatika & Komputer, Teknik Grafika & Penerbitan
7232;Delmar's standard textbook of electricity;621.3;621;Teknik Elektro;Teknik Elektro;89.03;Teknik Elektro
7233;Desain grafis dengan coreldraw x4;006.68;6;Teknik Informatika & Komputer;Teknik Informatika & Komputer;93.78;Teknik Informatika & Komputer
7234;Desain pencahayaan arsitektural;729;729;Teknik Grafika & Penerbitan;Teknik Grafika & Penerbitan;79.62;Teknik Grafika & Penerbitan
7235;Design Grafis Dengan CorelDRAW X4;006.68;6;Teknik Informatika & Komputer;Teknik Informatika & Komputer;91.85;Teknik Informatika & Komputer
7237;Digital image processing using MATLAB;621.367;621;Teknik Elektro;Teknik Elektro;82.99;Teknik Elektro
7238;Dikejar masa lalu;813;813;Umum;Umum;100.0;Umum
7239;Diktat analisa laporan keuangan;657.3;657;Akuntansi;Akuntansi;95.84;Akuntansi
7243;E-commerce : Business, technology, society;658.84;658;Administrasi Niaga;Administrasi Niaga;96.38;Administrasi Niaga
7244;E.O Pameran;659.15;659;Administrasi Niaga;Administrasi Niaga;90.48;Administrasi Niaga
7245;Editing video dengan adobe premiere pro CS4;006.7;6;Teknik Informatika & Komputer;Teknik Informatika & Komputer;93.94;Teknik Informatika & Komputer
7246;Efek animasi robor ekspresikan fantasimu di dunia robot dengan adobe flash CS4;006.7;6;Teknik Informatika & Komputer;Teknik Informatika & Komputer;100.0;Teknik Informatika & Komputer
7247;Effective project management;658.404;658;Administrasi Niaga;Administrasi Niaga;100.0;Administrasi Niaga
7248;Ekonomi & Manajemen Teknik;338.5;338;Administrasi Niaga;Administrasi Niaga;95.56;Administrasi Niaga
7249;Ekonomi Islam;297.63;297;Umum;Umum;95.4;Umum
7250;Ekonomi keuangan & kebijakan moneter;332;332;Akuntansi;Akuntansi;96.63;Akuntansi
7251;Ekonomi uang, perbankan, dan pasar keuangan;332.1;332;Akuntansi;Akuntansi;84.76;Akuntansi, Administrasi Niaga
7252;Elektronika daya;621.381;621;Teknik Elektro;Teknik Elektro;92.84;Teknik Elektro
7255;English for engineering;420;420;Umum;Umum;87.62;Umum
7257;Etika bisnis dan profesi : Tantangan membangun manusia seutuhnya;174.4;174;Umum;Umum;98.82;Umum
7258;"Etika komputer dan atanggung jawab profesional dibidang tekno;ogi informasi";658.403 8;658;Administrasi Niaga;Administrasi Niaga;69.35;Administrasi Niaga, Umum
7259;Fatwa-fatwa jual beli;297.273;297;Umum;Umum;100.0;Umum
7260;Fisika : Bahan listrik;530;530;Teknik Elektro;Teknik Elektro;100.0;Teknik Elektro
7262;Fisika bahan listrik;530;530;Teknik Elektro;Teknik Elektro;95.59;Teknik Elektro
7263;Fisika Bangunan;530;530;Teknik Elektro;Teknik Elektro;82.3;Teknik Elektro, Teknik Sipil
7264;Fisika dasar untuk mahasiswa ilmu komputer dan informatika;530;530;Teknik Elektro;Teknik Elektro;85.4;Teknik Elektro
7265;Fisika komputer untuk mahasiswa ilmu komputer dan informatika;530;530;Teknik Elektro;Teknik Elektro;72.26;Teknik Elektro, Teknik Informatika & Komputer
7267;Flow in open channels;628.14;628;Teknik Sipil;Teknik Sipil;96.09;Teknik Sipil
7268;Fundamental diesel engine;621.43;621;Teknik Mesin;Teknik Mesin;100.0;Teknik Mesin
7269;Fundamental of thermodynamics;536.7;536;Teknik Elektro;Teknik Elektro;98.54;Teknik Elektro
7270;Fundamentals of investments : valuation and management;658.155 4;658;Administrasi Niaga;Administrasi Niaga;92.1;Administrasi Niaga
7271;Gas turbine theory;621.433;621;Teknik Mesin;Teknik Mesin;96.09;Teknik Mesin
7272;Gedung beton bertulang tahan gempa;694.2;694;Teknik Sipil;Teknik Sipil;100.0;Teknik Sipil
7273;Giro dan Bilyet Giro;332.1;332;Akuntansi;Akuntansi;96.58;Akuntansi
7275;Hukum kontrak;346.022;346;Umum;Umum;94.22;Umum
7276;Human relation & public relation;659.2;659;Administrasi Niaga;Administrasi Niaga;82.81;Administrasi Niaga
7277;Identity theft handbook : Detection, and scurity;332.024;332;Akuntansi;Akuntansi;81.61;Akuntansi
7278;Ijinkan aku menjadi perempuan;813;813;Umum;Umum;100.0;Umum
7279;Ilmu sosial dasar;300;300;Umum;Umum;86.76;Umum
7280;Industri pertelevisian Indonesia : sebuah kajian;384.55;384;Administrasi Niaga;Administrasi Niaga;100.0;Administrasi Niaga
7281;Information design workbook : graphic approaches, solutions, and inspiration + 30 cas studies;686.22;686;Teknik Grafika & Penerbitan;Teknik Grafika & Penerbitan;85.44;Teknik Grafika & Penerbitan
7283;Introduction to business;650.1;650;Administrasi Niaga;Administrasi Niaga;87.68;Administrasi Niaga
7284;Introduction to color imaging science;621.381;621;Teknik Elektro;Teknik Elektro;74.55;Teknik Elektro
7285;Introduction to entrepreneurship;658.421;658;Administrasi Niaga;Administrasi Niaga;100.0;Administrasi Niaga
7286;Introduction to industrial : Organizational psychologu;158.7;158;Umum;Umum;100.0;Umum
7287;Investasi : pengelolaan keuangan bisnis dan pengembangan ekonomi masyarakat;332.6;332;Akuntansi;Akuntansi;76.95;Akuntansi, Administrasi Niaga
7288;Islamic human capital : Dari teori ke praktik manajemen sumber daya islam;297.63;297;Umum;Umum;79.3;Umum, Administrasi Niaga
7290;Islamic Money and Banking : Integrated money in capital theory;332.1;332;Akuntansi;Akuntansi;99.58;Akuntansi
7291;Jaringan komputer : Konsep dasar pengembangan jaringan dan keamanan jaringan;004.65;4;Teknik Informatika & Komputer;Teknik Informatika & Komputer;100.0;Teknik Informatika & Komputer
7292;Jurnalisme investigasi;070.4;70;Teknik Grafika & Penerbitan;Teknik Grafika & Penerbitan;90.42;Teknik Grafika & Penerbitan
7294;Jurnalistik : Teori dan praktik;070.4;70;Teknik Grafika & Penerbitan;Teknik Grafika & Penerbitan;86.94;Teknik Grafika & Penerbitan
7296;Kamus teknik;620.003;620;Teknik Mesin;Teknik Mesin;100.0;Teknik Mesin
7297;Kamus teknik lengkap;620.003;620;Teknik Mesin;Teknik Mesin;90.52;Teknik Mesin
7298;Kasmaran : sebuah memoar cinta;813;813;Umum;Umum;100.0;Umum
7299;Keajaiban Valentino rossi;920;920;Umum;Umum;100.0;Umum
7300;Kebebasan berkontrak : dan perlindungan yang seimbang bagi para pihak dalam ...;332.7;332;Akuntansi;Akuntansi;78.2;Akuntansi, Umum
7302;Kiat Jitu Melindungi & Mengamankan Komputer;005.84;5;Teknik Informatika & Komputer;Teknik Informatika & Komputer;94.51;Teknik Informatika & Komputer
7303;Kimia Organik;547;547;Teknik Sipil;Teknik Sipil;99.87;Teknik Sipil
7304;Kompetensi sekretaris profesional;651.374;651;Administrasi Niaga;Administrasi Niaga;100.0;Administrasi Niaga
7305;Komputer akuntansi MYOB;005;5;Teknik Informatika & Komputer;Teknik Informatika & Komputer;84.58;Teknik Informatika & Komputer, Akuntansi
7306;Komunikasi broad band;621.382;621;Teknik Elektro;Teknik Elektro;88.61;Teknik Elektro
7307;Konstruksi jalan raya : struktur & konstruksi jalan raya;625.7;625;Teknik Sipil;Teknik Sipil;100.0;Teknik Sipil
7308;Kreasi desain kaos distro dengan coreldraw;006.686;6;Teknik Informatika & Komputer;Teknik Informatika & Komputer;92.84;Teknik Informatika & Komputer
7309;Kupas tuntas teknologi wimax;004.6;4;Teknik Informatika & Komputer;Teknik Informatika & Komputer;95.3;Teknik Informatika & Komputer
7310;Layout essentials 100 design principles for using grids;686.22;686;Teknik Grafika & Penerbitan;Teknik Grafika & Penerbitan;84.56;Teknik Grafika & Penerbitan
7311;Lembaga keuangan mikro syari'ah : Pergulatan melawan kemiskinan & penetrasi ekonomi global;332.1;332;Akuntansi;Akuntansi;96.11;Akuntansi
7312;Lembaga keuangan mikro syariah;332.1;332;Akuntansi;Akuntansi;100.0;Akuntansi
7314;Mahir berbahasa Indonesia dengan benar;499.221;499;Umum;Umum;100.0;Umum
7318;Manajemen bisnis;658;658;Administrasi Niaga;Administrasi Niaga;100.0;Administrasi Niaga
7319;Manajemen Housekeeping Hotel;647.940;647;Umum;Umum;83.73;Umum, Administrasi Niaga
7320;Manajemen konsferensi dan event : Buku panduan bagi para planner organizer kegiatan konfrensi dan event, termasuk bagi mahasiswa individu,...;658.04;658;Administrasi Niaga;Administrasi Niaga;89.1;Administrasi Niaga
7322;Manajemen mutu penjaminan dan internasionalisasi perguruan tinggi di Indonesia;378.301;378;Umum;Umum;81.5;Umum, Administrasi Niaga
7330;Manajemen proyek konstruksi;658.404;658;Administrasi Niaga;Administrasi Niaga;90.13;Administrasi Niaga
7332;Manajemen risiko untuk kontraktor;658.155;658;Administrasi Niaga;Administrasi Niaga;96.91;Administrasi Niaga
7336;"Manajemen syari;ah : Implementasi TQM dalam lembaga keuangan syariah";658;658;Administrasi Niaga;Administrasi Niaga;94.2;Administrasi Niaga
7337;Mastering VPN client access di windows server 2008;004.65;4;Teknik Informatika & Komputer;Teknik Informatika & Komputer;99.01;Teknik Informatika & Komputer
7338;Matematika ekonomi dan keuangan;330.015 1;330;Administrasi Niaga;Administrasi Niaga;62.71;Administrasi Niaga, Matematika, Akuntansi
7339;Matematika II;510;510;Matematika;Matematika;100.0;Matematika
7340;Mayor Jendral Soeharto Panglima komando mandala pembebasan Irian Barat;920;920;Umum;Umum;100.0;Umum
7342;Membangun jaringan komputer;004.65;4;Teknik Informatika & Komputer;Teknik Informatika & Komputer;97.44;Teknik Informatika & Komputer
7343;Membuat mini games seru dengan flash;006.7;6;Teknik Informatika & Komputer;Teknik Informatika & Komputer;100.0;Teknik Informatika & Komputer
7344;Membuat tutorial interaktif dengan authorware 7.0;005.265;5;Teknik Informatika & Komputer;Teknik Informatika & Komputer;98.27;Teknik Informatika & Komputer
7345;Mempelajari WIMAX secara tutorial dan visual;384.5;384;Administrasi Niaga;Administrasi Niaga;93.0;Administrasi Niaga
7346;Memprogram mesin cnc dengan mastercam;005.265;5;Teknik Informatika & Komputer;Teknik Informatika & Komputer;89.02;Teknik Informatika & Komputer
7347;Mengenal dan merakit komputer;005.3;5;Teknik Informatika & Komputer;Teknik Informatika & Komputer;95.79;Teknik Informatika & Komputer
7349;Menguasai T-SQL query dan programming SQL Server 2008;005.74;5;Teknik Informatika & Komputer;Teknik Informatika & Komputer;94.38;Teknik Informatika & Komputer
7350;Menjadi penulis dan penyunting sukses: langkah jitu merangkai kata agar komunikatif, hidup, dan memikat;808.02;808;Umum;Umum;90.2;Umum
7351;Menjadi pribadi unggul;153.8;153;Umum;Umum;100.0;Umum
7352;Menjadi sutradara dan editor filmmu sendiri dengan ulead video studio pro X2;006.7;6;Teknik Informatika & Komputer;Teknik Informatika & Komputer;93.2;Teknik Informatika & Komputer
7354;Metode desain dan analisis sistem : Metode desain dan analisis sistem;005.1;5;Teknik Informatika & Komputer;Teknik Informatika & Komputer;81.11;Teknik Informatika & Komputer, Teknik Elektro
7355;Metode kerja bangunan sipil;624;624;Teknik Sipil;Teknik Sipil;89.37;Teknik Sipil
7357;Metode konstruksi dan alat-alat berat;690;690;Teknik Sipil;Teknik Sipil;98.24;Teknik Sipil
7358;Metode konstruksi jambatan beton;624.284;624;Teknik Sipil;Teknik Sipil;100.0;Teknik Sipil
7359;Metode matrik kekakuan analisis struktur;624.171;624;Teknik Sipil;Teknik Sipil;100.0;Teknik Sipil
7360;Metodologi riset bisnis;001.42;1;Teknik Informatika & Komputer;Teknik Informatika & Komputer;88.32;Teknik Informatika & Komputer
7361;Mikrofrosesor dan interfacing;004.6;4;Teknik Informatika & Komputer;Teknik Informatika & Komputer;100.0;Teknik Informatika & Komputer
7362;Model business letters;383.122;383;Administrasi Niaga;Administrasi Niaga;93.87;Administrasi Niaga
7363;Modeling of asphalt concrete;625.85;625;Teknik Sipil;Teknik Sipil;96.69;Teknik Sipil
7364;Modern power system control;621.309 2;621;Teknik Elektro;Teknik Elektro;72.1;Teknik Elektro
7365;Modern power system control : Desain analisis dan solusi kontrol tenaga listrik;621.309 2;621;Teknik Elektro;Teknik Elektro;98.54;Teknik Elektro
7366;Modern power systems analysis;511.8;511;Matematika;Matematika;71.19;Matematika, Teknik Elektro
7367;Modul microsoft word 2007;005.3;5;Teknik Informatika & Komputer;Teknik Informatika & Komputer;99.35;Teknik Informatika & Komputer
7368;Mudah dan cepat expert digital video editing dengan adobe premiere pro CS4;006.7;6;Teknik Informatika & Komputer;Teknik Informatika & Komputer;92.31;Teknik Informatika & Komputer
7369;Mudah membuat animasi 2D menggunakan adobe flash CS4;006.696;6;Teknik Informatika & Komputer;Teknik Informatika & Komputer;100.0;Teknik Informatika & Komputer
7370;Music magic with sibelius 5 : Membuat komposisi musik, mencetak lembaran partitur musik, dan juga menghasilkan musik dalam berbagai format dengan satu software saja;006.7;6;Teknik Informatika & Komputer;Teknik Informatika & Komputer;90.47;Teknik Informatika & Komputer
7371;Niebel's methods, standards, and work design;658.54;658;Administrasi Niaga;Administrasi Niaga;97.5;Administrasi Niaga
7373;Otonomi daerah terhadap pinjaman luar negeri : antara teori dan praktik;352.14;352;Umum;Umum;96.75;Umum
7374;Panduan accoun officer;332.1;332;Akuntansi;Akuntansi;100.0;Akuntansi
7375;Panduan lengkap flash CS4 [rofesional;006.7;6;Teknik Informatika & Komputer;Teknik Informatika & Komputer;100.0;Teknik Informatika & Komputer
7376;Panduan lengkap membangun sharing koneksi internet di windows, mikrotik, linux & open BSD;004.678;4;Teknik Informatika & Komputer;Teknik Informatika & Komputer;100.0;Teknik Informatika & Komputer
7377;Panduan lengkap menguasai openoffice 3.X;005.3;5;Teknik Informatika & Komputer;Teknik Informatika & Komputer;95.58;Teknik Informatika & Komputer
7378;Pasar modal;332.642;332;Akuntansi;Akuntansi;92.02;Akuntansi
7379;Pemeliharaan jalan raya : perkerasan drainase longsoran;625.7;625;Teknik Sipil;Teknik Sipil;100.0;Teknik Sipil
7380;Pemeriksaan manajemen internal audit;657.45;657;Akuntansi;Akuntansi;97.01;Akuntansi
7381;Pemrograman web berbasis open source;005.262;5;Teknik Informatika & Komputer;Teknik Informatika & Komputer;100.0;Teknik Informatika & Komputer
7382;Pendidikan kewarganegaraan untuk mahasiswa;323.6;323;Umum;Umum;98.82;Umum
7384;Penganggaran;658.154;658;Administrasi Niaga;Administrasi Niaga;86.91;Administrasi Niaga
7385;Penganggaran : Konsep dan teknik penyusunan anggaran;658.154;658;Administrasi Niaga;Administrasi Niaga;100.0;Administrasi Niaga
7386;Pengantar desain komunikasi visual;006.8;6;Teknik Informatika & Komputer;Teknik Informatika & Komputer;69.39;Teknik Informatika & Komputer, Teknik Grafika & Penerbitan
7387;Pengantar ilmu ekonomi;330;330;Administrasi Niaga;Administrasi Niaga;94.01;Administrasi Niaga
7390;Pengantar perbankan;332.1;332;Akuntansi;Akuntansi;100.0;Akuntansi
7391;Pengantar Teknologi informasi;004;4;Teknik Informatika & Komputer;Teknik Informatika & Komputer;100.0;Teknik Informatika & Komputer
7392;Pengelolaan keuangan daerah;332.1;332;Akuntansi;Akuntansi;94.29;Akuntansi
7393;Pengelolaan keuangan pada satuan kerja perangkat daerah (SKPD) dan BLU;332.1;332;Akuntansi;Akuntansi;93.13;Akuntansi
7394;Pengembangan web kreatif dengan adobe dream weaver cs4;006.68;6;Teknik Informatika & Komputer;Teknik Informatika & Komputer;99.97;Teknik Informatika & Komputer
7395;Pengendalian polusi kendaraan;344.04;344;Umum;Umum;54.27;Umum, Teknik Mesin
7396;Pengolahan Audio digital dengan adobe audition3.0;006.7;6;Teknik Informatika & Komputer;Teknik Informatika & Komputer;93.77;Teknik Informatika & Komputer
7397;Pengolahan data statistik dengan spss 16.0;005.74;5;Teknik Informatika & Komputer;Teknik Informatika & Komputer;91.48;Teknik Informatika & Komputer
7398;Penjadwalan mesin;620;620;Teknik Mesin;Teknik Mesin;93.3;Teknik Mesin
7399;Penyuntingan bahasa indonesia untuk karang mengarang;411;411;Umum;Umum;100.0;Umum
7400;Buku Pintar Penyuntingan naskah;808.027;808;Umum;Umum;100.0;Umum
7401;Perbankan dan masalah kredit : suatu tinjauan di bidang yuridis;346.082;346;Umum;Akuntansi;65.52;Akuntansi, Umum
7402;Perfect digital photography;778.6;778;Teknik Grafika & Penerbitan;Teknik Grafika & Penerbitan;97.52;Teknik Grafika & Penerbitan
7406;Practical bank letter writing : Menulis surat perbankan praktis;651.752;651;Administrasi Niaga;Administrasi Niaga;58.4;Administrasi Niaga, Akuntansi
7407;Prahara asmara : sucinya noda ...;813;813;Umum;Umum;100.0;Umum
7408;Praktek rangkaian elektronika 2;621.381;621;Teknik Elektro;Teknik Elektro;99.93;Teknik Elektro
7410;Principles of information security;005.8;5;Teknik Informatika & Komputer;Teknik Informatika & Komputer;89.5;Teknik Informatika & Komputer
7412;Principles of managerial finance;658.15;658;Administrasi Niaga;Administrasi Niaga;100.0;Administrasi Niaga
7413;Product and parocess design principles : Synthesis, Analysis, and Evaluation;660.281;660;Teknik Mesin;Teknik Mesin;88.02;Teknik Mesin
7414;Programmable logic controller : Teori pemrograman dan aplikasinya dalam otomasi sistem;629.89;629;Teknik Mesin;Teknik Mesin;82.73;Teknik Mesin, Teknik Informatika & Komputer
7415;Programmable logic controller : Teori, pemrograman dan aplikasinya dalam otomasi sistem;629.89;629;Teknik Mesin;Teknik Mesin;81.81;Teknik Mesin, Teknik Informatika & Komputer
7416;Proposal penelitian dengan contoh;001.42;1;Teknik Informatika & Komputer;Teknik Informatika & Komputer;89.2;Teknik Informatika & Komputer
7417;Prosedur periklanan;658.83;658;Administrasi Niaga;Administrasi Niaga;92.37;Administrasi Niaga
7418;Psikologi pelayanan jasa hotel, restoran, & Kafe;158.4;158;Umum;Umum;97.97;Umum
7419;Psikologi pendidikan;155.6;155;Umum;Umum;100.0;Umum
7422;Rahasia animasi visual FX mengagumkan ala hollywood;006.606;6;Teknik Informatika & Komputer;Teknik Informatika & Komputer;98.4;Teknik Informatika & Komputer
7423;Raksa dana;332.6;332;Akuntansi;Akuntansi;90.21;Akuntansi
7424;Rangkaian listrik 2;621.3;621;Teknik Elektro;Teknik Elektro;100.0;Teknik Elektro
7426;Reinforced concrete : Afundamental approach;693.5;693;Teknik Sipil;Teknik Sipil;100.0;Teknik Sipil
7427;Rekayasa perangkat lunak menggunakan UML dan JAva;005.1;5;Teknik Informatika & Komputer;Teknik Informatika & Komputer;100.0;Teknik Informatika & Komputer
7428;Reksa dana & peran serta tanggung jawab manajer investasi dalam pasar modal;332.6;332;Akuntansi;Akuntansi;95.84;Akuntansi
7429;Research methods for business : A skill building approach;650.072;650;Administrasi Niaga;Administrasi Niaga;85.79;Administrasi Niaga
7430;Retorika strategi teknik dan taktik pidato;808.5;808;Umum;Umum;95.33;Umum
7431;Retorika : strategi teknik dan taktik pidato;808.5;808;Umum;Umum;100.0;Umum
7434;Safety health environment & contamination;363.11;363;Umum;Umum;100.0;Umum
7435;Saluran trannsmisi telekomunkasi;621.382;621;Teknik Elektro;Teknik Elektro;100.0;Teknik Elektro
7436;Saluran udara tegangan extra tinggi : SUTET dan pengaruhnya terhadap kesehatan lingkungan;621.319;621;Teknik Elektro;Teknik Elektro;72.95;Teknik Elektro, Umum
7437;Scooters automatic transmission, 50 to 250cc two-wheel, carburated models;621.42;621;Teknik Mesin;Teknik Mesin;92.96;Teknik Mesin
7438;Seri membongkar misteri adobe flash CS4Profesional;006.7;6;Teknik Informatika & Komputer;Teknik Informatika & Komputer;100.0;Teknik Informatika & Komputer
7439;Seri otodidak : Belajar sendiri windows vista;005.1;5;Teknik Informatika & Komputer;Teknik Informatika & Komputer;93.23;Teknik Informatika & Komputer
7440;Seri Pengetahuan Pasar Modal: Reksa Dana dan Peran Serta Tanggung Jawab Manajer Investasi dalam Pasar Modal;332.6;332;Akuntansi;Akuntansi;100.0;Akuntansi
7441;Seri profesional pemrograman visual basic 2008;005.262;5;Teknik Informatika & Komputer;Teknik Informatika & Komputer;100.0;Teknik Informatika & Komputer
7442;Service operation;658.151 1;658;Administrasi Niaga;Administrasi Niaga;90.39;Administrasi Niaga
7443;Simply visual basic 2008 : An application-driven tutorial approach;005.262;5;Teknik Informatika & Komputer;Teknik Informatika & Komputer;99.3;Teknik Informatika & Komputer
7444;Single-sensor imaging : Methods and applications for digital cameras;771.3;771;Teknik Grafika & Penerbitan;Teknik Grafika & Penerbitan;80.0;Teknik Grafika & Penerbitan, Teknik Informatika & Komputer
7445;Sintesis senyawa organik;547.8;547;Teknik Sipil;Teknik Sipil;95.18;Teknik Sipil
7448;Sistem teknologi informasi : Pendekatan terintegrasi konsep dasar teknologi aplikasi pengembangan dan pengelolaan;658.403 8;658;Administrasi Niaga;Administrasi Niaga;92.32;Administrasi Niaga
7449;Sistem televisi dan multimedia;621.382;621;Teknik Elektro;Teknik Elektro;92.65;Teknik Elektro
7450;Small business management : an enterpreneur's guidebook;658.11;658;Administrasi Niaga;Administrasi Niaga;100.0;Administrasi Niaga
7451;Smart melly;813;813;Umum;Umum;100.0;Umum
7452;Social Psychology;302;302;Umum;Umum;97.68;Umum
7453;Software fm;005.4;5;Teknik Informatika & Komputer;Teknik Informatika & Komputer;100.0;Teknik Informatika & Komputer
7454;Solusi instan animasi karakter dengan adobe flash;778.534 7;778;Teknik Grafika & Penerbitan;Teknik Grafika & Penerbitan;72.39;Teknik Grafika & Penerbitan, Teknik Informatika & Komputer
7455;Sosiopragmatik;340.072;340;Umum;Umum;100.0;Umum
7456;Statistical quality control : A modern introduction;658.262;658;Administrasi Niaga;Administrasi Niaga;78.56;Administrasi Niaga, Matematika
7459;Statistik jilid 2;519.5;519;Matematika;Matematika;93.73;Matematika
7460;Statistika teknik;519.5;519;Matematika;Matematika;75.92;Matematika
7461;Step By Step Make Over Joomla;005269;5;Teknik Informatika & Komputer;Teknik Informatika & Komputer;94.43;Teknik Informatika & Komputer
7462;Strategic management of information systems;658.403;658;Administrasi Niaga;Administrasi Niaga;90.58;Administrasi Niaga
7463;Structural equation modeling : belajar lebih mudah teknik analisis data kuesioner dengan lisrel-PLS;519.535;519;Matematika;Matematika;89.43;Matematika
7464;Struktur data dengan c++;515.1;515;Matematika;Matematika;81.72;Matematika
7465;Sukses ++ wawancara kerja;658.85;658;Administrasi Niaga;Administrasi Niaga;99.76;Administrasi Niaga
7466;Takaful islamic insurance : Concept and regulatory issues;368;368;Umum;Umum;100.0;Umum
7467;Tanril : siege of krog naum;813;813;Umum;Umum;100.0;Umum
7468;Tanya Jawab perpajakan 2;336.7;336;Akuntansi;Akuntansi;90.87;Akuntansi
7469;Tata cara memasang instalasi listrik di rumah;621.3;621;Teknik Elektro;Teknik Elektro;86.34;Teknik Elektro
7470;Teknik antar muka dan pemrograman mikrokontroler AT89552;004.64;4;Teknik Informatika & Komputer;Teknik Informatika & Komputer;100.0;Teknik Informatika & Komputer
7472;Teknik Konversi energi listrik dan sistem penngaturan;621.312;621;Teknik Elektro;Teknik Elektro;87.15;Teknik Elektro
7473;Teknik pembuatan dengan adobe flash cs3;005.5;5;Teknik Informatika & Komputer;Teknik Informatika & Komputer;96.91;Teknik Informatika & Komputer
7474;Teknik pondasi pada lapisan batuan;624.1;624;Teknik Sipil;Teknik Sipil;84.12;Teknik Sipil
7475;Teknik sanitasi tepat guna;363.7;363;Umum;Umum;86.74;Umum
7476;Teknis pondasi pada lapisan batuan;624.1;624;Teknik Sipil;Teknik Sipil;90.71;Teknik Sipil
7478;Teori dan soal rangkaian listrik;621.3;621;Teknik Elektro;Teknik Elektro;92.59;Teknik Elektro
7479;Teori dasar rangkaian listrik;621.31;621;Teknik Elektro;Teknik Elektro;100.0;Teknik Elektro
7480;Teori mekanika dan analisis kekuatan bahan;620.105;620;Teknik Mesin;Teknik Mesin;85.67;Teknik Mesin
7481;the handbook of maintenance management;658.202;658;Administrasi Niaga;Administrasi Niaga;100.0;Administrasi Niaga
7482;The official u buntu book;005.43;5;Teknik Informatika & Komputer;Teknik Informatika & Komputer;100.0;Teknik Informatika & Komputer
7483;The plamber's troubleshooting guide;696.1;696;Teknik Sipil;Teknik Sipil;84.09;Teknik Sipil
7484;The qasflow avadrant;158.1;158;Umum;Umum;98.58;Umum
7485;Theory of strategic managemnt with cases;658;658;Administrasi Niaga;Administrasi Niaga;100.0;Administrasi Niaga
7486;Tip & Trik validasi data exel;005.3;5;Teknik Informatika & Komputer;Teknik Informatika & Komputer;100.0;Teknik Informatika & Komputer
7487;Tips mencegah stroke;616.81;616;Umum;Umum;95.0;Umum
7488;Ultimate game design : Building RPG games using adobe flash action script;005.3;5;Teknik Informatika & Komputer;Teknik Informatika & Komputer;100.0;Teknik Informatika & Komputer
7490;Vector analysis;515.9;515;Matematika;Matematika;95.92;Matematika
7491;Web application architecture : Principles, protocols and practices;005.12;5;Teknik Informatika & Komputer;Teknik Informatika & Komputer;91.37;Teknik Informatika & Komputer
7492;Writing matters : A handbook for writing and research;808.042;808;Umum;Umum;94.04;Umum
7493;145 bisnis top bagi siapa saja;650.1;650;Administrasi Niaga;Administrasi Niaga;96.11;Administrasi Niaga
7494;145 freware pilihan untuk bebragai kebutuhan;005.3;5;Teknik Informatika & Komputer;Teknik Informatika & Komputer;100.0;Teknik Informatika & Komputer
7495;212 tip & trik Access 2010;005.3;5;Teknik Informatika & Komputer;Teknik Informatika & Komputer;98.07;Teknik Informatika & Komputer
7496;3D studio max 2010 : dasar dan aplikasi;006.7;6;Teknik Informatika & Komputer;Teknik Informatika & Komputer;100.0;Teknik Informatika & Komputer
7497;40 tool dahsyat untuk mengelola bisnis UKM;004;4;Teknik Informatika & Komputer;Teknik Informatika & Komputer;81.55;Teknik Informatika & Komputer
7498;48 jam kupas tuntas mikrokontroler MCS51 AVR;004.64;4;Teknik Informatika & Komputer;Teknik Informatika & Komputer;84.69;Teknik Informatika & Komputer, Teknik Elektro
7499;7 jam belajar interaktif access 2010 untuk orang awam;005.3;5;Teknik Informatika & Komputer;Teknik Informatika & Komputer;100.0;Teknik Informatika & Komputer
7500;7 projects crazy videos adobe premiere pro;006.7;6;Teknik Informatika & Komputer;Teknik Informatika & Komputer;89.21;Teknik Informatika & Komputer
7504;Adobe after effects CS4 untuk kreasi efek video;006.7;6;Teknik Informatika & Komputer;Teknik Informatika & Komputer;97.03;Teknik Informatika & Komputer
7505;Adobe flash CS4 untuk pembuatan animasi interaktif;006.7;6;Teknik Informatika & Komputer;Teknik Informatika & Komputer;98.1;Teknik Informatika & Komputer
7506;Adobe flash cs5 untuk membuat animasi kartun;006.68;6;Teknik Informatika & Komputer;Teknik Informatika & Komputer;97.19;Teknik Informatika & Komputer
7507;Adobe flash Rich multimedia application : Sebuah integrasi antara aplikasi multimedia dan database dalam menghasilkan rich multimedia application;006.7;6;Teknik Informatika & Komputer;Teknik Informatika & Komputer;92.19;Teknik Informatika & Komputer
7508;Adobe fpash CS4;006.7;6;Teknik Informatika & Komputer;Teknik Informatika & Komputer;100.0;Teknik Informatika & Komputer
7509;Adobe ilustrator CS5;006.68;6;Teknik Informatika & Komputer;Teknik Informatika & Komputer;100.0;Teknik Informatika & Komputer
7510;Advertising by design: generating and designing creative ideas across media;659.1;659;Administrasi Niaga;Administrasi Niaga;91.19;Administrasi Niaga
7511;Advertising media planning;659.111;659;Administrasi Niaga;Administrasi Niaga;100.0;Administrasi Niaga
7513;Akuntansi keuangan lanjutan : Perspektif Indonesia;657;657;Akuntansi;Akuntansi;100.0;Akuntansi
7514;Akuntansi Keuangan Lanjutan : Perspektif Indonesia Adfanced Financial Accounting;657;657;Akuntansi;Akuntansi;100.0;Akuntansi
7515;Akuntansi koparasi;657.9;657;Akuntansi;Akuntansi;100.0;Akuntansi
7519;Analisa laporan keuangan perbankan syariah;332.1;332;Akuntansi;Akuntansi;96.53;Akuntansi
7520;Analisis laporan keuangan perbankan syariah;657.3;657;Akuntansi;Akuntansi;96.97;Akuntansi
7521;Analisis regresi dengan ms excel 2007 dan spss 17;005.3;5;Teknik Informatika & Komputer;Teknik Informatika & Komputer;79.03;Teknik Informatika & Komputer
7522;Analisis teknikal di bursa efek;332.041;332;Akuntansi;Akuntansi;79.15;Akuntansi
7523;Aplikasi animasi digital : Adobe photoshop, Adobe Premiere, Adobe After Effect, 3D Studio Max;006.696;6;Teknik Informatika & Komputer;Teknik Informatika & Komputer;98.28;Teknik Informatika & Komputer
7524;Aplikasi komputer 1 untuk teknik alat berat;005;5;Teknik Informatika & Komputer;Teknik Informatika & Komputer;84.81;Teknik Informatika & Komputer, Teknik Mesin
7525;Aplikasi most wanted untuk media USB;004.5;4;Teknik Informatika & Komputer;Teknik Informatika & Komputer;99.15;Teknik Informatika & Komputer
7526;Aplikasi program database inventory dengan microsoft visual foxpro;005.74;5;Teknik Informatika & Komputer;Teknik Informatika & Komputer;93.86;Teknik Informatika & Komputer
7527;"Arsitektur digita;";720.22;720;Teknik Grafika & Penerbitan;Teknik Grafika & Penerbitan;80.63;Teknik Grafika & Penerbitan
7528;Aspek hukum lembaga keuangan syariah;343.03;343;Umum;Umum;76.48;Umum, Akuntansi
7529;Automotive technology : a systems approach;629.2;629;Teknik Mesin;Teknik Mesin;97.47;Teknik Mesin
7530;Autumn in paris;813;813;Umum;Umum;100.0;Umum
7532;Balok dan pelat beton bertulang;624.19;624;Teknik Sipil;Teknik Sipil;90.23;Teknik Sipil
7533;Bank management & financial services;332.1;332;Akuntansi;Akuntansi;100.0;Akuntansi
7534;Bank soal tes psikometri;153.93;153;Umum;Umum;86.51;Umum
7535;Bank syariah : teori, kebijakan, dan studi empiris di Indonesia;332.1;332;Akuntansi;Akuntansi;93.56;Akuntansi
7536;Barry's Advanced construction of buildings;690;690;Teknik Sipil;Teknik Sipil;96.26;Teknik Sipil
7537;Barry's introduction to contruction of buildings;690;690;Teknik Sipil;Teknik Sipil;100.0;Teknik Sipil
7538;Basic electrical engineering;621.302;621;Teknik Elektro;Teknik Elektro;92.05;Teknik Elektro
7539;Basic pack;779;779;Teknik Grafika & Penerbitan;Teknik Grafika & Penerbitan;98.51;Teknik Grafika & Penerbitan
7540;Basic pembuatan maket;721.22;721;Teknik Grafika & Penerbitan;Teknik Grafika & Penerbitan;93.63;Teknik Grafika & Penerbitan
7541;Basics konstruksi kayu;691.1;691;Teknik Sipil;Teknik Sipil;95.35;Teknik Sipil
7542;Basics pembuatan maket;721.22;721;Teknik Grafika & Penerbitan;Teknik Grafika & Penerbitan;87.97;Teknik Grafika & Penerbitan
7543;Becoming a graphic designer : a guide to careers in design;741.6;741;Teknik Grafika & Penerbitan;Teknik Grafika & Penerbitan;89.28;Teknik Grafika & Penerbitan
7544;Belajar mudah riset operasional;003;3;Teknik Informatika & Komputer;Teknik Informatika & Komputer;74.58;Teknik Informatika & Komputer
7545;Berpikir kritis : strategi untuk pengambilan keputusan;153.42;153;Umum;Umum;100.0;Umum
7546;Beton bertulang;691.3;691;Teknik Sipil;Teknik Sipil;95.57;Teknik Sipil
7547;Beton bertulang : sebuah pendekatan mendasar;693.5;693;Teknik Sipil;Teknik Sipil;95.74;Teknik Sipil
7549;Beton bertulang Jilid 1 : sebuah pendekatan mendasar;693.5;693;Teknik Sipil;Teknik Sipil;100.0;Teknik Sipil
7551;Buku pintar ekonomi syariah;332.1;332;Akuntansi;Akuntansi;89.83;Akuntansi
7554;Buku pintar robotika : Bagaimana merancang dan membuat robot sendiri;629.892;629;Teknik Mesin;Teknik Mesin;99.02;Teknik Mesin
7555;Bung Hatta dan ekonomi Islam : menangkap makna maqashid al syariah;923.3;923;Umum;Umum;97.25;Umum
7556;Business & profesional ethics for directors, executives & accountants;174.4;174;Umum;Umum;88.25;Umum
7559;Cepat kuasai PHP dan MySQL;005.3;5;Teknik Informatika & Komputer;Teknik Informatika & Komputer;97.56;Teknik Informatika & Komputer
7560;CMOS : Circuit design, layout, and simulation;621.397 32;621;Teknik Elektro;Teknik Elektro;89.29;Teknik Elektro
7561;Complementation cross-linguistic typology;410.72;410;Umum;Umum;97.07;Umum
7562;Construction project : scheduling and control;690.068;690;Teknik Sipil;Teknik Sipil;98.71;Teknik Sipil
7563;Construction technology : analysis and choice;693.62;693;Teknik Sipil;Teknik Sipil;92.29;Teknik Sipil
7565;Cost accounting;657;657;Akuntansi;Akuntansi;95.18;Akuntansi
7566;Credit risk measurement in and out of the financial crisis : New approaches to value at risk and other paradigms;332.12;332;Akuntansi;Akuntansi;100.0;Akuntansi
7567;Css untuk orang awam : Mendesain website tanpa tabel;004.678;4;Teknik Informatika & Komputer;Teknik Informatika & Komputer;95.32;Teknik Informatika & Komputer
7568;Dasar-dasar kimia organik;546.7;546;Teknik Sipil;Teknik Sipil;95.28;Teknik Sipil
7569;Dasar-dasar mesin perkakas CNC 2 : Mesin perkakas CNC frais unit produksi;621.9;621;Teknik Mesin;Teknik Mesin;97.69;Teknik Mesin
7570;Dasar-dasar pemasaran bank syariah;332.1;332;Akuntansi;Akuntansi;98.74;Akuntansi
7571;Dasar-dasar pengertian hospitaliti dan pariwisata;910.2;910;Umum;Umum;70.58;Umum, Administrasi Niaga
7573;Dasar-dasar sinyal & siste;621.382;621;Teknik Elektro;Teknik Elektro;83.31;Teknik Elektro, Teknik Mesin
7574;Dasar-dasar sinyal & sistem;005.54;5;Teknik Informatika & Komputer;Teknik Informatika & Komputer;83.11;Teknik Informatika & Komputer
7576;Dasar-dasar sinyal dan sistem;005.54;5;Teknik Informatika & Komputer;Teknik Informatika & Komputer;79.27;Teknik Informatika & Komputer
7577;Database concepts;005.74;5;Teknik Informatika & Komputer;Teknik Informatika & Komputer;100.0;Teknik Informatika & Komputer
7578;Database systems : a practical approach to design, implementation and management;005.74;5;Teknik Informatika & Komputer;Teknik Informatika & Komputer;92.48;Teknik Informatika & Komputer
7579;De' jurnalis - gak narsis, gak eksis juga;813;813;Umum;Umum;99.07;Umum
7580;Delphi 2010 programming;001.82;1;Teknik Informatika & Komputer;Teknik Informatika & Komputer;100.0;Teknik Informatika & Komputer
7582;Depeloping and managing a succesful payment cards business;332.765;332;Akuntansi;Akuntansi;83.94;Akuntansi, Administrasi Niaga
7583;Desain komunikasi visual teori dan aplikasi;006.8;6;Teknik Informatika & Komputer;Teknik Informatika & Komputer;74.61;Teknik Informatika & Komputer, Teknik Grafika & Penerbitan
7585;Design and assesing cources fraoud audi;364.163;364;Umum;Umum;47.51;Umum, Teknik Informatika & Komputer, Teknik Elektro
7587;Design web dan animasi;004.6;4;Teknik Informatika & Komputer;Teknik Informatika & Komputer;100.0;Teknik Informatika & Komputer
7588;Designing the user interpace : Strategies for effective human computer interaction;005.437;5;Teknik Informatika & Komputer;Teknik Informatika & Komputer;93.71;Teknik Informatika & Komputer
7589;Digital design for print and web;621.38;621;Teknik Elektro;Teknik Elektro;60.29;Teknik Elektro, Teknik Grafika & Penerbitan
7590;Digital design of signal processing system a practice approach;621.382 2;621;Teknik Elektro;Teknik Elektro;100.0;Teknik Elektro
7591;Digital Image Processing;621.367;621;Teknik Elektro;Teknik Elektro;76.67;Teknik Elektro, Teknik Informatika & Komputer
7592;Dua wajah : cinta si buruk rupa;813;813;Umum;Umum;100.0;Umum
7595;EDP Audit : Praktek teknik audit berbantuan komputer dengan aplikasi MS Excel dan ACL;657.028 5;657;Akuntansi;Akuntansi;79.37;Akuntansi, Teknik Informatika & Komputer
7597;Electric machines : steady state, transients, and design with MATLAB;621.310;621;Teknik Elektro;Teknik Elektro;81.26;Teknik Elektro, Teknik Mesin
7598;Electronic commerce2010 a managerial perspective;658.84;658;Administrasi Niaga;Administrasi Niaga;100.0;Administrasi Niaga
7600;Elements of mechanical engineering;621.82;621;Teknik Mesin;Teknik Mesin;94.69;Teknik Mesin
7601;Elusidasi struktur senyawa organik;547.4;547;Teknik Sipil;Teknik Sipil;100.0;Teknik Sipil
7602;Energi : sumberdaya, inovasi, tenaga listrik, dan potensi ekonomi EDISI KETIGA;339.79;339;Administrasi Niaga;Administrasi Niaga;87.77;Administrasi Niaga
7603;Energi terbarukan;621.042;621;Teknik Mesin;Teknik Mesin;95.66;Teknik Mesin
7604;Energy storage : a new approach;621.042;621;Teknik Mesin;Teknik Mesin;77.01;Teknik Mesin, Teknik Elektro
7605;Engineering mechanics dynamics;620.1;620;Teknik Mesin;Teknik Mesin;100.0;Teknik Mesin
7606;English 1 for heavy equipment;420;420;Umum;Umum;95.32;Umum
7607;English 2 for business administration students;420;420;Umum;Umum;93.85;Umum
7608;English for mice 2;420;420;Umum;Umum;98.68;Umum
7611;Event managrment : An asian perspective;658;658;Administrasi Niaga;Administrasi Niaga;69.71;Administrasi Niaga, Umum
7612;Federal government construction contracts : a practical guide for the industry professional;346.02;346;Umum;Umum;95.41;Umum
7613;Fiber optic communication systems;621.382 75;621;Teknik Elektro;Teknik Elektro;100.0;Teknik Elektro
7614;Fiber-optic communication systems;621.381;621;Teknik Elektro;Teknik Elektro;97.78;Teknik Elektro
7615;Filsafat dan etika komunikasi : Aspek ontologis, epistemologis dan aksiologis dalam memandang ilmu komunikasi;174.4;174;Umum;Umum;97.72;Umum
7621;Fisika dasar : listrik-magnet, optika, fisika modern;530;530;Teknik Elektro;Teknik Elektro;100.0;Teknik Elektro
7622;Fisika kuantum : teori & aplikasi;539;539;Teknik Elektro;Teknik Elektro;98.7;Teknik Elektro
7623;Fisika terapan 1;530;530;Teknik Elektro;Teknik Elektro;86.67;Teknik Elektro
7626;Forbes best business mistake;650;650;Administrasi Niaga;Administrasi Niaga;97.47;Administrasi Niaga
7627;Formwork for concrete;693.5;693;Teknik Sipil;Teknik Sipil;80.44;Teknik Sipil
7628;Fundamentals of hydraulic engineerni systems;627;627;Teknik Sipil;Teknik Sipil;76.11;Teknik Sipil, Teknik Mesin
7629;Fungsi-fungsi khusus : dilengkapi dengan deret fourier & transformasi integral;510;510;Matematika;Matematika;81.37;Matematika
7630;Gambar teknik untuk mahasis politeknik jurusan teknik sipil semester 1;604.2;604;Teknik Mesin;Teknik Mesin;82.2;Teknik Mesin
7631;Gas installation technology;696.2;696;Teknik Sipil;Teknik Sipil;74.84;Teknik Sipil, Teknik Mesin
7632;Geographical information system with arcGIS 9.X : Principles, techniques, applications, and management;912;912;Umum;Umum;64.54;Umum, Teknik Informatika & Komputer
7633;Geographical information systems with ArcGIS 9.x;912;912;Umum;Umum;85.01;Umum
7634;Get your articles published;070.5;70;Teknik Grafika & Penerbitan;Teknik Grafika & Penerbitan;87.05;Teknik Grafika & Penerbitan
7635;Get your book published;070.5;70;Teknik Grafika & Penerbitan;Teknik Grafika & Penerbitan;95.28;Teknik Grafika & Penerbitan
7637;Graphic design school: principles and practice of graphic design;741.6;741;Teknik Grafika & Penerbitan;Teknik Grafika & Penerbitan;92.07;Teknik Grafika & Penerbitan
7638;Hak kekayaan intelektual (HKI) di era global : sebuah kajian kontemporer;346;346;Umum;Umum;84.44;Umum
7639;Harris'shock and vibration handbook;620.3;620;Teknik Mesin;Teknik Mesin;85.15;Teknik Mesin
7640;Hidrodinamika dasar bangunan laut;532.5;532;Teknik Elektro;Teknik Elektro;83.25;Teknik Elektro
7641;Hidrologi dan pengolahan daerah aliran sungai;551.328;551;Sains;Sains;87.46;Sains
7643;Hukum dan etika bisnis;174;174;Umum;Umum;100.0;Umum
7644;Hukum kontrak dan bisnis : Arbitase dan alternatif penyelesaian sengketa online;346.02;346;Umum;Umum;100.0;Umum
7645;Hukum pajak elementer : konsep dasar perpajakan Indonesia;343.04;343;Umum;Umum;81.59;Umum, Akuntansi
7646;Hukum pajak formal : pendaftaran, pembayaran, pelaporan, penetapan, penagihan, penyelesaian sengketa, dan tindak pidana pajak;343.04;343;Umum;Umum;90.67;Umum
7647;Hukum pajak material : objek, subjek, dasar pengenaan pajak, tarif pajak, dan cara perhitungan pajak;343.04;343;Umum;Umum;85.53;Umum
7648;IBM database DB2 for beginers;005.265;5;Teknik Informatika & Komputer;Teknik Informatika & Komputer;90.01;Teknik Informatika & Komputer
7649;IFRS inter financial report;657.3;657;Akuntansi;Akuntansi;100.0;Akuntansi
7650;Ilmu bahan grafika;771.5;771;Teknik Grafika & Penerbitan;Teknik Grafika & Penerbitan;93.27;Teknik Grafika & Penerbitan
7651;Industrial motor control;621.46;621;Teknik Mesin;Teknik Mesin;97.32;Teknik Mesin
7652;Information technology for retailing;025.52;25;Teknik Informatika & Komputer;Teknik Informatika & Komputer;100.0;Teknik Informatika & Komputer
7653;International accounting;657.96;657;Akuntansi;Akuntansi;91.84;Akuntansi
7654;Introduction to fluid mechanics;620.106;620;Teknik Mesin;Teknik Mesin;74.46;Teknik Mesin, Teknik Elektro
7655;Introductory circuit analysis;621.3;621;Teknik Elektro;Teknik Elektro;92.31;Teknik Elektro
7656;Invesment analysis and portopolio management;332.6;332;Akuntansi;Akuntansi;98.4;Akuntansi
7657;Islamic Banking : Sistem bank islam bukan hanya solusi menghadapi krisis namun solusi menghadapi berbagai persoalan perbankan & ekonomi global sebuah;332.1;332;Akuntansi;Akuntansi;88.26;Akuntansi
7658;Jago gambar pake komputer;006.6;6;Teknik Informatika & Komputer;Teknik Informatika & Komputer;83.98;Teknik Informatika & Komputer, Teknik Grafika & Penerbitan
7659;Jago tune up + merawat skuter matik sendiri;629.227 5;629;Teknik Mesin;Teknik Mesin;97.25;Teknik Mesin
7660;Jurnalistik : Petunjuk teknis menulis berita;070.4;70;Teknik Grafika & Penerbitan;Teknik Grafika & Penerbitan;99.52;Teknik Grafika & Penerbitan
7661;Kalimat Jurnalistik : Panduan mencermati penulisan berita;070.4;70;Teknik Grafika & Penerbitan;Teknik Grafika & Penerbitan;89.24;Teknik Grafika & Penerbitan
7663;Kamus istilah ekonomi dan bisnis;330.03;330;Administrasi Niaga;Administrasi Niaga;91.85;Administrasi Niaga
7664;Kapita Selekta : Pengelolaan industri;658.5;658;Administrasi Niaga;Administrasi Niaga;100.0;Administrasi Niaga
7665;Kapita selekta ekonomi islam konteporer;297.273;297;Umum;Umum;99.32;Umum
7666;Kepemimpinan Dalam Organisasi;303.34;303;Umum;Umum;76.03;Umum, Administrasi Niaga
7667;Kesehatan, keselamatan dan keamanan kerja bidang perhotelan;363.11;363;Umum;Umum;98.36;Umum
7669;Keselamatan kerja peralatan bengkel dan perawatan mesin;363.11;363;Umum;Umum;63.3;Umum, Teknik Mesin
7671;Keselamatan kesehatan kerja;383.11;383;Administrasi Niaga;Administrasi Niaga;65.01;Administrasi Niaga, Umum
7674;Keywords in News & Jurnalism studies;070.4;70;Teknik Grafika & Penerbitan;Teknik Grafika & Penerbitan;91.86;Teknik Grafika & Penerbitan
7675;Kiat jitu menulis & menerbitkan biku;070.5;70;Teknik Grafika & Penerbitan;Teknik Grafika & Penerbitan;88.77;Teknik Grafika & Penerbitan
7677;Kinetika Reaksi Biokatalisis;531.113;531;Teknik Elektro;Teknik Elektro;68.5;Teknik Elektro, Teknik Informatika & Komputer
7678;Kolaborasi adobe premiere pro CS5 dan after effects CS5 untuk video editing profesional;006.7;6;Teknik Informatika & Komputer;Teknik Informatika & Komputer;96.59;Teknik Informatika & Komputer
7679;Kolom fondasi & balok T beton bertulang;624.153;624;Teknik Sipil;Teknik Sipil;100.0;Teknik Sipil
7680;Komunikasi jaringan nirlaba;004.6;4;Teknik Informatika & Komputer;Teknik Informatika & Komputer;93.33;Teknik Informatika & Komputer
7681;Konstruksi jalan raya : geometrik jalan;625.7;625;Teknik Sipil;Teknik Sipil;79.88;Teknik Sipil
7682;Konstruksi kayu;691.1;691;Teknik Sipil;Teknik Sipil;100.0;Teknik Sipil
7683;Korespondensi dalam pengelolaan bisnis mice untuk mahasiswa mice : Meeting Incentive Converence and Exhibition;651.6;651;Administrasi Niaga;Administrasi Niaga;100.0;Administrasi Niaga
7684;Kredit sindikasi : proses, teknik pemberian, dan aspek hukumnya;346.07;346;Umum;Umum;97.0;Umum
7685;Kunci sukses memasarkan jasa pariwisata;658.81;658;Administrasi Niaga;Administrasi Niaga;100.0;Administrasi Niaga
7686;Kupas tuntas adobe after effects CS5;006.7;6;Teknik Informatika & Komputer;Teknik Informatika & Komputer;100.0;Teknik Informatika & Komputer
7687;Kupas tuntas adobe dreamweaver CS5 dengan pemrograman PHP-MySQL;005.3;5;Teknik Informatika & Komputer;Teknik Informatika & Komputer;100.0;Teknik Informatika & Komputer
7688;Kupas tuntas editing video dengan adobe premiere pro CS5;006.6;6;Teknik Informatika & Komputer;Teknik Informatika & Komputer;100.0;Teknik Informatika & Komputer
7689;Laboratorium pengolahan sinyal digital;629.832;629;Teknik Mesin;Teknik Mesin;80.78;Teknik Mesin
7690;Laboratorium sistem energi refrigerasi heat pump dan ac;621.55;621;Teknik Mesin;Teknik Mesin;90.16;Teknik Mesin
7692;Lessons from the financial crisis : causes, consequences, and our economic future;330.9;330;Administrasi Niaga;Administrasi Niaga;83.95;Administrasi Niaga, Akuntansi
7693;Linear Algebra with applications;512.5;512;Matematika;Matematika;89.64;Matematika
7694;Linux all in one for dummies;005.43;5;Teknik Informatika & Komputer;Teknik Informatika & Komputer;98.36;Teknik Informatika & Komputer
7695;Logo design love : a guide to creating iconic brand identities;006.7;6;Teknik Informatika & Komputer;Teknik Informatika & Komputer;79.56;Teknik Informatika & Komputer
7696;Mahir manipulasi fungsi string PHP 5;005.262;5;Teknik Informatika & Komputer;Teknik Informatika & Komputer;98.8;Teknik Informatika & Komputer
7698;Maintenance planning, coordination, & scheduling;658.5;658;Administrasi Niaga;Administrasi Niaga;76.59;Administrasi Niaga
7700;Management information systems for the information age;658.403;658;Administrasi Niaga;Administrasi Niaga;100.0;Administrasi Niaga
7701;Managing engineering and technology : An introduction to management for engineers;620.006;620;Teknik Mesin;Teknik Mesin;85.03;Teknik Mesin
7702;Managing information technology projects;658.4038;658;Administrasi Niaga;Administrasi Niaga;78.43;Administrasi Niaga
7704;Manajemen keuangan 2 : Untuk program MICE semester vi;658.15;658;Administrasi Niaga;Administrasi Niaga;100.0;Administrasi Niaga
7706;Manajemen kredit;658.88;658;Administrasi Niaga;Administrasi Niaga;100.0;Administrasi Niaga
7708;Manajemen perbankan : konsep, teknik & aplikasi;658.151 1;658;Administrasi Niaga;Administrasi Niaga;87.27;Administrasi Niaga
7710;Manajemen perusahaan koperasi : pokok-pokok pikiran mengenai manajemen dan kewirausahaan koperasi;658.04;658;Administrasi Niaga;Administrasi Niaga;100.0;Administrasi Niaga
7711;Manajemen strategi hotel : strategi meningkatkan inovasi dan kinerja;658.4;658;Administrasi Niaga;Administrasi Niaga;78.72;Administrasi Niaga, Umum
7713;Manufacturing processes for design professionals;670.285;670;Teknik Mesin;Teknik Mesin;87.99;Teknik Mesin
7714;Marketing 3.0 : From Products to Customers to the Human Spirit;658.8;658;Administrasi Niaga;Administrasi Niaga;100.0;Administrasi Niaga
7715;Marketing 3.0 : mulai dari produk ke pelanggan ke human spirit;658.8;658;Administrasi Niaga;Administrasi Niaga;100.0;Administrasi Niaga
7716;Matematika 1 untuk mahasiswa teknik telekomunikasi semester satu;510;510;Matematika;Matematika;97.52;Matematika
7717;Matematika terapan untuk bisnis;519;519;Matematika;Matematika;100.0;Matematika
7718;Material teknik listrik;621.3;621;Teknik Elektro;Teknik Elektro;74.85;Teknik Elektro, Teknik Mesin
7719;Materials and design : the art and science of material selection in product design;620.112;620;Teknik Mesin;Teknik Mesin;83.5;Teknik Mesin
7720;Mathcad : bikin berhitung mudah;512.9;512;Matematika;Matematika;93.63;Matematika
7721;Mechanical diesel engine1;621.43;621;Teknik Mesin;Teknik Mesin;100.0;Teknik Mesin
7723;Media : Impact Pengantar media massa;302.23;302;Umum;Umum;99.37;Umum
7724;Media convergence;384.55;384;Administrasi Niaga;Administrasi Niaga;77.35;Administrasi Niaga, Umum
7725;Mekanika Tanah 1;624.15;624;Teknik Sipil;Teknik Sipil;100.0;Teknik Sipil
7726;Mekanika tanah 2;624.15;624;Teknik Sipil;Teknik Sipil;100.0;Teknik Sipil
7727;Mekanika tanah untuk tanah endapan dan residu;624.151 36;624;Teknik Sipil;Teknik Sipil;90.64;Teknik Sipil
7730;Mekatronika;621;621;Teknik Mesin;Teknik Mesin;64.03;Teknik Mesin, Teknik Elektro, Teknik Informatika & Komputer
7733;Membangun aplikasi inventori dan penjualan terintegrasi;005.74;5;Teknik Informatika & Komputer;Teknik Informatika & Komputer;92.03;Teknik Informatika & Komputer
7734;Membuat sendiri biodiesel : bahan bakar alternatif pengganti solar;665.538 4;665;Teknik Mesin;Teknik Mesin;94.99;Teknik Mesin
7735;Mencapai sukses dengan networking : seni membangun kontak personal;004.65;4;Teknik Informatika & Komputer;Teknik Informatika & Komputer;80.86;Teknik Informatika & Komputer
7736;Mengelola jaringan lebih efektif dan efisien pada linux fedora dan windows XP;004.65;4;Teknik Informatika & Komputer;Teknik Informatika & Komputer;99.32;Teknik Informatika & Komputer
7737;Mengembangkan aplikasi basis data menggunakan C1 dan SQL server;005.118;5;Teknik Informatika & Komputer;Teknik Informatika & Komputer;99.1;Teknik Informatika & Komputer
7738;Menggunakan 3D studio max 2010;006.693;6;Teknik Informatika & Komputer;Teknik Informatika & Komputer;90.12;Teknik Informatika & Komputer
7739;Menguak Rahasia Keamanan dan Kinerja Windows 7;005.43;5;Teknik Informatika & Komputer;Teknik Informatika & Komputer;97.28;Teknik Informatika & Komputer
7740;Merancang karya tulis ilmiah;001.4;1;Teknik Informatika & Komputer;Teknik Informatika & Komputer;89.96;Teknik Informatika & Komputer
7741;Mesin Listrik 1 : Untuk mahasiswa semester 4 program studi teknik konversi energi;621.3;621;Teknik Elektro;Teknik Elektro;96.37;Teknik Elektro
7742;Mesin pemindah bahan;621.8;621;Teknik Mesin;Teknik Mesin;91.03;Teknik Mesin
7743;Mesin pemindah bahan : material handling equipment;621.8;621;Teknik Mesin;Teknik Mesin;92.58;Teknik Mesin
7744;Mesin perkakas : teori kejuruan teknik;621.9;621;Teknik Mesin;Teknik Mesin;99.06;Teknik Mesin
7745;Metallography principles and practice;669.95;669;Teknik Sipil;Teknik Sipil;78.81;Teknik Sipil
7748;Metode penelitian ilmu sosial;001.43;1;Teknik Informatika & Komputer;Teknik Informatika & Komputer;86.16;Teknik Informatika & Komputer
7749;Metode pengambilan keputusan kuantitatif;001.42;1;Teknik Informatika & Komputer;Teknik Informatika & Komputer;91.14;Teknik Informatika & Komputer
7750;Microsoft exel 2010 pemrograman VBA : Macro exel dilenhgkapi dengan contoh dan listing program;005.349;5;Teknik Informatika & Komputer;Teknik Informatika & Komputer;100.0;Teknik Informatika & Komputer
7751;Microsoft office 2010 untuk dunia bisnis;005.3;5;Teknik Informatika & Komputer;Teknik Informatika & Komputer;98.51;Teknik Informatika & Komputer
7752;Microsoft word 2010 untuk skripsi, tesis & Karya ilmiah;005.369;5;Teknik Informatika & Komputer;Teknik Informatika & Komputer;98.41;Teknik Informatika & Komputer
7754;Modeling karakter animasi kartun 3D dengan 3ds Max 2010;006.606;6;Teknik Informatika & Komputer;Teknik Informatika & Komputer;92.48;Teknik Informatika & Komputer
7755;Modern english Indonesia dictionary;412.2;412;Umum;Umum;100.0;Umum
7756;Modern Indonesia - English dictionary;423.1;423;Umum;Umum;97.12;Umum
7757;Modifikasi dan manipulasi foto secara instan;006.68;6;Teknik Informatika & Komputer;Teknik Informatika & Komputer;98.83;Teknik Informatika & Komputer
7758;Money, Islamic banks and the real economy;332.4;332;Akuntansi;Akuntansi;99.37;Akuntansi
7759;Most wanted tips of excel 2010;005.3;5;Teknik Informatika & Komputer;Teknik Informatika & Komputer;99.67;Teknik Informatika & Komputer
7760;Mudah belajar pemrograman database MySQL dengan microshoft Visual Basic;005.118;5;Teknik Informatika & Komputer;Teknik Informatika & Komputer;100.0;Teknik Informatika & Komputer
7761;Mudah dan cepat merancang dengan 3ds Max 2010;006.693;6;Teknik Informatika & Komputer;Teknik Informatika & Komputer;94.62;Teknik Informatika & Komputer
7762;Multimedia digital : Dasar teori dan pengembangannya;006.7;6;Teknik Informatika & Komputer;Teknik Informatika & Komputer;100.0;Teknik Informatika & Komputer
7763;Multivariate data analysis : Aglobal perspective;620.004;620;Teknik Mesin;Teknik Mesin;80.26;Teknik Mesin
7764;Negeri 5 menara;813;813;Umum;Umum;100.0;Umum
7765;News culture;070.1;70;Teknik Grafika & Penerbitan;Teknik Grafika & Penerbitan;79.95;Teknik Grafika & Penerbitan, Umum
7766;Numerical methods for engineers;519.402 4;519;Matematika;Matematika;79.33;Matematika
7767;Open chanel hydraulics;626;626;Teknik Sipil;Teknik Sipil;87.43;Teknik Sipil
7768;Organisasi dan arsitektur komputer;004.22;4;Teknik Informatika & Komputer;Teknik Informatika & Komputer;91.27;Teknik Informatika & Komputer
7769;Oxford advanced learner's dictionary : international student's edition;423;423;Umum;Umum;100.0;Umum
7770;Panduan paraktis pinnacle 12 untuk pengolahan video;006.7;6;Teknik Informatika & Komputer;Teknik Informatika & Komputer;94.61;Teknik Informatika & Komputer
7771;Panduan Praktis Delphi 2010 Programming : Konsep dan Implementasi;005.133;5;Teknik Informatika & Komputer;Teknik Informatika & Komputer;100.0;Teknik Informatika & Komputer
7772;Panduan praktis rapat efektif : keterampilan menyelenggarakan rapat bagi para pemimpin;303.34;303;Umum;Umum;73.23;Umum, Administrasi Niaga
7773;Panduan praktis reparasi mobil bensin;629.2;629;Teknik Mesin;Teknik Mesin;100.0;Teknik Mesin
7775;Panduan sukses public speaking dahsat memukau;808.51;808;Umum;Umum;100.0;Umum
7776;Pangeran langit;813;813;Umum;Umum;100.0;Umum
7777;Pauntshop photo pro X3 for photografhers;006.686;6;Teknik Informatika & Komputer;Teknik Informatika & Komputer;82.65;Teknik Informatika & Komputer, Teknik Grafika & Penerbitan
7778;Pedoman umum lembaga keuangan syariah;332.1;332;Akuntansi;Akuntansi;100.0;Akuntansi
7784;Pembentukan bank syariah : melalui akuisisi dan konversi;332.1;332;Akuntansi;Akuntansi;89.08;Akuntansi
7785;Pemrograman bahasa assembly;005.136;5;Teknik Informatika & Komputer;Teknik Informatika & Komputer;100.0;Teknik Informatika & Komputer
7786;Pemrograman bahasa assembly : konsep dasar dan implementasi;005.136;5;Teknik Informatika & Komputer;Teknik Informatika & Komputer;88.51;Teknik Informatika & Komputer
7787;Pemrograman J2ME : Belajar cepat pemograman perangkat telekomunikasi mobile;005.262;5;Teknik Informatika & Komputer;Teknik Informatika & Komputer;97.19;Teknik Informatika & Komputer
7788;Pemrograman visual C + +;005.262;5;Teknik Informatika & Komputer;Teknik Informatika & Komputer;96.77;Teknik Informatika & Komputer
7789;Pendelegasian : keterampilan untuk mencapai hasil;331.7;331;Administrasi Niaga;Administrasi Niaga;93.92;Administrasi Niaga
7790;Pendidikan kewarganegaraan untuk perguruan tinggi;323.6;323;Umum;Umum;93.78;Umum
7791;Penerapan hukum dagang keuangan islam;346.07;346;Umum;Umum;97.97;Umum
7792;Penerapan pasar modal islam;380;380;Administrasi Niaga;Administrasi Niaga;87.49;Administrasi Niaga
7793;Penerbitan pers;070.5;70;Teknik Grafika & Penerbitan;Teknik Grafika & Penerbitan;98.88;Teknik Grafika & Penerbitan
7794;Pengambilan keputusan dan pemecahan masalah;658.403;658;Administrasi Niaga;Administrasi Niaga;92.73;Administrasi Niaga
7795;Pengantar akkuntansi 1;657;657;Akuntansi;Akuntansi;100.0;Akuntansi
7796;Pengantar akuntansi 2 untuk mahasiswa semester 2 program D4 keuangan dan Perbankan syariah;657;657;Akuntansi;Akuntansi;100.0;Akuntansi
7797;Pengantar akuntansi syariah 1;657;657;Akuntansi;Akuntansi;96.01;Akuntansi
7799;Pengantar desain dan analisis algoritma;515.1;515;Matematika;Matematika;83.79;Matematika, Teknik Informatika & Komputer
7800;Pengantar Jurnalistik : Seputar organisasi, produk, dan kode etik;070.4;70;Teknik Grafika & Penerbitan;Teknik Grafika & Penerbitan;99.93;Teknik Grafika & Penerbitan
7801;Pengantar manajemen pemasaran;658.81;658;Administrasi Niaga;Administrasi Niaga;100.0;Administrasi Niaga
7802;Pengantar material teknik;620.21;620;Teknik Mesin;Teknik Mesin;73.19;Teknik Mesin
7804;Pengantar tipografi : Untuk pemakai corelDRAW, in design illustrator dan photoshop;004;4;Teknik Informatika & Komputer;Teknik Informatika & Komputer;84.66;Teknik Informatika & Komputer
7805;Pengantr ilmu administrasi;651;651;Administrasi Niaga;Administrasi Niaga;100.0;Administrasi Niaga
7806;Pengendalian mutu beton sesuai SNI, ACI, ASTM;691.3;691;Teknik Sipil;Teknik Sipil;81.75;Teknik Sipil
7807;Pengetahuan dasar kepustakaan : Sisi penting perpustakaan dan pustakawan;027.4;27;Teknik Informatika & Komputer;Teknik Informatika & Komputer;86.78;Teknik Informatika & Komputer
7808;"Pengetikan niaga 2 program studi adminitrasi bisnis semester 2 : SEL Ninggarwati; Ni Made Widhi Sugianingsih";652.3;652;Administrasi Niaga;Administrasi Niaga;91.47;Administrasi Niaga
7809;Pengolahan citra digital;004.11;4;Teknik Informatika & Komputer;Teknik Informatika & Komputer;86.78;Teknik Informatika & Komputer
7810;Pengolahan video digital dengan pinnacle 14;006.7;6;Teknik Informatika & Komputer;Teknik Informatika & Komputer;89.39;Teknik Informatika & Komputer
7811;Pengolahan video kreatif dengan adobe premiere elements 8;006.07;6;Teknik Informatika & Komputer;Teknik Informatika & Komputer;100.0;Teknik Informatika & Komputer
7812;Pengujian logam1;620.16;620;Teknik Mesin;Teknik Mesin;100.0;Teknik Mesin
7813;Penilisan dokumen bisnis : teknik pengembangan keterampilan korespondensi;374.4;374;Umum;Umum;68.65;Umum, Administrasi Niaga
7814;Penulisan karangan ilmiah;808.066;808;Umum;Umum;89.03;Umum
7815;Penulisan persuasif : penyampaian ide di dunia bisnis;652;652;Administrasi Niaga;Administrasi Niaga;86.58;Administrasi Niaga
7816;Penyusunan laporan keuangan perusahaan kecil dengan menggunakan template microsoft excel;005.369;5;Teknik Informatika & Komputer;Teknik Informatika & Komputer;90.49;Teknik Informatika & Komputer
7817;Perancangan fasilitas;515.1;515;Matematika;Matematika;75.85;Matematika
7818;Perancangan sistem cakar ayam modifikasi untuk perkerasan jalan raya;625.7;625;Teknik Sipil;Teknik Sipil;95.55;Teknik Sipil
7819;Perancangan sistem kerja;620.82;620;Teknik Mesin;Administrasi Niaga;100.0;Administrasi Niaga
7820;Perencanaan konvensi untuk program studi MICE semester 3;331.874;331;Administrasi Niaga;Administrasi Niaga;93.19;Administrasi Niaga
7821;Perencanaan struktur gedung beton bertulang tahan gempa;693.852;693;Teknik Sipil;Teknik Sipil;96.13;Teknik Sipil
7822;Perencanaan tebal struktur perkerasan lentur;625.7;625;Teknik Sipil;Teknik Sipil;91.06;Teknik Sipil
7823;Perjalanan Pemikiran Konsep Pemasaran Herman Kertajaya : Dari Indonesia Untuk Dunia Redefinisi, simplikasi, futurisasi;658.8;658;Administrasi Niaga;Administrasi Niaga;92.73;Administrasi Niaga
7824;Perjalanan politik Gusdur;320.011;320;Umum;Umum;100.0;Umum
7825;Pernaskahan pers II;070.4;70;Teknik Grafika & Penerbitan;Teknik Grafika & Penerbitan;74.94;Teknik Grafika & Penerbitan, Umum
7826;Perpajakan : teori dan teknis perhitungan;336.2;336;Akuntansi;Akuntansi;97.56;Akuntansi
7827;Power plant engineering;620.1;620;Teknik Mesin;Teknik Mesin;76.99;Teknik Mesin, Teknik Elektro
7828;Power system: analysis & design;621.31;621;Teknik Elektro;Teknik Elektro;96.66;Teknik Elektro
7829;Power train;621.042;621;Teknik Mesin;Teknik Mesin;93.27;Teknik Mesin
7830;Praktikum akuntansi : kasus dan kertas kerja;657;657;Akuntansi;Akuntansi;94.28;Akuntansi
7831;Praktikum CCNA : Cisco certified network associate di komputer sendiri menggunakan GNS3;004.778;4;Teknik Informatika & Komputer;Teknik Informatika & Komputer;100.0;Teknik Informatika & Komputer
7832;Principles of broadband swiching and networking;004.6;4;Teknik Informatika & Komputer;Teknik Informatika & Komputer;91.09;Teknik Informatika & Komputer
7833;Principles of engineering graphics and drawing ...;741.6;741;Teknik Grafika & Penerbitan;Teknik Grafika & Penerbitan;65.37;Teknik Grafika & Penerbitan, Teknik Mesin
7834;Principles of internet marketing;658.872;658;Administrasi Niaga;Administrasi Niaga;91.87;Administrasi Niaga
7836;Proses pengolahan besi dan baja;669.9;669;Teknik Sipil;Teknik Sipil;85.33;Teknik Sipil
7838;Putri selamanya;813 hlm.;813;Umum;Umum;95.2;Umum
7839;Radio kimia : teori dasar dan aplikasi teknik nuklir;621.48;621;Teknik Mesin;Teknik Mesin;69.14;Teknik Mesin, Teknik Sipil
7840;Rahasia desain & cetak;006.6;6;Teknik Informatika & Komputer;Teknik Informatika & Komputer;72.92;Teknik Informatika & Komputer, Teknik Grafika & Penerbitan
7841;Ranagkaian elektronik;621.381;621;Teknik Elektro;Teknik Elektro;100.0;Teknik Elektro
7842;Rangka atap baja ringan;620.17;620;Teknik Mesin;Teknik Mesin;77.0;Teknik Mesin
7843;Rekayasa perangkat lunak;005.106 8;5;Teknik Informatika & Komputer;Teknik Informatika & Komputer;94.69;Teknik Informatika & Komputer
7845;Risiko kartu kredit : solusi, BI checking & mediasi perbankan;332.75;332;Akuntansi;Akuntansi;98.01;Akuntansi
7846;Risk finance and asset pricing : Value measurements and markets;658.155;658;Administrasi Niaga;Administrasi Niaga;81.51;Administrasi Niaga
7847;Semua bisa menjadi programmer visual foxpro 9.0;005.262;5;Teknik Informatika & Komputer;Teknik Informatika & Komputer;100.0;Teknik Informatika & Komputer
7848;Seri 30 menit menguasai flsh CS5;006.7;6;Teknik Informatika & Komputer;Teknik Informatika & Komputer;98.93;Teknik Informatika & Komputer
7849;Seri belajar kilat adobe photoshop CS5;006.68;6;Teknik Informatika & Komputer;Teknik Informatika & Komputer;97.79;Teknik Informatika & Komputer
7850;Sherlock holmes & laksar jalanan baker street : Teka teki kasus pemanggilan arwah;813;813;Umum;Umum;95.91;Umum
7851;Simple drawing menggambar tubuh;741.5;741;Teknik Grafika & Penerbitan;Teknik Grafika & Penerbitan;84.97;Teknik Grafika & Penerbitan
7852;Simulasi bisnis : Perusahaan dagang;650;650;Administrasi Niaga;Administrasi Niaga;100.0;Administrasi Niaga
7853;Sistem Akuntansi;657;657;Akuntansi;Akuntansi;97.69;Akuntansi
7855;Sistem informasi geografis dengan Aec View GIS;526.022.1;526;Sains;Sains;82.12;Sains
7856;Sistem manajemen basis data arelasional menggunakan MYSQL;005.74;5;Teknik Informatika & Komputer;Teknik Informatika & Komputer;97.21;Teknik Informatika & Komputer
7857;Sistem otomasi;629.6;629;Teknik Mesin;Teknik Mesin;83.33;Teknik Mesin, Teknik Informatika & Komputer
7858;Sistem tenaga listrik : contoh soal dan penyelesaiannya menggunakan matlab;537.6;537;Teknik Elektro;Teknik Elektro;92.76;Teknik Elektro
7859;Software cracking;005.8;5;Teknik Informatika & Komputer;Teknik Informatika & Komputer;97.0;Teknik Informatika & Komputer
7860;Sparks : terkepung 3 cinta;813;813;Umum;Umum;100.0;Umum
7861;Stabilisasi tanah untuk perkerasan jalan;625.7;625;Teknik Sipil;Teknik Sipil;93.07;Teknik Sipil
7862;Statistik ekonomi induktif : metode pengujian & pengambilan keputusan;330.015;330;Administrasi Niaga;Administrasi Niaga;84.01;Administrasi Niaga
7863;Statistik untuk Bisnis dan Ekonomi;519.54;519;Matematika;Matematika;93.35;Matematika
7864;Statistik untuk mice;519.5;519;Matematika;Matematika;96.27;Matematika
7865;Statistika untuk desain grafis : Diagram;519.5;519;Matematika;Matematika;84.28;Matematika
7866;Step by step SPSS 18 analisis data statistik;004.0285;4;Teknik Informatika & Komputer;Teknik Informatika & Komputer;92.87;Teknik Informatika & Komputer
7867;Strategi pemasaran;658.8;658;Administrasi Niaga;Administrasi Niaga;100.0;Administrasi Niaga
7868;Strategic Management : text and cases;658;658;Administrasi Niaga;Administrasi Niaga;100.0;Administrasi Niaga
7869;Struktur beton jembatan1;624.5;624;Teknik Sipil;Teknik Sipil;100.0;Teknik Sipil
7870;Student engagement techniques : A handbook for college faculty;378.1;378;Umum;Umum;92.08;Umum
7871;Studi kelayakan investasi : proyek & bisnis;658.421;658;Administrasi Niaga;Administrasi Niaga;100.0;Administrasi Niaga
7872;Sukses sertifikasi oracle certified professional : OCP exam 1ZO-007 & exam 1ZO-051;005.268;5;Teknik Informatika & Komputer;Teknik Informatika & Komputer;89.35;Teknik Informatika & Komputer
7873;Tata ruang air;551.48;551;Sains;Sains;77.85;Sains
7875;Teknik drainase bawah permukaan untuk pengembangan lahan pertanian;627.4;627;Teknik Sipil;Teknik Sipil;76.91;Teknik Sipil
7876;Teknik penarikan sampel;519.52;519;Matematika;Matematika;79.64;Matematika
7877;Teknik-teknik optimasi heuristik;518.1;518;Matematika;Matematika;71.63;Matematika
7878;Teknk Mesin perkakas;621.9;621;Teknik Mesin;Teknik Mesin;99.62;Teknik Mesin
7879;Teknologi dan perencanaan sistem perpipaan;621.867 2;621;Teknik Mesin;Teknik Mesin;79.9;Teknik Mesin
7880;Teknologi otomotif;629.2;629;Teknik Mesin;Teknik Mesin;100.0;Teknik Mesin
7883;Teknologi wireless communication dan wireless broadband;384.5;384;Administrasi Niaga;Administrasi Niaga;100.0;Administrasi Niaga
7884;Teladan sang guru bangsa;920;920;Umum;Umum;97.94;Umum
7885;Teori dan aplikasi aljabar linier dan matriks;512.5;512;Matematika;Matematika;90.99;Matematika
7886;Teori ekonomi mikro;338.5;338;Administrasi Niaga;Administrasi Niaga;98.64;Administrasi Niaga
7887;Terampil menyajikan presentasi yang efektif : panduan praktis untuk meningkatkan cara berbicara;808;808;Umum;Umum;93.7;Umum
7888;Tes IQ dan psikometri;153.93;153;Umum;Umum;96.56;Umum
7889;Tes IQ dan tes bakat;153.9;153;Umum;Umum;95.51;Umum
7890;Tes IQ tingkat lanjut;153.9;153;Umum;Umum;98.65;Umum
7891;The best encryption tools;005.8;5;Teknik Informatika & Komputer;Teknik Informatika & Komputer;97.69;Teknik Informatika & Komputer
7893;The Chicago manual of style : the essential guide for writers, editors, and publishers;667.3;667;Teknik Sipil;Teknik Sipil;60.49;Teknik Sipil, Umum
7894;The hiper social organization : Eclipse your competition by leveraging social media;658.1;658;Administrasi Niaga;Administrasi Niaga;100.0;Administrasi Niaga
7895;The hyper social organization : Eclipse your competition by leveraging social media;658.1;658;Administrasi Niaga;Administrasi Niaga;100.0;Administrasi Niaga
7896;The media handbook : A complete guide to advertising media selection, planning, research, and buying;659;659;Administrasi Niaga;Administrasi Niaga;91.97;Administrasi Niaga
7897;The underwater photographer;770.92;770;Teknik Grafika & Penerbitan;Teknik Grafika & Penerbitan;94.32;Teknik Grafika & Penerbitan
7898;Thoughts on interaction design;302;302;Umum;Umum;84.97;Umum
7899;Tips mengenali dan menghadapi berbagai tipe kepribadian;155.2;155;Umum;Umum;100.0;Umum
7900;Tips n trix computer graphics design;741.6;741;Teknik Grafika & Penerbitan;Teknik Grafika & Penerbitan;75.99;Teknik Grafika & Penerbitan, Teknik Informatika & Komputer
7901;tops and trik membangun aplikasi web interaktif dengan yahoo user interface library;004678;4;Teknik Informatika & Komputer;Teknik Informatika & Komputer;100.0;Teknik Informatika & Komputer
7903;Transforms and applications handbook;515.723;515;Matematika;Matematika;97.04;Matematika
7904;Tutorial 5 hari menguasai adobe flash CS4;006.7;6;Teknik Informatika & Komputer;Teknik Informatika & Komputer;100.0;Teknik Informatika & Komputer
7907;Typpografhy a teaching experience typex;686.22;686;Teknik Grafika & Penerbitan;Teknik Grafika & Penerbitan;94.65;Teknik Grafika & Penerbitan
7908;Ubur-ubur kabur;813;813;Umum;Umum;100.0;Umum
7909;UML distilled : A brief guide to the standard object modeling language;005.17;5;Teknik Informatika & Komputer;Teknik Informatika & Komputer;99.2;Teknik Informatika & Komputer
7910;Utak-atik foto : Edit foto jadi gampang dan menyenangkan dengan photoshop;006.68;6;Teknik Informatika & Komputer;Teknik Informatika & Komputer;99.71;Teknik Informatika & Komputer
7911;Visi, nilai, dan misi organisasi : membangun organisasi masa depan;001.3;1;Teknik Informatika & Komputer;Teknik Informatika & Komputer;100.0;Teknik Informatika & Komputer
7912;Visual basic dan latihan untuk mahasiswa semester 1 program administrasi bisnis;005.262;5;Teknik Informatika & Komputer;Teknik Informatika & Komputer;100.0;Teknik Informatika & Komputer
7913;WCDMA for UMTS : HSPA Evolution and lte;621.384 5;621;Teknik Elektro;Teknik Elektro;83.9;Teknik Elektro
7914;What you must do to optimize your profesional digital presence e-habits;302.234;302;Umum;Umum;65.85;Umum, Administrasi Niaga
7915;Winter in Tokyo;813;813;Umum;Umum;100.0;Umum
7917;Wirausaha muda;338.04;338;Administrasi Niaga;Administrasi Niaga;100.0;Administrasi Niaga
7918;Wirausaha muda mandiri;338.04;338;Administrasi Niaga;Administrasi Niaga;100.0;Administrasi Niaga
7919;Zend Framework : Solusi mempercepat pengembangan aplikasi berbasis web dengan PHP 5.X;005.3;5;Teknik Informatika & Komputer;Teknik Informatika & Komputer;100.0;Teknik Informatika & Komputer
7920;11 jurus tokcer bikin foto spektakuler : Manipulasi & pengolahan foto digital dengan adobe photoshop CS5;006.687;6;Teknik Informatika & Komputer;Teknik Informatika & Komputer;100.0;Teknik Informatika & Komputer
7921;250 permainan, tes, dan teka teki matematika yang meningkatkan kepercayaan diri;511.8;511;Matematika;Matematika;80.75;Matematika, Umum
7922;50 tokoh penggerak dunia;920.02;920;Umum;Umum;98.92;Umum
7923;99 contoh surat lamaran berbahasa inggris untuk 50 + profesi;421;421;Umum;Umum;100.0;Umum
7925;a practical guide to nec3 engineering and construction contract;343.410 78;343;Umum;Umum;82.92;Umum
7926;Accounting : Text and cases;657;657;Akuntansi;Akuntansi;96.68;Akuntansi
7927;Administrasi jaringan denganlinux ubuntu 11;005.43;5;Teknik Informatika & Komputer;Teknik Informatika & Komputer;100.0;Teknik Informatika & Komputer
7928;Administrasi sistem di linux;005.432;5;Teknik Informatika & Komputer;Teknik Informatika & Komputer;84.85;Teknik Informatika & Komputer
7929;Adobe dreamweaver CS5 dengan pemrograman PHP & MySQL;005.3;5;Teknik Informatika & Komputer;Teknik Informatika & Komputer;100.0;Teknik Informatika & Komputer
7930;Adobe flash CS5.5;006.6;6;Teknik Informatika & Komputer;Teknik Informatika & Komputer;100.0;Teknik Informatika & Komputer
7931;Adobe flash profesional CS5 untuk pemula;006.7;6;Teknik Informatika & Komputer;Teknik Informatika & Komputer;89.38;Teknik Informatika & Komputer
7932;Adobe photoshop CS5 untuk manipulasi foto fropesional;006.68;6;Teknik Informatika & Komputer;Teknik Informatika & Komputer;100.0;Teknik Informatika & Komputer
7933;Adobe photoshop elements 9 untuk pemula;006.68;6;Teknik Informatika & Komputer;Teknik Informatika & Komputer;97.07;Teknik Informatika & Komputer
7934;Adobe premiere pro CS5.5 untuk pemula;006.7;6;Teknik Informatika & Komputer;Teknik Informatika & Komputer;97.84;Teknik Informatika & Komputer
7935;Aircraft communications and navigation systems : Principles, maintenance and operation;629.139;629;Teknik Mesin;Teknik Mesin;85.35;Teknik Mesin
7936;Airport enginering : Planning, design, and development of 21 st century airport;629.136;629;Teknik Mesin;Teknik Mesin;81.44;Teknik Mesin
7937;Akad & produk bank syariah;332.1;332;Akuntansi;Akuntansi;93.06;Akuntansi
7938;Akuntansi dasar & aplikasi dalam bisnis;657;657;Akuntansi;Akuntansi;100.0;Akuntansi
7941;Akuntansi keuangan : International financial reporting standard IFRS;657.48;657;Akuntansi;Akuntansi;100.0;Akuntansi
7944;Alat penukar kalor;536.3;536;Teknik Elektro;Teknik Elektro;77.52;Teknik Elektro, Teknik Mesin
7945;An introduction to geotechnical engineering;624.1;624;Teknik Sipil;Teknik Sipil;99.28;Teknik Sipil
7946;Analisis dan perancangan fondasi I;624.17;624;Teknik Sipil;Teknik Sipil;90.78;Teknik Sipil
7947;Analisis dan perancangan fondasi II;624.15;624;Teknik Sipil;Teknik Sipil;81.83;Teknik Sipil
7948;Analisis jalur (path analysis) dengan menggunakan program amos;005.5;5;Teknik Informatika & Komputer;Teknik Informatika & Komputer;89.47;Teknik Informatika & Komputer
7950;Analisis laporan keuangan untuk usaha mikro;658.151 2;658;Administrasi Niaga;Administrasi Niaga;73.1;Administrasi Niaga, Akuntansi
7951;Analisis risiko perbankan;332.1;332;Akuntansi;Akuntansi;78.05;Akuntansi, Administrasi Niaga
7953;Aneka proyek mikrokontroler : Panduan utama untuk riset atau tugas akhir;629.89;629;Teknik Mesin;Teknik Mesin;79.84;Teknik Mesin, Teknik Informatika & Komputer
7954;Animasi kartun 3D dengan 3ds max 2011 dan adobe flash CS5;006.7;6;Teknik Informatika & Komputer;Teknik Informatika & Komputer;95.6;Teknik Informatika & Komputer
7955;Aplikasi komputer bisnis untuk jurusan akuntansi;005.3;5;Teknik Informatika & Komputer;Teknik Informatika & Komputer;85.75;Teknik Informatika & Komputer
7956;Aplikasi medan elektromagnetik;537;537;Teknik Elektro;Teknik Elektro;95.91;Teknik Elektro
7957;Arsitektur 4d 72 karya+10 sayembara arsitektur universitas Indonesia;720.1;720;Teknik Grafika & Penerbitan;Teknik Grafika & Penerbitan;91.12;Teknik Grafika & Penerbitan
7958;Audit sistem informasi menggunakan active date for excel;005.368;5;Teknik Informatika & Komputer;Teknik Informatika & Komputer;87.59;Teknik Informatika & Komputer
7959;Auditing Buku 2;657.45;657;Akuntansi;Akuntansi;96.96;Akuntansi
7960;Auditing Cases;657.45;657;Akuntansi;Akuntansi;93.27;Akuntansi
7961;Autocad 2011 & 3ds max 2011 untuk membuat beragam desain gedung 3d;620.604 262;620;Teknik Mesin;Teknik Mesin;78.61;Teknik Mesin, Teknik Informatika & Komputer
7962;Autocad 2011 dan 3ds Max 2011 untuk membuat beragam desain gedung 3D;620.004;620;Teknik Mesin;Teknik Mesin;71.55;Teknik Mesin, Teknik Informatika & Komputer
7963;Automobile mechanical and electrical systems;621.381;621;Teknik Elektro;Teknik Elektro;88.51;Teknik Elektro
7964;Bahasa Inggris 3;420;420;Umum;Umum;100.0;Umum
7965;Bank at risk : Global best practices in an age of tutbulence;332.1;332;Akuntansi;Akuntansi;97.23;Akuntansi
7967;Belajar mikrokontroler AT89S51 dengan bahasa C;004.64;4;Teknik Informatika & Komputer;Teknik Informatika & Komputer;100.0;Teknik Informatika & Komputer
7970;Belajar mudah ekonomi Islam;297.273;297;Umum;Umum;96.38;Umum
7971;Belajar pemrograman Web;005.262;5;Teknik Informatika & Komputer;Teknik Informatika & Komputer;97.69;Teknik Informatika & Komputer
7972;Belajar sendiri DSL router, ASA firewall, dan VPN;004.68;4;Teknik Informatika & Komputer;Teknik Informatika & Komputer;100.0;Teknik Informatika & Komputer
7973;Bengkel elektronika mekanik;621.381;621;Teknik Elektro;Teknik Elektro;97.36;Teknik Elektro
7974;Bengkel instalasi listrik industri 1;621.3;621;Teknik Elektro;Teknik Elektro;100.0;Teknik Elektro
7975;Brickwork and blockwork;693.21;693;Teknik Sipil;Teknik Sipil;88.7;Teknik Sipil
7976;Bubble love;813;813;Umum;Umum;100.0;Umum
7977;Build your own website the right way using html & css;005.262;5;Teknik Informatika & Komputer;Teknik Informatika & Komputer;94.34;Teknik Informatika & Komputer
7978;Building contract claims;343.410 7;343;Umum;Umum;98.59;Umum
7980;Buku pintar investasi syariah;332.6;332;Akuntansi;Akuntansi;86.64;Akuntansi
7981;Buku pintar menghitung pajak profesi, badan usaha, dan peristiwa khuisus;336.22;336;Akuntansi;Akuntansi;95.49;Akuntansi
7982;Business communication : Building critical skills;658.45;658;Administrasi Niaga;Administrasi Niaga;90.36;Administrasi Niaga
7983;Business ethics and policy : ethical decision making and cases;174.4;174;Umum;Umum;91.97;Umum
7984;Calculus : schaum's easy outlines;515;515;Matematika;Matematika;94.87;Matematika
7985;Cara asyik membuat flash website dengan WIX;005946;5;Teknik Informatika & Komputer;Teknik Informatika & Komputer;83.18;Teknik Informatika & Komputer
7987;Cara cerdas menulis artikel ilmiah;001.42;1;Teknik Informatika & Komputer;Teknik Informatika & Komputer;84.31;Teknik Informatika & Komputer
7988;Cara mudah merakit robot untuk pemula;629.8;629;Teknik Mesin;Teknik Mesin;83.33;Teknik Mesin, Teknik Informatika & Komputer
7989;Carbon dioxide sequestration and related technologies;665.7;665;Teknik Mesin;Teknik Mesin;83.7;Teknik Mesin
7990;Chicken Soup for The Soul : Pesan indah dari;813;813;Umum;Umum;97.79;Umum
7991;Cinta didalam gelas;813;813;Umum;Umum;100.0;Umum
7992;CMMI for development : Guidelines for process integration and product improvement;005.1;5;Teknik Informatika & Komputer;Teknik Informatika & Komputer;100.0;Teknik Informatika & Komputer
7993;CMMI for service : Guidelines for superior service;006.106;6;Teknik Informatika & Komputer;Teknik Informatika & Komputer;100.0;Teknik Informatika & Komputer
7994;College chemistry : schaum's easy outlines;540;540;Teknik Sipil;Teknik Sipil;81.62;Teknik Sipil
7995;Commpetency based HRM : A strategic resource for competency mapping assessment and development centres;658;658;Administrasi Niaga;Administrasi Niaga;96.44;Administrasi Niaga
7996;Communicative english 2;420;420;Umum;Umum;100.0;Umum
7998;Construction management of industrial projects;658;658;Administrasi Niaga;Administrasi Niaga;95.7;Administrasi Niaga
7999;Construction practice;692;692;Teknik Sipil;Teknik Sipil;93.29;Teknik Sipil
8002;Corel videostudio pro X3 untuk membuat kreasi video;006.7;6;Teknik Informatika & Komputer;Teknik Informatika & Komputer;97.91;Teknik Informatika & Komputer
8003;Crisis management & public relations : Mengatasi krisis, memulihkan citra;658.403;658;Administrasi Niaga;Administrasi Niaga;100.0;Administrasi Niaga
8004;Cryptography and network security : Principles and practice;005.8;5;Teknik Informatika & Komputer;Teknik Informatika & Komputer;100.0;Teknik Informatika & Komputer
8005;Cryptography and network security principles and practice;005.8;5;Teknik Informatika & Komputer;Teknik Informatika & Komputer;74.91;Teknik Informatika & Komputer
8006;Dasar pemrograman delphi;005.269;5;Teknik Informatika & Komputer;Teknik Informatika & Komputer;97.93;Teknik Informatika & Komputer
8007;Dasar-dasar Akuntansi;657;657;Akuntansi;Akuntansi;98.4;Akuntansi
8008;Dasar-dasar ekonomi islam;297.273;297;Umum;Umum;97.63;Umum
8009;Dasar-dasar getaran mekanis;620.3;620;Teknik Mesin;Teknik Mesin;83.25;Teknik Mesin
8011;Dasar-dasar kelistrikan otomotif;621.31;621;Teknik Elektro;Teknik Elektro;84.86;Teknik Elektro
8012;Dasar-dasar kewirausahaan : Panduan bagi mahasiswa untuk mengenal, memahami, dan memasuki dunia bisnis;338.04;338;Administrasi Niaga;Administrasi Niaga;92.9;Administrasi Niaga
8014;Decision support and business intelligence systems;658.403 8;658;Administrasi Niaga;Administrasi Niaga;98.74;Administrasi Niaga
8015;Desain indor advertising dengan coreldraw X5;006.68;6;Teknik Informatika & Komputer;Teknik Informatika & Komputer;96.32;Teknik Informatika & Komputer
8016;Desain outdoor advertising dengan coreldraw X5 dan photoshop CS5;006.68;6;Teknik Informatika & Komputer;Teknik Informatika & Komputer;93.05;Teknik Informatika & Komputer
8017;Designing for print : an in-depth guide to planing creating and producing successful design project;686;686;Teknik Grafika & Penerbitan;Teknik Grafika & Penerbitan;90.47;Teknik Grafika & Penerbitan
8018;Digital alchemy : Printmaking techniques for fine art, photography, and mixed media;776;776;Teknik Grafika & Penerbitan;Teknik Grafika & Penerbitan;98.21;Teknik Grafika & Penerbitan
8019;Digital diagram;310;310;Umum;Umum;68.54;Umum, Teknik Informatika & Komputer
8020;Dimi is maried;813;813;Umum;Umum;100.0;Umum
8021;Direct methods for stability analisys of electric power systems : Theoritical foundation BCU methologies and applications;621.3;621;Teknik Elektro;Teknik Elektro;100.0;Teknik Elektro
8022;Discovering computers 2011 living in a digital world complete;004;4;Teknik Informatika & Komputer;Teknik Informatika & Komputer;89.57;Teknik Informatika & Komputer
8023;Dynamics : engineering mechanics;620.1;620;Teknik Mesin;Teknik Mesin;77.47;Teknik Mesin, Teknik Elektro
8024;E-commerce 2010;658.8;658;Administrasi Niaga;Administrasi Niaga;100.0;Administrasi Niaga
8025;Easy networking;004.65;4;Teknik Informatika & Komputer;Teknik Informatika & Komputer;100.0;Teknik Informatika & Komputer
8026;Economic systems analisys and assessment;338.501;338;Administrasi Niaga;Administrasi Niaga;98.23;Administrasi Niaga
8027;Editing video profedional dengan corel ulead video studio pro x4;384.558;384;Administrasi Niaga;Administrasi Niaga;100.0;Administrasi Niaga
8028;Educational sample;332;332;Akuntansi;Akuntansi;74.28;Akuntansi, Umum
8029;Ekonomi makro islami;339;339;Administrasi Niaga;Administrasi Niaga;100.0;Administrasi Niaga
8030;Ekonomi teknik;330;330;Administrasi Niaga;Administrasi Niaga;98.28;Administrasi Niaga
8033;Ekowisata dan pembangunan berkelanjutan;338.5;338;Administrasi Niaga;Administrasi Niaga;95.0;Administrasi Niaga
8034;Electronic banking;372.1;372;Umum;Umum;58.99;Umum, Akuntansi
8036;Elementary algebra : schaum's easy outlines;512.9;512;Matematika;Matematika;95.96;Matematika
8037;Energi baru, terbarukan, dan konservasi energi;621.042;621;Teknik Mesin;Teknik Mesin;100.0;Teknik Mesin
8038;Engaging the online learner : Updated activities and resources for creative instruction;371.33 4;371;Umum;Umum;94.71;Umum
8039;Engineering fundamentals : an introduction to engineering;604.24;604;Teknik Mesin;Teknik Mesin;92.96;Teknik Mesin
8041;English 1;420;420;Umum;Umum;100.0;Umum
8042;English for graphics and publishing;420;420;Umum;Umum;76.66;Umum, Teknik Grafika & Penerbitan
8043;English Sharia for banking and finance;420;420;Umum;Umum;90.26;Umum
8044;Ensiklopedia matematika 1;031;31;Umum;Umum;74.6;Umum, Matematika
8045;Ensiklopedia matematika : buku panduan matematika vol.2;031;31;Umum;Umum;95.59;Umum
8046;Ensiklopedia matematika : buku panduan matematika vol.3;031;31;Umum;Umum;100.0;Umum
8047;Ensiklopedia matematika : buku panduan matematika vol.4;031;31;Umum;Umum;100.0;Umum
8048;Ensiklopedia matematika : Buku panduan matematika vol.5;031;31;Umum;Umum;100.0;Umum
8049;Ensiklopedia matematika : buku panduan matematika vol.6;031;31;Umum;Umum;84.73;Umum, Matematika
8050;Ensiklopedia matematika : buku panduan matematika vol.7;031;31;Umum;Umum;96.43;Umum
8051;Ensiklopedia matematika : buku panduan matematika vol.8;031;31;Umum;Umum;82.23;Umum, Matematika
8052;Ensiklopedia Nabi Muhammad SAW;297.63;297;Umum;Umum;97.55;Umum
8053;Ensiklopedia pahlawan Indonesia dari masa ke masa;920.980;920;Umum;Umum;95.9;Umum
8054;Enterprise integration patterns : Desining, building, and deploying messaging solutions;005.7136;5;Teknik Informatika & Komputer;Teknik Informatika & Komputer;100.0;Teknik Informatika & Komputer
8055;Entrepreneurship : A small business approach;338.04;338;Administrasi Niaga;Administrasi Niaga;97.88;Administrasi Niaga
8056;Etika & estetika : cara-cara berarsitektur dengan bijak;720;720;Teknik Grafika & Penerbitan;Teknik Grafika & Penerbitan;84.33;Teknik Grafika & Penerbitan
8057;Etika customer service;174.4;174;Umum;Umum;79.81;Umum, Administrasi Niaga
8058;Etika dan estetika;720;720;Teknik Grafika & Penerbitan;Teknik Grafika & Penerbitan;79.9;Teknik Grafika & Penerbitan, Umum
8059;Etika profesi;174;174;Umum;Umum;99.49;Umum
8060;F&B cost control untuk hotel dan restoran;658.151;658;Administrasi Niaga;Administrasi Niaga;87.61;Administrasi Niaga
8063;Financial economics;332;332;Akuntansi;Akuntansi;84.51;Akuntansi, Administrasi Niaga
8064;Financial institutions management : A risk management approach;658.155 2;658;Administrasi Niaga;Administrasi Niaga;93.11;Administrasi Niaga
8065;Financial statement fraud casebook : Baking the ledgers and cooking the books;363.259 63;363;Umum;Umum;78.45;Umum, Akuntansi
8066;Formula dan fungsi exel yang menjadi solusi;005.5;5;Teknik Informatika & Komputer;Teknik Informatika & Komputer;95.63;Teknik Informatika & Komputer
8068;Front office hotel;647.940;647;Umum;Umum;89.13;Umum
8069;Frontiers in antenas : Next generation design & engineering;620.004;620;Teknik Mesin;Teknik Mesin;91.27;Teknik Mesin
8070;Fundamentals of combustion processes;621.815;621;Teknik Mesin;Teknik Mesin;97.61;Teknik Mesin
8071;Gadai syariah di Indonesia : Konsep, implementasi dan institusionalisasi;346.02;346;Umum;Umum;100.0;Umum
8072;Gelombang dan optika;530;530;Teknik Elektro;Teknik Elektro;100.0;Teknik Elektro
8073;Generasi baru mengolah data penelitian dengan partial least square path modeling;005.42;5;Teknik Informatika & Komputer;Teknik Informatika & Komputer;91.13;Teknik Informatika & Komputer
8074;Geothermal HVAC : Green heating and cooling;697.04;697;Teknik Sipil;Teknik Sipil;93.51;Teknik Sipil
8075;Global business today;650;650;Administrasi Niaga;Administrasi Niaga;95.43;Administrasi Niaga
8076;Global warming, food, and water problems, solutions, and the changes of world geopolitical constellation;363.738;363;Umum;Umum;75.23;Umum
8077;Great and funny characters with adobe photoshop;006.68;6;Teknik Informatika & Komputer;Teknik Informatika & Komputer;89.52;Teknik Informatika & Komputer
8078;Guide to self touring melbourne : panduan wisata, kuliner, dan belanja di melbourne;790.13;790;Umum;Umum;95.33;Umum
8079;Hak asasi manusia di Indonesia;323.4;323;Umum;Umum;95.15;Umum
8080;HAKI hak kekayaan intelektual;346;346;Umum;Umum;92.33;Umum
8081;Handbook for supervisors : pedoman menjadi supervisor efektif;658.42;658;Administrasi Niaga;Administrasi Niaga;88.63;Administrasi Niaga
8082;Heat and mass transfer;536.2;536;Teknik Elektro;Teknik Elektro;92.98;Teknik Elektro
8083;Heating services in buildings;697;697;Teknik Sipil;Teknik Sipil;92.71;Teknik Sipil
8084;Hospitality : Secret skill, attitudes, and perpormance for restourant manager;647.95;647;Umum;Umum;100.0;Umum
8085;Hospitality : secret skills, attitudes, and performance for restaurant manager;647.95;647;Umum;Umum;81.68;Umum, Administrasi Niaga
8086;Hospitality : Secret skills, attitudes, and perpormance for restourant manager;647.95;647;Umum;Umum;93.55;Umum
8087;Housekeeping hotel;648;648;Umum;Umum;93.5;Umum
8088;How to do everything digital photography;771;771;Teknik Grafika & Penerbitan;Teknik Grafika & Penerbitan;90.64;Teknik Grafika & Penerbitan
8089;Hukum Bisnis Pasar modal;332.6;332;Akuntansi;Akuntansi;83.33;Akuntansi
8091;Hukum dan etika bisnis islam;346.07;346;Umum;Umum;100.0;Umum
8092;Hukum dan penerbitan untuk mahasiswa semester 2;340;340;Umum;Umum;88.01;Umum
8093;Hukum perburuhan;344.010 1;344;Umum;Umum;79.94;Umum, Administrasi Niaga
8094;Hukum perkawinan Islam : di dunia Islam modern;346.01;346;Umum;Umum;100.0;Umum
8095;Hukum pers;323.4;323;Umum;Umum;96.08;Umum
8097;Human resource management;658.3;658;Administrasi Niaga;Administrasi Niaga;100.0;Administrasi Niaga
8098;If i stay : Jika aku tetap disini;813;813;Umum;Umum;100.0;Umum
8100;Impikatur percakapan;418;418;Umum;Umum;98.12;Umum
8101;Insentif Travel;332.1;332;Akuntansi;Akuntansi;84.44;Akuntansi, Administrasi Niaga
8103;Interpretation and application of international financial reporting standards;657.3;657;Akuntansi;Akuntansi;96.6;Akuntansi
8105;Introduction to cost accounting;657.42;657;Akuntansi;Akuntansi;94.53;Akuntansi
8106;Introduction to electronic commerce;380.1;380;Administrasi Niaga;Administrasi Niaga;56.59;Administrasi Niaga
8107;Introduction to graphic design methodologies and processes : understanding theory and application;760;760;Teknik Grafika & Penerbitan;Teknik Grafika & Penerbitan;90.88;Teknik Grafika & Penerbitan
8108;Introduction to health and safety in construction;613.6;613;Umum;Umum;86.63;Umum
8109;Introduction to robotics : Analisis control applications;629.892;629;Teknik Mesin;Teknik Mesin;81.58;Teknik Mesin, Teknik Informatika & Komputer
8110;Invesment and Portpolio management;658.152;658;Administrasi Niaga;Administrasi Niaga;100.0;Administrasi Niaga
8111;Islamic transaction law in business;371.2;371;Umum;Umum;100.0;Umum
8112;IT auditing : Using control to protect information assets;657.45;657;Akuntansi;Akuntansi;79.64;Akuntansi, Administrasi Niaga
8114;Jaringan wireless di dunia berkembang : panduan praktis perencanaan & pembangunan infrastruktur komunikasi yang rendah biaya;384.545 5;384;Administrasi Niaga;Administrasi Niaga;94.14;Administrasi Niaga
8115;Jurnalisme dasar;070;70;Teknik Grafika & Penerbitan;Teknik Grafika & Penerbitan;91.2;Teknik Grafika & Penerbitan
8116;Jurus jitu melamar pekerjaan;658.31;658;Administrasi Niaga;Administrasi Niaga;94.3;Administrasi Niaga
8118;Karier top sebagai desainer grafis;741.6;741;Teknik Grafika & Penerbitan;Teknik Grafika & Penerbitan;89.18;Teknik Grafika & Penerbitan
8119;Karier top sebagai penulis;809.3;809;Umum;Umum;83.02;Umum
8120;Karier top sebagai reporter;070.43;70;Teknik Grafika & Penerbitan;Teknik Grafika & Penerbitan;86.06;Teknik Grafika & Penerbitan
8121;Keamanan jaringan;004.6;4;Teknik Informatika & Komputer;Teknik Informatika & Komputer;100.0;Teknik Informatika & Komputer
8122;Keamanan sistem informasi;658.4;658;Administrasi Niaga;Administrasi Niaga;92.26;Administrasi Niaga
8123;Kecerdasan buatan;006.3;6;Teknik Informatika & Komputer;Teknik Informatika & Komputer;79.92;Teknik Informatika & Komputer, Umum
8125;Keterampilan dan strategi komunikasi bisnis;658.45;658;Administrasi Niaga;Administrasi Niaga;100.0;Administrasi Niaga
8127;Kewirausahaan : pedoman praktis: kiat dan proses menuju sukses;658.421;658;Administrasi Niaga;Administrasi Niaga;82.51;Administrasi Niaga
8128;Kewirausahaan untuk perguruan tinggi;338.04;338;Administrasi Niaga;Administrasi Niaga;82.46;Administrasi Niaga
8129;Kiat menjadi supervisor andal;658.31;658;Administrasi Niaga;Administrasi Niaga;91.62;Administrasi Niaga
8130;Kimia terapan;540;540;Teknik Sipil;Teknik Sipil;95.18;Teknik Sipil
8131;Koleksi lengkap sofware hacking;005.84;5;Teknik Informatika & Komputer;Teknik Informatika & Komputer;97.38;Teknik Informatika & Komputer
8134;Komunikasi data dan komputer;004.6;4;Teknik Informatika & Komputer;Teknik Informatika & Komputer;88.15;Teknik Informatika & Komputer
8135;Konfigurasi wireless routerboard mikrotik;004.65;4;Teknik Informatika & Komputer;Teknik Informatika & Komputer;99.08;Teknik Informatika & Komputer
8137;Konsep dan implementasi struktur data dalam pemrograman delphi;005.118;5;Teknik Informatika & Komputer;Teknik Informatika & Komputer;98.88;Teknik Informatika & Komputer
8139;Konsep dasar rekayasa perangkat lunak : software reengineering;005.106;5;Teknik Informatika & Komputer;Teknik Informatika & Komputer;99.56;Teknik Informatika & Komputer
8140;Konsep dasar teknik las : teori dan praktik;621.97;621;Teknik Mesin;Teknik Mesin;90.7;Teknik Mesin
8141;Konsep manajemen;658.401;658;Administrasi Niaga;Administrasi Niaga;100.0;Administrasi Niaga
8142;Konstruksi beton II Jalan tol;624;624;Teknik Sipil;Teknik Sipil;93.32;Teknik Sipil
8143;Konstruksi jembatan 1;624.284;624;Teknik Sipil;Teknik Sipil;100.0;Teknik Sipil
8144;Korespondensi bahasa indonesia;651.75;651;Administrasi Niaga;Administrasi Niaga;76.82;Administrasi Niaga, Umum
8145;Kreasi animasi interaktif dengan actionscript 3.0 pada flash CS5;006.7;6;Teknik Informatika & Komputer;Teknik Informatika & Komputer;100.0;Teknik Informatika & Komputer
8146;Kreasi manipulasi foto digital dengan fhotoshop untuk pemula grunge style;006.68;6;Teknik Informatika & Komputer;Teknik Informatika & Komputer;86.29;Teknik Informatika & Komputer
8147;Kreasi manipulasi foto digital dengan photoshop untuk pemula;006.68;6;Teknik Informatika & Komputer;Teknik Informatika & Komputer;89.63;Teknik Informatika & Komputer
8148;Kreatif membuat musik dengan studio digital sendiri;764.190;764;Teknik Grafika & Penerbitan;Teknik Grafika & Penerbitan;75.94;Teknik Grafika & Penerbitan
8149;Kupas tuntas nero multimedia suite 10;006.7;6;Teknik Informatika & Komputer;Teknik Informatika & Komputer;97.34;Teknik Informatika & Komputer
8150;LAboratorium elektronika industri;621.381;621;Teknik Elektro;Teknik Elektro;90.99;Teknik Elektro
8151;Langkah cerdas membasmi virus komputer;005.84;5;Teknik Informatika & Komputer;Teknik Informatika & Komputer;100.0;Teknik Informatika & Komputer
8152;Liber amicorum : Voor Ben Mboi beermeester voor velen;920.7;920;Umum;Umum;100.0;Umum
8153;Limbah kimia dalam pencemaran udara dan air;363.73;363;Umum;Umum;73.95;Umum, Teknik Sipil
8154;Linguistik suatu pengantar;410;410;Umum;Umum;96.26;Umum
8155;Linux Command line and shell scripting bible;005.43;5;Teknik Informatika & Komputer;Teknik Informatika & Komputer;100.0;Teknik Informatika & Komputer
8157;Mahir digital imaging dengan adobe photoshop CS5;006.68;6;Teknik Informatika & Komputer;Teknik Informatika & Komputer;91.6;Teknik Informatika & Komputer
8158;Mahir menggunakan pinancle studio 14;006.68;6;Teknik Informatika & Komputer;Teknik Informatika & Komputer;98.18;Teknik Informatika & Komputer
8159;Making sense of construction improvement;690.068;690;Teknik Sipil;Teknik Sipil;94.76;Teknik Sipil
8160;Management : a practical introduction;658;658;Administrasi Niaga;Administrasi Niaga;100.0;Administrasi Niaga
8161;Management of transfortation;658.383;658;Administrasi Niaga;Administrasi Niaga;96.9;Administrasi Niaga
8162;Managerial economics;339;339;Administrasi Niaga;Administrasi Niaga;100.0;Administrasi Niaga
8163;Managing Change;658;658;Administrasi Niaga;Administrasi Niaga;100.0;Administrasi Niaga
8164;Manajemen bisnis syariah;658;658;Administrasi Niaga;Administrasi Niaga;100.0;Administrasi Niaga
8166;Manajemen editorial 1;070.4;70;Teknik Grafika & Penerbitan;Teknik Grafika & Penerbitan;81.57;Teknik Grafika & Penerbitan
8168;Manajemen keuangan dan aktualisasi syar'iyyah modern;658.1256;658;Administrasi Niaga;Administrasi Niaga;98.91;Administrasi Niaga
8170;Manajemen keuangan danaktualisasi syari'ah modern;658.152 6;658;Administrasi Niaga;Administrasi Niaga;85.1;Administrasi Niaga
8171;Manajemen keuangan perusahaan;658.15;658;Administrasi Niaga;Administrasi Niaga;100.0;Administrasi Niaga
8172;Manajemen keuangan perusahaan : teori & praktik;658.15;658;Administrasi Niaga;Administrasi Niaga;100.0;Administrasi Niaga
8174;Manajemen kualitas jasa : desain servqual, qfd, dan kano disertai contoh aplikasi dalam kasus penelitian;658.262;658;Administrasi Niaga;Administrasi Niaga;100.0;Administrasi Niaga
8175;Manajemen pelayanan prima;658;658;Administrasi Niaga;Administrasi Niaga;100.0;Administrasi Niaga
8176;Manajemen pemasaran buku : untuk mahasiswa program studi penerbitan;658.81;658;Administrasi Niaga;Administrasi Niaga;100.0;Administrasi Niaga
8178;Manajemen penyelenggaraan hotel;647.940 68;647;Umum;Umum;92.08;Umum
8181;Manajemen produksi modern;658.5;658;Administrasi Niaga;Administrasi Niaga;100.0;Administrasi Niaga
8182;Manajemen risiko perbankan;658.115;658;Administrasi Niaga;Administrasi Niaga;88.34;Administrasi Niaga
8184;Manajemen sumber daya manusia islami;658.3;658;Administrasi Niaga;Administrasi Niaga;87.61;Administrasi Niaga
8185;Manajemen sumber daya manusia strategik;658.3;658;Administrasi Niaga;Administrasi Niaga;99.1;Administrasi Niaga
8186;Mastering toefl essay : penuntun praktis menghadapi writing section;421;421;Umum;Umum;100.0;Umum
8188;Matematika diskrit dan aplikasinya pada ilmu komputer;510;510;Matematika;Matematika;86.46;Matematika
8189;Matematika untuk ilmu fisika & teknik;510;510;Matematika;Matematika;75.54;Matematika, Teknik Elektro
8190;Materiaals for civil and contruction engineers;624.18;624;Teknik Sipil;Teknik Sipil;98.39;Teknik Sipil
8191;Material Teknologi 1;620.11;620;Teknik Mesin;Teknik Mesin;93.74;Teknik Mesin
8193;Measuring colour;535.6;535;Teknik Elektro;Teknik Elektro;97.69;Teknik Elektro
8194;Mechanical diesel engne 2;621.43;621;Teknik Mesin;Teknik Mesin;94.04;Teknik Mesin
8197;Mekanika teknik 1 : statika dan kegunaannya;620.1;620;Teknik Mesin;Teknik Mesin;74.48;Teknik Mesin, Teknik Elektro
8198;Melvin Mencher's newe reporting and writing;070.43;70;Teknik Grafika & Penerbitan;Teknik Grafika & Penerbitan;94.71;Teknik Grafika & Penerbitan
8199;Memahami business plan;650.1;650;Administrasi Niaga;Administrasi Niaga;100.0;Administrasi Niaga
8201;Memaksimalkan rumus dan fungsi microsoft access 2010;005.369;5;Teknik Informatika & Komputer;Teknik Informatika & Komputer;100.0;Teknik Informatika & Komputer
8202;Membangun sistem informasi UMKM dagang dengan MS Access;005.74;5;Teknik Informatika & Komputer;Teknik Informatika & Komputer;98.31;Teknik Informatika & Komputer
8203;Membuat aplikasi penjualan dan stok barang dengan macro excel;005.3;5;Teknik Informatika & Komputer;Teknik Informatika & Komputer;98.97;Teknik Informatika & Komputer
8204;Membuat sendiri aplikasi E-Commerce  dengan PHP dan MySQL menggunakan codelgniter dan jquery;004.678;4;Teknik Informatika & Komputer;Teknik Informatika & Komputer;93.1;Teknik Informatika & Komputer
8205;Membuat surat perjanjian;340;340;Umum;Umum;83.1;Umum
8206;Mengoptimalkan microsoft excel 2010 untuk analisis data;005.369;5;Teknik Informatika & Komputer;Teknik Informatika & Komputer;100.0;Teknik Informatika & Komputer
8207;Mengungkap kedahsatan excel myob untuk wira usaha;005;5;Teknik Informatika & Komputer;Teknik Informatika & Komputer;82.85;Teknik Informatika & Komputer
8208;Menyusun skripsi dan tesis : Dilengkapi dengan panduan tuntas penulisan menggunakan microsoft word;005.3;5;Teknik Informatika & Komputer;Teknik Informatika & Komputer;85.8;Teknik Informatika & Komputer
8209;Metode garis pengaruh solusi sederhana dalam memecahkan problem mekanika teknik untuk beban bergerak pada balok statis tertentu dan tak tentu;624.2;624;Teknik Sipil;Teknik Sipil;77.73;Teknik Sipil
8210;Metode konstruksi bendungan;627.8;627;Teknik Sipil;Teknik Sipil;100.0;Teknik Sipil
8211;Metode konstruksi dan alat berat;690;690;Teknik Sipil;Teknik Sipil;85.65;Teknik Sipil
8212;Metode numerik dalam ilmu rekayasa sipil;519.4;519;Matematika;Matematika;93.71;Matematika
8213;Metode penelitian;001.42;1;Teknik Informatika & Komputer;Teknik Informatika & Komputer;94.58;Teknik Informatika & Komputer
8214;Metode penelitian ilmu sosial : Berbagai alternatif pendekatan;001.43;1;Teknik Informatika & Komputer;Teknik Informatika & Komputer;74.54;Teknik Informatika & Komputer, Umum
8215;Metode penelitian untuk penulisan skripsi dan...;001.42;1;Teknik Informatika & Komputer;Teknik Informatika & Komputer;87.89;Teknik Informatika & Komputer
8216;Metode penelitian untuk public relations kuantitatif dan kualitatif;001.42;1;Teknik Informatika & Komputer;Teknik Informatika & Komputer;86.13;Teknik Informatika & Komputer
8217;Microsoft access 2010 : Soal jawab;005.3;5;Teknik Informatika & Komputer;Teknik Informatika & Komputer;100.0;Teknik Informatika & Komputer
8218;Microsoft word, excel, power point & outlock untuk sekretaris perkantoran;005.369;5;Teknik Informatika & Komputer;Teknik Informatika & Komputer;95.38;Teknik Informatika & Komputer
8219;Mikrokontroler atmel AVR : Simulasi dan praktik menggunakan ISIS proteus dan codeVision AVR;004.64;4;Teknik Informatika & Komputer;Teknik Informatika & Komputer;100.0;Teknik Informatika & Komputer
8220;Mikrokontroller 8051;004.165;4;Teknik Informatika & Komputer;Teknik Informatika & Komputer;100.0;Teknik Informatika & Komputer
8221;Modern Indonesia English Dictionary;413.2;413;Umum;Umum;100.0;Umum
8223;Monitoring underground construction : a best practice guide;624;624;Teknik Sipil;Teknik Sipil;92.19;Teknik Sipil
8224;Mudah membuat animasi dengan adobe flash CS5;006.7;6;Teknik Informatika & Komputer;Teknik Informatika & Komputer;100.0;Teknik Informatika & Komputer
8225;Mudahnya bikin ilustrasi 3 dimensi dlam 1 hari;006.693;6;Teknik Informatika & Komputer;Teknik Informatika & Komputer;79.62;Teknik Informatika & Komputer
8226;Multimedia: making it work;006.7;6;Teknik Informatika & Komputer;Teknik Informatika & Komputer;90.02;Teknik Informatika & Komputer
8227;Myob accounting 18 untuk orang awam;005;5;Teknik Informatika & Komputer;Teknik Informatika & Komputer;90.1;Teknik Informatika & Komputer
8228;Olah data skripsi dan penelitian dengan spss 19;310;310;Umum;Umum;54.32;Umum, Teknik Informatika & Komputer
8229;Olap Excel : Cara hebat excel mengelola data;005.3;5;Teknik Informatika & Komputer;Teknik Informatika & Komputer;97.65;Teknik Informatika & Komputer
8230;Olin's construction : principles, materials, and methods;690;690;Teknik Sipil;Teknik Sipil;98.75;Teknik Sipil
8231;Om print : From the screen to paper and vice versa;004.76;4;Teknik Informatika & Komputer;Teknik Informatika & Komputer;79.72;Teknik Informatika & Komputer, Teknik Grafika & Penerbitan
8232;Operations and supply chain management;658.56;658;Administrasi Niaga;Administrasi Niaga;100.0;Administrasi Niaga
8233;Opini publik;303.38;303;Umum;Umum;100.0;Umum
8235;Organizational behavior : An evidence bassed approach;658.1;658;Administrasi Niaga;Administrasi Niaga;96.63;Administrasi Niaga
8236;Overview of the PMBOK guide short cuts for PMP certification;658.1;658;Administrasi Niaga;Administrasi Niaga;93.5;Administrasi Niaga
8237;Padang bulan;813;813;Umum;Umum;100.0;Umum
8238;Painting and decorating;667.6;667;Teknik Sipil;Teknik Sipil;67.11;Teknik Sipil, Teknik Grafika & Penerbitan
8239;Pajak menurut syariah;297.273;297;Umum;Akuntansi;55.25;Akuntansi, Umum
8240;Panduan belajar coreldraw X5;006.68;6;Teknik Informatika & Komputer;Teknik Informatika & Komputer;96.54;Teknik Informatika & Komputer
8241;Panduan belajar mandiri matlab;519.4;519;Matematika;Matematika;80.53;Matematika, Teknik Informatika & Komputer
8242;Panduan konsumen memilih konstruksi baja ringan;653.71;653;Administrasi Niaga;Administrasi Niaga;100.0;Administrasi Niaga
8243;Panduan lengkap investasi di pasar modal indonesia;380;380;Administrasi Niaga;Administrasi Niaga;65.84;Administrasi Niaga, Akuntansi
8244;Panduan lengkap office web apps untuk pemula;005.3;5;Teknik Informatika & Komputer;Teknik Informatika & Komputer;99.56;Teknik Informatika & Komputer
8245;Panduan lengkap tes kecerdasan;153.93;153;Umum;Umum;97.07;Umum
8246;Panduan praktis adobe premiere pro CS4;004.68;4;Teknik Informatika & Komputer;Teknik Informatika & Komputer;99.4;Teknik Informatika & Komputer
8247;Panduan praktis desain grafis denngan coreldraw x5;006.68;6;Teknik Informatika & Komputer;Teknik Informatika & Komputer;92.36;Teknik Informatika & Komputer
8248;Pas Pinancle studio 12 untuk beragam kebutuhan video editing;004.68;4;Teknik Informatika & Komputer;Teknik Informatika & Komputer;100.0;Teknik Informatika & Komputer
8249;Pasar modal syariah;332.041;332;Akuntansi;Akuntansi;90.8;Akuntansi
8250;Pasca produksi cetak 2;686;686;Teknik Grafika & Penerbitan;Teknik Grafika & Penerbitan;99.17;Teknik Grafika & Penerbitan
8251;Pasti bisa belajar sendiri adobe photoshop CS5;006.68;6;Teknik Informatika & Komputer;Teknik Informatika & Komputer;100.0;Teknik Informatika & Komputer
8252;Pedoman praktis manajemen perawatan mesin industri;620.009;620;Teknik Mesin;Teknik Mesin;100.0;Teknik Mesin
8254;Pegadaian syariah;332.34;332;Akuntansi;Akuntansi;71.97;Akuntansi, Umum
8255;Pelatihan dan pengembangan untuk meningkatkan kinerja SDM;658.3;658;Administrasi Niaga;Administrasi Niaga;100.0;Administrasi Niaga
8256;Pemahaman lintas budaya : dalam konteks pariwisata dan hospitalitas;338.478;338;Administrasi Niaga;Administrasi Niaga;65.95;Administrasi Niaga, Umum
8257;Pemanfaatan prkatis exel 2010 untuk bisnis;005.369;5;Teknik Informatika & Komputer;Teknik Informatika & Komputer;99.81;Teknik Informatika & Komputer
8258;Pemasaran industri : business to business marketing;658;658;Administrasi Niaga;Administrasi Niaga;100.0;Administrasi Niaga
8259;Pemasaran jasa : Manusia, teknologi, strategi;658.83;658;Administrasi Niaga;Administrasi Niaga;100.0;Administrasi Niaga
8261;Pemeliharaan bangunan : basic skill facility management;620.004;620;Teknik Mesin;Teknik Mesin;84.51;Teknik Mesin
8262;Pemrograman jaringan dengan java;005.133;5;Teknik Informatika & Komputer;Teknik Informatika & Komputer;97.12;Teknik Informatika & Komputer
8264;Pemrograman visual dengan java;005.262;5;Teknik Informatika & Komputer;Teknik Informatika & Komputer;100.0;Teknik Informatika & Komputer
8265;Pengantar administrasi pembangunan;651.3;651;Administrasi Niaga;Administrasi Niaga;75.02;Administrasi Niaga, Umum
8266;Pengantar akuntansi 2;657;657;Akuntansi;Akuntansi;90.96;Akuntansi
8267;"Pengantar akuntansi 2untuk D4 keuangan dan perbanlkan syariah : Bambang Waluyo; Titi Suhartati; Yusep Priya";657;657;Akuntansi;Akuntansi;100.0;Akuntansi
8268;Pengantar akuntansi : soal latihan dan penyelesaiannya;657;657;Akuntansi;Akuntansi;86.49;Akuntansi
8269;Pengantar akuntansi usaha mikro;657;657;Akuntansi;Akuntansi;97.27;Akuntansi
8272;Pengantar Manajemen  Syariah;658;658;Administrasi Niaga;Administrasi Niaga;95.63;Administrasi Niaga
8274;Pengantar Planologi;352.14;352;Umum;Umum;77.72;Umum
8275;Pengantar teknik elektro;621.381;621;Teknik Elektro;Teknik Elektro;100.0;Teknik Elektro
8276;Pengembangan manajer berprestasi;658.31;658;Administrasi Niaga;Administrasi Niaga;87.97;Administrasi Niaga
8277;Pengembangan sikap entrepreneurship dan intrapreneurship;338.04;338;Administrasi Niaga;Administrasi Niaga;85.23;Administrasi Niaga
8278;Pengetahuan teknik elektronika;621.381;621;Teknik Elektro;Teknik Elektro;100.0;Teknik Elektro
8279;Pengetikan niaga 1;652.3;652;Administrasi Niaga;Administrasi Niaga;88.06;Administrasi Niaga
8280;Pengolahan citra digital dan aplikasinya menggunakan matlab;004;4;Teknik Informatika & Komputer;Teknik Informatika & Komputer;95.09;Teknik Informatika & Komputer
8281;Pengrograman jaringan demngan java;005.133;5;Teknik Informatika & Komputer;Teknik Informatika & Komputer;100.0;Teknik Informatika & Komputer
8282;Pengujian logam 2;620.16;620;Teknik Mesin;Teknik Mesin;96.23;Teknik Mesin
8283;Perancangan dan implementasi sistem basis data;005.74;5;Teknik Informatika & Komputer;Teknik Informatika & Komputer;93.97;Teknik Informatika & Komputer
8284;Perancangan perkerasan jalan & penyelidikan tanah;625.7;625;Teknik Sipil;Teknik Sipil;100.0;Teknik Sipil
8285;Perancangan perkerasan jalan dan penyelidikan tanah : Perkerasan aspal, perkerasan beton, sistem cakar ayam modifikasi sistem pelat terpaku;625.7;625;Teknik Sipil;Teknik Sipil;97.19;Teknik Sipil
8286;Perancangan tata letak fasilita pabarik;658.2;658;Administrasi Niaga;Administrasi Niaga;89.81;Administrasi Niaga
8287;Perbatasan negara dalam dimensi hukum internasional;320.12;320;Umum;Umum;97.23;Umum
8288;Perencanaan dan pengembangan wilayah;711.5;711;Teknik Grafika & Penerbitan;Teknik Grafika & Penerbitan;76.71;Teknik Grafika & Penerbitan
8289;Perfect phrases for customer service;381.3;381;Administrasi Niaga;Administrasi Niaga;85.16;Administrasi Niaga
8290;Performance automotive engine math;629.25;629;Teknik Mesin;Teknik Mesin;96.5;Teknik Mesin
8291;Perjaka;813;813;Umum;Umum;100.0;Umum
8292;Perlindungan desain industri : tantangan dan hambatan dalam praktiknya di Indonesia;745.2;745;Teknik Grafika & Penerbitan;Teknik Grafika & Penerbitan;81.5;Teknik Grafika & Penerbitan
8296;Perpajakan pendekatan sertifikasi A-B-C Buku 1;336.2;336;Akuntansi;Akuntansi;95.22;Akuntansi
8297;Perpajakn : Teori dan kasus;336.2;336;Akuntansi;Akuntansi;95.45;Akuntansi
8298;Perpindahan panas : TMM-4202;336.2;336;Akuntansi;Akuntansi;69.56;Akuntansi
8299;Persamaan diferensial biasa : suatu pengantar;515.35;515;Matematika;Matematika;95.33;Matematika
8300;Persamaan diferensial biasa dan aplikasinya : penyelesaian manual dan menggunakan maple;515.35;515;Matematika;Matematika;100.0;Matematika
8301;Persamaan differensial biasa dan aplikasinya: Penyelesaian manual dan menggunakan maple;515.35;515;Matematika;Matematika;99.81;Matematika
8302;Personality plus (kepribadian plus);158;158;Umum;Umum;100.0;Umum
8303;PHP Programming with mySQL;005.262;5;Teknik Informatika & Komputer;Teknik Informatika & Komputer;100.0;Teknik Informatika & Komputer
8304;Plug-in adobe photoshop untuk olah foto digital kreatif;006.68;6;Teknik Informatika & Komputer;Teknik Informatika & Komputer;91.06;Teknik Informatika & Komputer
8305;Pondasi dangkal;624;624;Teknik Sipil;Teknik Sipil;98.2;Teknik Sipil
8308;Practical database programming with java;005.133;5;Teknik Informatika & Komputer;Teknik Informatika & Komputer;82.84;Teknik Informatika & Komputer
8309;Praktek antar muka dan mikrokontroler;005.12;5;Teknik Informatika & Komputer;Teknik Informatika & Komputer;100.0;Teknik Informatika & Komputer
8310;Praktek bank;332.1;332;Akuntansi;Akuntansi;98.81;Akuntansi
8311;Praktikum auditing;657.45;657;Akuntansi;Akuntansi;100.0;Akuntansi
8312;Praktikum konversi energi;621.042;621;Teknik Mesin;Teknik Mesin;67.34;Teknik Mesin, Teknik Elektro
8313;Principles of marketing : an asian perspective;658.848;658;Administrasi Niaga;Administrasi Niaga;91.98;Administrasi Niaga
8314;Principles of modern manufacturing;670;670;Teknik Mesin;Teknik Mesin;94.78;Teknik Mesin
8316;Prinsip dasar cara kerja robot;629.892;629;Teknik Mesin;Teknik Mesin;82.89;Teknik Mesin, Teknik Informatika & Komputer
8318;Prinsip dasar kelistrikan otomotif : bekal keterampilan bagi pemula;621.319;621;Teknik Elektro;Teknik Elektro;75.67;Teknik Elektro, Teknik Mesin
8319;Product design for manufacture and assembly;670.285;670;Teknik Mesin;Teknik Mesin;86.38;Teknik Mesin
8320;Produk dan jasa bank syariah;332.1;332;Akuntansi;Akuntansi;100.0;Akuntansi
8321;Project management;658.401 3;658;Administrasi Niaga;Administrasi Niaga;99.32;Administrasi Niaga
8322;Project management : The managerial process;658.404;658;Administrasi Niaga;Administrasi Niaga;92.09;Administrasi Niaga
8323;Proses kreatif menulis cerpen;813;813;Umum;Umum;87.75;Umum
8324;Proyek elektronika digital;621.84;621;Teknik Mesin;Teknik Mesin;66.53;Teknik Mesin, Teknik Elektro
8325;Radio frequency circuit design;621.384;621;Teknik Elektro;Teknik Elektro;100.0;Teknik Elektro
8326;Ranah 3 warna;813;813;Umum;Umum;100.0;Umum
8328;Ranah tiga warna;813;813;Umum;Umum;100.0;Umum
8330;Real estate finance and invesments;332.72;332;Akuntansi;Akuntansi;100.0;Akuntansi
8331;Referensi ringkas HTML;005.262;5;Teknik Informatika & Komputer;Teknik Informatika & Komputer;70.86;Teknik Informatika & Komputer
8332;Registrasi untuk MICE;658;658;Administrasi Niaga;Administrasi Niaga;100.0;Administrasi Niaga
8333;Risk management for design and construction;658;658;Administrasi Niaga;Administrasi Niaga;95.69;Administrasi Niaga
8334;Self touring guide to melbourne;790.13;790;Umum;Umum;100.0;Umum
8335;Seluk beluk database relasional;025.04;25;Teknik Informatika & Komputer;Teknik Informatika & Komputer;100.0;Teknik Informatika & Komputer
8336;Sensor layar sentuh : aplikasi teknologi nano;681.2;681;Teknik Mesin;Teknik Mesin;56.49;Teknik Mesin, Teknik Elektro, Teknik Informatika & Komputer
8337;Seri digital video production step by step : Adobe after effects 6.0;006.68;6;Teknik Informatika & Komputer;Teknik Informatika & Komputer;97.36;Teknik Informatika & Komputer
8338;Seri kebut semalam adobe flash CS5;006.7;6;Teknik Informatika & Komputer;Teknik Informatika & Komputer;100.0;Teknik Informatika & Komputer
8339;Service oriented architecture : Concepts, technology, and design;720.4;720;Teknik Grafika & Penerbitan;Teknik Grafika & Penerbitan;85.42;Teknik Grafika & Penerbitan
8340;Service, quality & satisfaction;658.834;658;Administrasi Niaga;Administrasi Niaga;100.0;Administrasi Niaga
8342;She & Cintamination control;363.11;363;Umum;Umum;99.47;Umum
8343;Sifat mekanis kayu;620.12;620;Teknik Mesin;Teknik Mesin;91.56;Teknik Mesin
8345;Signal and systems;621.382;621;Teknik Elektro;Teknik Elektro;87.88;Teknik Elektro
8346;Sinematografi videografi suatu pengantar;778.53;778;Teknik Grafika & Penerbitan;Teknik Grafika & Penerbitan;84.97;Teknik Grafika & Penerbitan
8347;Sinematografi-videografi suatu pengantar;778.53;778;Teknik Grafika & Penerbitan;Teknik Grafika & Penerbitan;89.93;Teknik Grafika & Penerbitan
8348;Sistem bahan bakar motor diesel;621.43;621;Teknik Mesin;Teknik Mesin;97.6;Teknik Mesin
8354;Sistem kendali cerdas;518.1;518;Matematika;Matematika;77.15;Matematika
8355;Sistem Multimedia;006.7;6;Teknik Informatika & Komputer;Teknik Informatika & Komputer;98.83;Teknik Informatika & Komputer
8356;Sistem pengaturan 1;500;500;Sains;Sains;75.24;Sains, Teknik Mesin
8357;Sistem tertanam (embedded system);004.64;4;Teknik Informatika & Komputer;Teknik Informatika & Komputer;76.2;Teknik Informatika & Komputer, Teknik Elektro
8358;Smile : aku naksir kamu;813;813;Umum;Umum;100.0;Umum
8359;SPSS complete : teknik analisis statistik terlengkap dengan software spss;004.028 5;4;Teknik Informatika & Komputer;Teknik Informatika & Komputer;79.31;Teknik Informatika & Komputer
8360;Statistics for engineers & scientists;519.5;519;Matematika;Matematika;92.5;Matematika
8362;Statistika Deskriptif;519.5;519;Matematika;Matematika;91.08;Matematika
8363;Step by step HTML 5;005.262;5;Teknik Informatika & Komputer;Teknik Informatika & Komputer;98.56;Teknik Informatika & Komputer
8364;Steve jobs sang genius;920;920;Umum;Umum;95.09;Umum
8365;Strategi genius marketing ala rasulullah;658.8;658;Administrasi Niaga;Administrasi Niaga;86.71;Administrasi Niaga
8366;Street : Misteri kematian bintang sirkus;813;813;Umum;Umum;100.0;Umum
8368;Structural steel designers handbook;624.182;624;Teknik Sipil;Teknik Sipil;100.0;Teknik Sipil
8369;Studi komparasi desain bangunan tahan gempa;693.852;693;Teknik Sipil;Teknik Sipil;93.51;Teknik Sipil
8370;Sukses melamar kerja melalui internet;004.678;4;Teknik Informatika & Komputer;Teknik Informatika & Komputer;89.87;Teknik Informatika & Komputer
8371;Summer in Seoul;818;818;Umum;Umum;99.92;Umum
8372;Survai online : Panduan praktis bagi prakatisi dan akademisi;004;4;Teknik Informatika & Komputer;Teknik Informatika & Komputer;100.0;Teknik Informatika & Komputer
8373;Survei online : Panduan praktis bagi praktisi dan akademisi;006.754;6;Teknik Informatika & Komputer;Teknik Informatika & Komputer;89.49;Teknik Informatika & Komputer
8374;Swichmode power supply handbook;621.381;621;Teknik Elektro;Teknik Elektro;94.5;Teknik Elektro
8376;Teknik kerja perkakas;621.9;621;Teknik Mesin;Teknik Mesin;96.83;Teknik Mesin
8377;Teknik penulisan laporan;808.02;808;Umum;Umum;98.64;Umum
8378;Teknik swiching;004.6;4;Teknik Informatika & Komputer;Teknik Informatika & Komputer;93.49;Teknik Informatika & Komputer
8379;Teknik tenaga listrik dasar;621.37;621;Teknik Elektro;Teknik Elektro;100.0;Teknik Elektro
8380;Teknologi bahan 1;620.11;620;Teknik Mesin;Teknik Mesin;93.38;Teknik Mesin
8381;Teknologi perbankan;332.1;332;Akuntansi;Akuntansi;91.79;Akuntansi
8383;Teori dan aplikasi sistem digital;004.11;4;Teknik Informatika & Komputer;Teknik Informatika & Komputer;70.42;Teknik Informatika & Komputer
8384;teori dan soal-soal perpindahan kalor;536.6;536;Teknik Elektro;Teknik Elektro;88.22;Teknik Elektro
8385;Teori hukum ekonomi syariah;297.63;297;Umum;Umum;100.0;Umum
8386;Teori-teori belajar & pembelajaran;371.36;371;Umum;Umum;89.97;Umum
8389;the micro-hydro pelton turbine manual: design, manufacture and installation for small-scale hydropower;621.433;621;Teknik Mesin;Teknik Mesin;81.97;Teknik Mesin
8390;The new wealth management : The financial advisor's guide to managing and investing client assets;332.6;332;Akuntansi;Akuntansi;96.37;Akuntansi
8391;The psychology of investing;150;150;Umum;Umum;86.3;Umum
8392;The tab batery book : An in depth guide to construction, deign, and use;621.317;621;Teknik Elektro;Teknik Elektro;83.13;Teknik Elektro, Teknik Mesin
8393;Tip & Trik membangun aplikasi web interaktif dengan yahoo : User interface library;004.678;4;Teknik Informatika & Komputer;Teknik Informatika & Komputer;100.0;Teknik Informatika & Komputer
8394;Top tips & trik profesional 3ds max 2011;006.699;6;Teknik Informatika & Komputer;Teknik Informatika & Komputer;92.79;Teknik Informatika & Komputer
8395;Toyota under fire : Lesson for turning crisis into oportunity;629.2;629;Teknik Mesin;Teknik Mesin;100.0;Teknik Mesin
8396;Traffic engineering;625.7;625;Teknik Sipil;Teknik Sipil;78.43;Teknik Sipil
8398;Tukaran pacar;813;813;Umum;Umum;98.32;Umum
8399;Turbo coding turbo equalisation and space time coding : Exit chart aided near capacity designs for wireless chanels;621.782.2;621;Teknik Mesin;Teknik Mesin;76.66;Teknik Mesin, Teknik Elektro
8400;Twist and go (automatic transmission) scooters 50 to 250 cc with carburettor engines;621.42;621;Teknik Mesin;Teknik Mesin;89.46;Teknik Mesin
8401;Understading computers today and tomorow comprehenshive;004;4;Teknik Informatika & Komputer;Teknik Informatika & Komputer;96.59;Teknik Informatika & Komputer
8402;Understanding color : an introduction for designers;667;667;Teknik Sipil;Teknik Sipil;74.63;Teknik Sipil
8403;Unscrewed : salvage and reuse motors, gears, switches, and more from your old electronics;621.381 5;621;Teknik Elektro;Teknik Elektro;88.69;Teknik Elektro
8404;Using information technology : Pengenalan paraktis dunia komputer dan komunikasi;004.068;4;Teknik Informatika & Komputer;Teknik Informatika & Komputer;89.59;Teknik Informatika & Komputer
8405;Video editing dengan financle studio 9;006.6;6;Teknik Informatika & Komputer;Teknik Informatika & Komputer;83.35;Teknik Informatika & Komputer
8406;Video editing dengan ulead video studio 11.5;384.558;384;Administrasi Niaga;Administrasi Niaga;100.0;Administrasi Niaga
8407;Water and wastewater engineering : design principles and practice;628.1;628;Teknik Sipil;Teknik Sipil;85.79;Teknik Sipil
8408;Web Design : DeMystified;005.365;5;Teknik Informatika & Komputer;Teknik Informatika & Komputer;91.29;Teknik Informatika & Komputer
8409;Whitney, Cintaku;813;813;Umum;Umum;100.0;Umum
8410;Word 2010 unlocked : 151 hal penting seputer microsoft word 2010;005.369;5;Teknik Informatika & Komputer;Teknik Informatika & Komputer;97.68;Teknik Informatika & Komputer
8411;Writing a built environment dissertation : practical guidance and examples;372.673;372;Umum;Umum;82.16;Umum
8412;25 bisnis sampingan untuk karyawan;650.1;650;Administrasi Niaga;Administrasi Niaga;99.97;Administrasi Niaga
8413;25 kreasi grafis populer dengan coreldraw x6;006.68;6;Teknik Informatika & Komputer;Teknik Informatika & Komputer;93.56;Teknik Informatika & Komputer
8414;3D studio Max 2012;006.696;6;Teknik Informatika & Komputer;Teknik Informatika & Komputer;100.0;Teknik Informatika & Komputer
8415;7 keajaiban rezeki : Rezeki bertambah, nasib berubah, dalam 99 hari, dengan otak kanan;128.2;128;Umum;Umum;95.67;Umum
8416;a textbook of fluid mechanics;620.106;620;Teknik Mesin;Teknik Mesin;84.63;Teknik Mesin, Teknik Elektro
8417;a textbook thermal engineering;621.815;621;Teknik Mesin;Teknik Mesin;79.03;Teknik Mesin, Teknik Elektro
8418;Accounting information systems : understanding business processes;657.028 5;657;Akuntansi;Akuntansi;80.53;Akuntansi, Administrasi Niaga
8419;Accounting principles using excel for success;657;657;Akuntansi;Akuntansi;100.0;Akuntansi
8420;Adobe after effects CS5;006.7;6;Teknik Informatika & Komputer;Teknik Informatika & Komputer;100.0;Teknik Informatika & Komputer
8421;Adobe premiere CS5.5 untuk untuk membuat kreasi videokreatif;006.7;6;Teknik Informatika & Komputer;Teknik Informatika & Komputer;100.0;Teknik Informatika & Komputer
8423;Advance programming in java (pemrograman java lanjut);005.6;5;Teknik Informatika & Komputer;Teknik Informatika & Komputer;93.5;Teknik Informatika & Komputer
8425;Advanced financial accounting;657.48;657;Akuntansi;Akuntansi;100.0;Akuntansi
8427;Akuntansi keuangan : berdasarkan SAK berbasis IFRS;657.3;657;Akuntansi;Akuntansi;100.0;Akuntansi
8430;Akuntansi perbankan syariah berbasis PSAK syariah;657.833;657;Akuntansi;Akuntansi;100.0;Akuntansi
8431;Akuntansi pernbankan syariah : teori dan praktik kontemporer;657.833;657;Akuntansi;Akuntansi;100.0;Akuntansi
8434;Akuntansi sektor publik : teori, konsep, dan aplikasi;658.151;658;Administrasi Niaga;Administrasi Niaga;61.99;Administrasi Niaga, Akuntansi
8435;Alat Berat;621.902;621;Teknik Mesin;Teknik Mesin;92.48;Teknik Mesin
8437;An American engineer in China;607.251;607;Teknik Mesin;Teknik Mesin;77.47;Teknik Mesin, Umum
8439;Analisis dan desain berorientasi servis untuk aplikasi manajemen proyek;658.404;658;Administrasi Niaga;Administrasi Niaga;88.28;Administrasi Niaga
8440;Analisis SEM menggunakan AMOS;005.1;5;Teknik Informatika & Komputer;Teknik Informatika & Komputer;90.6;Teknik Informatika & Komputer
8441;Analisis serangan dan keamanan pada aplikasi web;005.8;5;Teknik Informatika & Komputer;Teknik Informatika & Komputer;90.59;Teknik Informatika & Komputer
8443;Ancaman alami, bencana tidak alami : ekonomi untuk pencegahan yang efektif;338.9;338;Administrasi Niaga;Administrasi Niaga;96.91;Administrasi Niaga
8444;Aplikasi program terintegrasi dengan visual basic 6.0 : Inventori, Penjualan, pembelian, hutang piutang;005.262;5;Teknik Informatika & Komputer;Teknik Informatika & Komputer;96.7;Teknik Informatika & Komputer
8445;Applied mechanics and strength of materials;620.11;620;Teknik Mesin;Teknik Mesin;87.41;Teknik Mesin
8446;Aspek hukum perbankan syariah di Indonesia;297.427;297;Umum;Umum;93.66;Umum
8447;Auditing and assurance services an integrated approach;657.836;657;Akuntansi;Akuntansi;94.83;Akuntansi
8448;Automobile electrical and electronic systems;621.381;621;Teknik Elektro;Teknik Elektro;80.17;Teknik Elektro
8449;Ayahku : bukan pembohong;813;813;Umum;Umum;100.0;Umum
8450;Ayat-ayat dan hadis ekonomi syariah;297.633;297;Umum;Umum;80.91;Umum
8451;Bagaimana siswa belajar;371.07;371;Umum;Umum;96.89;Umum
8452;Bank dan lembaga keuangan syariah;332.1;332;Akuntansi;Akuntansi;88.35;Akuntansi
8453;Basic marketing research : integration of social media;658.8;658;Administrasi Niaga;Administrasi Niaga;94.32;Administrasi Niaga
8454;Basic trouble shooting;620.1;620;Teknik Mesin;Teknik Mesin;91.63;Teknik Mesin
8455;Ben Mboi : Memoar seorang dokter, prajurit, pamong praja;920.71;920;Umum;Umum;100.0;Umum
8456;Bengkel instalasi tenaga dan penerangan sebagai buku diktat bagi mata kuliah bengkel listrik industri 1;621.773;621;Teknik Mesin;Teknik Mesin;77.71;Teknik Mesin, Teknik Elektro
8457;Beragam desain game edukasi dengan adobe flash CS5;658.403;658;Administrasi Niaga;Administrasi Niaga;100.0;Administrasi Niaga
8458;Berani mentertawakan diri sendiri;155.25;155;Umum;Umum;97.92;Umum
8459;Berjalan menembus batas;920.02;920;Umum;Umum;100.0;Umum
8460;Bikin animasi karakter robot dengan 3ds Max 2012;006.7;6;Teknik Informatika & Komputer;Teknik Informatika & Komputer;93.17;Teknik Informatika & Komputer
8462;Biologi : kesatuan dan keragaman makhluk hidup;574.8;574;Sains;Sains;90.09;Sains
8463;Bisnis dan perdagangan internasional;383;383;Administrasi Niaga;Administrasi Niaga;92.95;Administrasi Niaga
8464;Buku ajar : ekonomi mikro Islam;339.5;339;Administrasi Niaga;Administrasi Niaga;82.69;Administrasi Niaga, Umum
8465;Buku ajar dasar-dasar manajemen : untuk mahasiswa semester III ps jalan tol PNJ;658;658;Administrasi Niaga;Administrasi Niaga;76.14;Administrasi Niaga
8466;Buku ajar etika bisnis dan aspek hukum;174.4;174;Umum;Umum;95.42;Umum
8467;Buku ajar hukum dan etika bisnis;174;174;Umum;Umum;100.0;Umum
8468;Buku ajar konstruksi beton 2 untuk jembatan;690;690;Teknik Sipil;Teknik Sipil;100.0;Teknik Sipil
8469;Buku ajar konstruksi beton I jalan tol;690;690;Teknik Sipil;Teknik Sipil;96.97;Teknik Sipil
8470;Buku ajar manajemen kearsipan dan sistem filing;651.5;651;Administrasi Niaga;Administrasi Niaga;100.0;Administrasi Niaga
8471;Buku ajar matematika terapan : untuk mahasiswa D-IV perancangan jalan dan jembatan;510;510;Matematika;Matematika;93.05;Matematika
8472;Buku ajar myob accounting;005;5;Teknik Informatika & Komputer;Teknik Informatika & Komputer;81.57;Teknik Informatika & Komputer, Akuntansi
8473;Buku ajar pengantar perbankan;332.1;332;Akuntansi;Akuntansi;100.0;Akuntansi
8474;Buku ajar praktek bank;332.1;332;Akuntansi;Akuntansi;100.0;Akuntansi
8475;Buku ajar sistem informasi akuntansi;657;657;Akuntansi;Akuntansi;94.64;Akuntansi
8476;Buku ajar statistika penerbitan;519.54;519;Matematika;Matematika;100.0;Matematika
8477;Buku diktat ekonomi makro islam;339.5;339;Administrasi Niaga;Administrasi Niaga;86.69;Administrasi Niaga
8478;Buku diktat fundamental hydraulic system;621.26;621;Teknik Mesin;Teknik Mesin;84.34;Teknik Mesin
8479;Buku latihan tes iq dan psikometri;153.93;153;Umum;Umum;98.25;Umum
8480;Buku panduan cara pengisian formulir ekspor impor, manajemen pembiayaan ekspor impor serta standarisasi produk ekspor;351.827 6;351;Umum;Umum;70.65;Umum, Administrasi Niaga
8481;Buku pengajaran kinematika & dinamika untuk sm 3 teknik mesin;620.1;620;Teknik Mesin;Teknik Mesin;100.0;Teknik Mesin
8482;Buku pintar keuangan syariah;332.1;332;Akuntansi;Akuntansi;100.0;Akuntansi
8483;Buku pintar pemrograman WEB;005.262;5;Teknik Informatika & Komputer;Teknik Informatika & Komputer;99.05;Teknik Informatika & Komputer
8484;Buku pintar penyuntingaan naskah;808.027;808;Umum;Umum;100.0;Umum
8485;Business correnspondence (revised edition);651.6;651;Administrasi Niaga;Administrasi Niaga;100.0;Administrasi Niaga
8486;CAD/CAM : principles and aplications;621.3;621;Teknik Elektro;Teknik Elektro;65.96;Teknik Elektro, Teknik Mesin
8487;Cara menggunakan dan memaknai path analysis;001.42;1;Teknik Informatika & Komputer;Teknik Informatika & Komputer;86.06;Teknik Informatika & Komputer
8488;Cara mudah membuat robot trading profitable dengan EA MArtiagle dan EA Scalping;629.8;629;Teknik Mesin;Teknik Mesin;82.14;Teknik Mesin, Teknik Informatika & Komputer
8489;Cara mudah menembus wawancara kerja dalam bahasa inggris;156.315;156;Umum;Umum;100.0;Umum
8490;Cara mudah menulis artikel koran : panduam praktis bagi penulis pemula pelengkap materi perkuliahan menulis di perguruan tinggi;415.5;415;Umum;Umum;83.19;Umum
8491;Cara sehat investasi di pasar modal : pengantar menjadi investor profesional;332.6;332;Akuntansi;Akuntansi;95.44;Akuntansi
8492;Cartoon guide : Step by step way to make your favourite cartoon movie with flash & After effects;741.5;741;Teknik Grafika & Penerbitan;Teknik Grafika & Penerbitan;75.74;Teknik Grafika & Penerbitan, Teknik Informatika & Komputer
8493;Cepat mahir ASP.Net 3.5 untuk aplikasi web interaktif;005.3;5;Teknik Informatika & Komputer;Teknik Informatika & Komputer;100.0;Teknik Informatika & Komputer
8494;Cinderella tuathina;813;813;Umum;Umum;100.0;Umum
8495;Cisco CCNA & jaringan komputer;004.6;4;Teknik Informatika & Komputer;Teknik Informatika & Komputer;100.0;Teknik Informatika & Komputer
8496;Cisco CCNP dan jaringan komputer;004.68;4;Teknik Informatika & Komputer;Teknik Informatika & Komputer;100.0;Teknik Informatika & Komputer
8498;Competition engine building;629.250 4;629;Teknik Mesin;Teknik Mesin;100.0;Teknik Mesin
8499;Computational colour science using matlab;535.602;535;Teknik Elektro;Teknik Elektro;87.46;Teknik Elektro
8500;Construction science and materials;624.18;624;Teknik Sipil;Teknik Sipil;100.0;Teknik Sipil
8501;Corel ulead video studio : Panduan praktis;006.68;6;Teknik Informatika & Komputer;Teknik Informatika & Komputer;89.99;Teknik Informatika & Komputer
8503;Create your dream wedding invitation : Membuat ubdangan pernikahan kreatif dengan photoshop;006.68;6;Teknik Informatika & Komputer;Teknik Informatika & Komputer;96.61;Teknik Informatika & Komputer
8504;Dahlan juga manusia;923.6;923;Umum;Umum;100.0;Umum
8506;Dasar teknik digital;621.381;621;Teknik Elektro;Teknik Elektro;98.8;Teknik Elektro
8507;Dasar-dasar logika;160;160;Umum;Umum;77.12;Umum
8508;Dasar-dasar mesin perkakas cnc1 mesin frais cnc tu-3a;621.8;621;Teknik Mesin;Teknik Mesin;100.0;Teknik Mesin
8511;Dasar-dasar teknik pengujian tegangan tinggi;621.319;621;Teknik Elektro;Teknik Elektro;92.99;Teknik Elektro
8512;Database processing : Dasar-dasar, desain & implementasi;005.74;5;Teknik Informatika & Komputer;Teknik Informatika & Komputer;88.77;Teknik Informatika & Komputer
8513;Designing information : human factors and common sense in information design;658.827;658;Administrasi Niaga;Administrasi Niaga;82.32;Administrasi Niaga
8514;Digital forensic : panduan praktis investigasi komputer;005.42;5;Teknik Informatika & Komputer;Teknik Informatika & Komputer;77.2;Teknik Informatika & Komputer
8515;Diktat aplikasi komputer akuntansi myob accounting ver. 13;005.3;5;Teknik Informatika & Komputer;Teknik Informatika & Komputer;83.88;Teknik Informatika & Komputer, Akuntansi
8516;Diktat Elektronika Daya (teori dan aplikasi);621.381;621;Teknik Elektro;Teknik Elektro;87.29;Teknik Elektro
8517;Diktat kuliah pemrograman PLC;629.8;629;Teknik Mesin;Teknik Mesin;83.15;Teknik Mesin, Teknik Informatika & Komputer
8518;Diktat lembaga keuangan syariah;332.1;332;Akuntansi;Akuntansi;94.58;Akuntansi
8519;Diktat pengantar desain grafis;741.6;741;Teknik Grafika & Penerbitan;Teknik Grafika & Penerbitan;98.58;Teknik Grafika & Penerbitan
8520;Diktat proyek elektronika digital berbasis komputer;621.84;621;Teknik Mesin;Teknik Mesin;61.11;Teknik Mesin, Teknik Elektro
8521;Dinamika kelompok : teori dan keterampilan;302.3;302;Umum;Umum;95.94;Umum
8522;Distro grafi : kreasi desain kaos distro dengan coreldraw;006.686;6;Teknik Informatika & Komputer;Teknik Informatika & Komputer;88.75;Teknik Informatika & Komputer
8523;Dundamentals of organizational communication : Knowledge, sensityvity, skills, values;658.45;658;Administrasi Niaga;Administrasi Niaga;98.05;Administrasi Niaga
8524;Ekologi asia tenggara : kepulauan Indonesia;574.8;574;Sains;Sains;82.83;Sains
8525;Ekologi pariwisata : tata laksana pengelolaan objek dan daya tarik wisata;910.2;910;Umum;Umum;100.0;Umum
8528;Ekonomi perusahaan industri grafika;330;330;Administrasi Niaga;Administrasi Niaga;100.0;Administrasi Niaga
8529;Electric power systems;621.319;621;Teknik Elektro;Teknik Elektro;96.93;Teknik Elektro
8530;Electric power systems : a first course;621.319;621;Teknik Elektro;Teknik Elektro;91.23;Teknik Elektro
8531;English for sharia banking and finance III;420;420;Umum;Umum;94.5;Umum
8532;English I;420;420;Umum;Umum;100.0;Umum
8533;Entrepreneurship untuk sma/smk;338.04;338;Administrasi Niaga;Administrasi Niaga;100.0;Administrasi Niaga
8534;Entrepreneurship untuk smp;338.04;338;Administrasi Niaga;Administrasi Niaga;93.7;Administrasi Niaga
8536;Etika profesi dan bisnis;174.4;174;Umum;Umum;89.72;Umum
8538;Experimental methods for engineers;620.007;620;Teknik Mesin;Teknik Mesin;82.91;Teknik Mesin
8539;Extending and improving your home : an introduction;690.24;690;Teknik Sipil;Teknik Sipil;88.58;Teknik Sipil
8540;Financial institutions & markets;332.106;332;Akuntansi;Akuntansi;81.76;Akuntansi, Administrasi Niaga
8541;Financial markets and institutions;332;332;Akuntansi;Akuntansi;100.0;Akuntansi
8542;Fiqh ekonomi syariah :  fiqh muamalah;332.1;332;Akuntansi;Akuntansi;80.24;Akuntansi, Umum
8544;Focus notes : financial accounting and reporting;657.3;657;Akuntansi;Akuntansi;100.0;Akuntansi
8545;Focus notes : regulation;343.07;343;Umum;Umum;75.46;Umum, Akuntansi
8546;Fraud smart;658.473;658;Administrasi Niaga;Administrasi Niaga;79.87;Administrasi Niaga, Akuntansi
8548;Getaran mekanik;620.3;620;Teknik Mesin;Teknik Mesin;93.65;Teknik Mesin
8550;Heavy hitter selling : salesman super;658.82;658;Administrasi Niaga;Administrasi Niaga;100.0;Administrasi Niaga
8551;Hidrologi : teori dan contoh aplikasi model hidrologi;551.46;551;Sains;Sains;93.72;Sains
8552;Hidrologi terapan;551.48;551;Sains;Sains;95.69;Sains
8553;Honda accord 2003 thru 2011;621.42;621;Teknik Mesin;Teknik Mesin;86.44;Teknik Mesin
8554;Honda ANF125 Innova;621.42;621;Teknik Mesin;Teknik Mesin;82.35;Teknik Mesin
8555;How To master tenses only 10 minuts;421;421;Umum;Umum;91.06;Umum
8556;How to port & flow test;621.42;621;Teknik Mesin;Teknik Mesin;96.54;Teknik Mesin
8557;IFRS for SMEs : untuk usaha kecil menengah atau entitas tanpa akuntabilitas publik;657.3;657;Akuntansi;Akuntansi;91.93;Akuntansi
8558;Ifrs made easy;657.3;657;Akuntansi;Akuntansi;90.86;Akuntansi
8559;Ilmu bahan grafika 3;741.2;741;Teknik Grafika & Penerbitan;Teknik Grafika & Penerbitan;97.32;Teknik Grafika & Penerbitan
8560;Information technology essential 1& 2;658.403 8;658;Administrasi Niaga;Administrasi Niaga;100.0;Administrasi Niaga
8561;Instrumentasi & alat ukur;621.37;621;Teknik Elektro;Teknik Elektro;81.72;Teknik Elektro, Teknik Informatika & Komputer
8562;Instrumentation and measurement;681.2;681;Teknik Mesin;Teknik Mesin;67.03;Teknik Mesin, Teknik Informatika & Komputer, Teknik Elektro
8563;Interaksi arduino dan lab view;005.1;5;Teknik Informatika & Komputer;Teknik Informatika & Komputer;100.0;Teknik Informatika & Komputer
8565;International economics : theory & policy;337.1;337;Administrasi Niaga;Administrasi Niaga;91.3;Administrasi Niaga
8566;International hospitality management;647.94;647;Umum;Umum;77.7;Umum, Administrasi Niaga
8567;Interviu : prinsip dan praktik;158.3;158;Umum;Umum;83.93;Umum
8569;Introduction to manufacturing processes;670;670;Teknik Mesin;Teknik Mesin;100.0;Teknik Mesin
8571;Islamic business and economic ethic;297.63;297;Umum;Umum;98.63;Umum
8572;Islamic economics & finance : ekonomi dan keuangan Islam bukan alternatif, tetapi solusi;297.273;297;Umum;Umum;64.96;Umum, Administrasi Niaga
8573;Jadi penulis? siapa takut!;809.3;809;Umum;Umum;83.19;Umum
8575;Java : How to program;005.262;5;Teknik Informatika & Komputer;Teknik Informatika & Komputer;100.0;Teknik Informatika & Komputer
8576;Java software solutions;005.262;5;Teknik Informatika & Komputer;Teknik Informatika & Komputer;100.0;Teknik Informatika & Komputer
8577;Jurnalistik terapan;070.4;70;Teknik Grafika & Penerbitan;Teknik Grafika & Penerbitan;91.92;Teknik Grafika & Penerbitan
8578;Kamus populer transportasi dan logistik;413;413;Umum;Umum;80.23;Umum
8579;Kartografi;526.022 1;526;Sains;Sains;74.77;Sains
8580;Kasus-kasus etika bisnis dan profesi;174.4;174;Umum;Umum;100.0;Umum
8581;Kau, aku, dan sepucuk angpau merah;813;813;Umum;Umum;97.54;Umum
8582;Kesekretariatan untuk bisnis;651.3;651;Administrasi Niaga;Administrasi Niaga;99.73;Administrasi Niaga
8583;Keuangan syariah : buku pintar;332.1;332;Akuntansi;Akuntansi;97.5;Akuntansi
8584;Kewirausahaan : teori, praktik, dan kasus-kasus;338.04;338;Administrasi Niaga;Administrasi Niaga;87.77;Administrasi Niaga
8585;Kewirausahaan : untuk mahasiswa semester v program studi teknik elektronika industri;338.04;338;Administrasi Niaga;Administrasi Niaga;85.58;Administrasi Niaga
8586;Chairul Tanjung : Si anak singkong;920;920;Umum;Umum;100.0;Umum
8587;Khilafah & mamah : penjelasan lengkap atas ide kepemimpinan Islam;297;297;Umum;Umum;100.0;Umum
8588;Kimia terapan untuk mahasiswa semester 2;540;540;Teknik Sipil;Teknik Sipil;86.97;Teknik Sipil
8589;Kinerja pegawai : Teori pengukuran dan implikasi;658.3;658;Administrasi Niaga;Administrasi Niaga;100.0;Administrasi Niaga
8590;Koleksi program vb.net untuk tugas akhir dan skripsi;005.262;5;Teknik Informatika & Komputer;Teknik Informatika & Komputer;98.32;Teknik Informatika & Komputer
8591;Komik 50 tokoh penggerak dunia;741.151;741;Teknik Grafika & Penerbitan;Teknik Grafika & Penerbitan;78.57;Teknik Grafika & Penerbitan, Umum
8592;Komunikasi  pembangunan  : pendekatan terpadu;302.2;302;Umum;Umum;93.43;Umum
8593;Komunikasi pemasaran;380.06;380;Administrasi Niaga;Administrasi Niaga;100.0;Administrasi Niaga
8594;Komunikasi penerbitan;070.5;70;Teknik Grafika & Penerbitan;Teknik Grafika & Penerbitan;81.9;Teknik Grafika & Penerbitan
8595;Kreasi animasi kartun dengan adobe flash;006.7;6;Teknik Informatika & Komputer;Teknik Informatika & Komputer;100.0;Teknik Informatika & Komputer
8596;Kreasi efek video dengan adobe after effects CS5.5;006.7;6;Teknik Informatika & Komputer;Teknik Informatika & Komputer;100.0;Teknik Informatika & Komputer
8597;Kupas tuntas adobe flash profesional CS5.5;006.6;6;Teknik Informatika & Komputer;Teknik Informatika & Komputer;100.0;Teknik Informatika & Komputer
8598;Laboratorium dasar pengukuran elektronika;621.37;621;Teknik Elektro;Teknik Elektro;100.0;Teknik Elektro
8599;Laboratorium komunikasi data;004.6;4;Teknik Informatika & Komputer;Teknik Informatika & Komputer;87.92;Teknik Informatika & Komputer
8600;Laporan pembangunan dunia : konflik, keamanan, dan pembangunan;338.9;338;Administrasi Niaga;Administrasi Niaga;89.1;Administrasi Niaga
8601;Large-scale solar power systems : construction and economics;621.312 44;621;Teknik Elektro;Teknik Elektro;80.95;Teknik Elektro
8602;Linguistik umum;410;410;Umum;Umum;100.0;Umum
8603;Linux administration : a beginner's guide;005.432;5;Teknik Informatika & Komputer;Teknik Informatika & Komputer;92.44;Teknik Informatika & Komputer
8604;Luxury retail management : How the world's top brands provide quality product and service suport;658.87;658;Administrasi Niaga;Administrasi Niaga;100.0;Administrasi Niaga
8605;Machine : Component design;621.8;621;Teknik Mesin;Teknik Mesin;100.0;Teknik Mesin
8606;Machine component;621.8;621;Teknik Mesin;Teknik Mesin;97.47;Teknik Mesin
8607;Machine component design;621.8;621;Teknik Mesin;Teknik Mesin;100.0;Teknik Mesin
8610;Managing quality service in hospitality : how organizations achieve excellence in the guest experience;658.562;658;Administrasi Niaga;Administrasi Niaga;88.08;Administrasi Niaga
8611;Managing risks in commercial and retail banking;658.155;658;Administrasi Niaga;Administrasi Niaga;89.26;Administrasi Niaga
8612;Managing the nation with tantri abeng : 26 narasumber anak bangsa;158.5;158;Umum;Umum;98.69;Umum
8613;Manajemen dana dan kesehatan bank;332.106 8;332;Akuntansi;Akuntansi;82.77;Akuntansi
8614;Manajemen emosi : sebuah panduan cerdas bagaimana mengelola emosi positif dalam hidup anda;152.4;152;Umum;Umum;86.12;Umum
8616;Manajemen perbankan : teori dan aplikasi;332.1;332;Akuntansi;Akuntansi;87.51;Akuntansi
8618;Manajemen proyek : Perencanaan, penjadwalan, dan pengendalian proyek;658.404;658;Administrasi Niaga;Administrasi Niaga;99.28;Administrasi Niaga
8619;Manajemen proyek lanjutan;658.404;658;Administrasi Niaga;Administrasi Niaga;96.21;Administrasi Niaga
8621;Manusia dan alam semesta : konsepsi sains dan islam;297.265;297;Umum;Umum;100.0;Umum
8622;Marketing : real people real choices;658.8;658;Administrasi Niaga;Administrasi Niaga;100.0;Administrasi Niaga
8623;MAstering 3ds max 2012;006.7;6;Teknik Informatika & Komputer;Teknik Informatika & Komputer;100.0;Teknik Informatika & Komputer
8624;Matematika bisnis syariah;510;510;Matematika;Matematika;92.67;Matematika
8625;Matematika terapan untuk semester III;510;510;Matematika;Matematika;99.28;Matematika
8626;Meggs' history of graphic gesign;741.6;741;Teknik Grafika & Penerbitan;Teknik Grafika & Penerbitan;96.61;Teknik Grafika & Penerbitan
8627;Mekanika rekayasa;620.1;620;Teknik Mesin;Teknik Mesin;61.0;Teknik Mesin, Teknik Elektro
8628;Mekanika robot berkaki;629.892;629;Teknik Mesin;Teknik Mesin;92.42;Teknik Mesin
8629;Mekanika robot kerkaki;629.892;629;Teknik Mesin;Teknik Mesin;92.97;Teknik Mesin
8631;Memahami ifrs : standar pelaporan keuangan internasional;657.3;657;Akuntansi;Akuntansi;98.58;Akuntansi
8632;Memahami secara singkat : struktur komposit antara beton dan baja;624.183 4;624;Teknik Sipil;Teknik Sipil;97.8;Teknik Sipil
8633;Membangun sistem basis data dengan oracleXE;005.74;5;Teknik Informatika & Komputer;Teknik Informatika & Komputer;91.58;Teknik Informatika & Komputer
8634;Membuat aplikasi stok inventori denngan visual basic 6.0;005.262;5;Teknik Informatika & Komputer;Teknik Informatika & Komputer;100.0;Teknik Informatika & Komputer
8636;Mengolah data bisnis dengan SPSS 20;0040285;4;Teknik Informatika & Komputer;Teknik Informatika & Komputer;73.12;Teknik Informatika & Komputer
8637;Menguasai microsoft office 2007 dan internet untuk sekretaris perkantoran;005.369;5;Teknik Informatika & Komputer;Teknik Informatika & Komputer;97.25;Teknik Informatika & Komputer
8638;Menjelajah dunia komputer : Hidup dalam era digital;004.028;4;Teknik Informatika & Komputer;Teknik Informatika & Komputer;91.02;Teknik Informatika & Komputer
8639;Menulis artikel opini & kolom di media massa;415.5;415;Umum;Umum;83.56;Umum, Teknik Grafika & Penerbitan
8640;Merancang produk;658.57;658;Administrasi Niaga;Administrasi Niaga;100.0;Administrasi Niaga
8641;Metode konstruksi jembatan rangka baja;624.2;624;Teknik Sipil;Teknik Sipil;96.17;Teknik Sipil
8642;Metode penelitian komunikasi : dilengkapi contoh analisis statistik;001.42;1;Teknik Informatika & Komputer;Teknik Informatika & Komputer;82.66;Teknik Informatika & Komputer
8643;Metode penelitian kuantitatif untuk bisnis : pendekatan filosofi dan praktis;001.42;1;Teknik Informatika & Komputer;Teknik Informatika & Komputer;100.0;Teknik Informatika & Komputer
8644;Metodologi penelitian : Skripsi, tesis, disertasi, dan karya ilmiah;001.4;1;Teknik Informatika & Komputer;Teknik Informatika & Komputer;100.0;Teknik Informatika & Komputer
8645;microeconomics : principles, problems, and policies;338.5;338;Administrasi Niaga;Administrasi Niaga;100.0;Administrasi Niaga
8646;Mikro ekonomi : Teori pengantar;338.5;338;Administrasi Niaga;Administrasi Niaga;100.0;Administrasi Niaga
8647;Moralitas Islam : dalam ekonomi & bisnis;297.273;297;Umum;Umum;94.7;Umum
8648;Motor bensin modern;629.2;629;Teknik Mesin;Teknik Mesin;71.61;Teknik Mesin, Teknik Sipil
8649;MS office untuk usaha mikro, kecil, dan menengah;005.3;5;Teknik Informatika & Komputer;Teknik Informatika & Komputer;82.53;Teknik Informatika & Komputer
8650;My Partner;813;813;Umum;Umum;100.0;Umum
8651;Natural ventilation of building : theory, measurement and design;644.5;644;Umum;Teknik Sipil;53.16;Teknik Sipil, Umum
8652;Novel : Sunshine becomes you;813;813;Umum;Umum;100.0;Umum
8653;Oakai squid koneksi anti mogok : Instalasi squid, mudah konfigurasi squid, squid dalam windows;004.678;4;Teknik Informatika & Komputer;Teknik Informatika & Komputer;100.0;Teknik Informatika & Komputer
8654;Packaging design : successful product branding from concept to shelf;658.564;658;Administrasi Niaga;Administrasi Niaga;68.85;Administrasi Niaga
8655;Panduan belajar autodesk 3ds max 2010;006.7;6;Teknik Informatika & Komputer;Teknik Informatika & Komputer;100.0;Teknik Informatika & Komputer
8656;Panduan ifrs;657.3;657;Akuntansi;Akuntansi;97.14;Akuntansi
8657;Panduan lengkap pekerjaan sekretaris;651.3;651;Administrasi Niaga;Administrasi Niaga;97.02;Administrasi Niaga
8658;Panduan Praktis standar akuntansi keuangan berbasis IFRS;657;657;Akuntansi;Akuntansi;100.0;Akuntansi
8659;Papap, I Love You;813;813;Umum;Umum;100.0;Umum
8660;Pariwisata dan perhotelan;910.2;910;Umum;Umum;83.08;Umum, Administrasi Niaga
8661;Path analysis;310;310;Umum;Umum;63.45;Umum, Teknik Informatika & Komputer
8662;Pedoman praktis memahami laporan keuangan;657.3;657;Akuntansi;Akuntansi;94.68;Akuntansi
8663;Pedoman umum eyd : ejaan yang disempurnakan;411.52;411;Umum;Umum;98.44;Umum
8664;Pemikiran kritis : panduan untuk mengajukan dan menjawab pertanyaan kritis;153.4;153;Umum;Umum;94.54;Umum
8665;Pendidikan kewirausahaan;338.04;338;Administrasi Niaga;Administrasi Niaga;97.48;Administrasi Niaga
8666;Pendidikan teknologi informasi dan komunikasi : teori dan aplikasi;354.7;354;Umum;Umum;81.91;Umum, Teknik Informatika & Komputer
8667;Penelitian kualitatif : dasar-dasar;001.42;1;Teknik Informatika & Komputer;Teknik Informatika & Komputer;84.57;Teknik Informatika & Komputer
8668;Penerapan hukum perjanjian dalam transaksi di lembaga keuangan syariah;297.427;297;Umum;Umum;87.92;Umum
8669;Penerbangan dan bandar udara;629.1;629;Teknik Mesin;Teknik Mesin;85.27;Teknik Mesin
8670;Penganalisisan kesalahan Bahasa Indonesia 3;410;410;Umum;Umum;98.88;Umum
8671;Pengantar akuntansi : konsep & teknik penyusunan laporan keuangan;657;657;Akuntansi;Akuntansi;100.0;Akuntansi
8674;Pengantar pengindraan jauh digital;526;526;Sains;Sains;83.31;Sains
8675;Pengantar praktikum akuntansi versi ifrs;657;657;Akuntansi;Akuntansi;100.0;Akuntansi
8677;Pengantar sistem transportasi;629.04;629;Teknik Mesin;Teknik Mesin;71.03;Teknik Mesin
8678;Pengantar statistika ekonomi dan bisnis;519.5;519;Matematika;Matematika;90.74;Matematika
8679;Pengembangan kepribadian Islam;155.25;155;Umum;Umum;100.0;Umum
8680;Pengenalan pola, pembelajaran mesin dan pengolahan citra : prosiding seminar nasional ilmu komputer universitas diponegoro 2012;005.7;5;Teknik Informatika & Komputer;Teknik Informatika & Komputer;94.14;Teknik Informatika & Komputer
8681;Pengolahan sinyal digital dengan pemrograman matlab;621.382;621;Teknik Elektro;Teknik Elektro;76.16;Teknik Elektro, Teknik Informatika & Komputer
8682;Pengukuran teknik;621.37;621;Teknik Elektro;Teknik Elektro;95.94;Teknik Elektro
8683;Penulisan sastra kreatif;810;810;Umum;Umum;91.22;Umum
8684;Penuntun praktikum listrik dan elektronika untuk mahasiswa semester 5 program studi teknik mesin;621.3;621;Teknik Elektro;Teknik Elektro;91.74;Teknik Elektro
8685;Perahu kertas;813;813;Umum;Umum;96.63;Umum
8686;Peralatan tegangan tinggi;621.319;621;Teknik Elektro;Teknik Elektro;84.57;Teknik Elektro
8688;Perencanaan pembangunan wilayah;338.959;338;Administrasi Niaga;Administrasi Niaga;79.75;Administrasi Niaga, Umum
8689;Periklanan : Komunikasi pemasran terpadu;659.1;659;Administrasi Niaga;Administrasi Niaga;99.74;Administrasi Niaga
8690;Perilaku keorganisasian (organization behaviour) : perspektif organisasi bisnis;658.1;658;Administrasi Niaga;Administrasi Niaga;100.0;Administrasi Niaga
8691;Perilaku konsumen : implikasi pada strategi pemasaran;658.834;658;Administrasi Niaga;Administrasi Niaga;100.0;Administrasi Niaga
8692;Perilaku konsumen dalam perspektif kewirausahaan;658.834;658;Administrasi Niaga;Administrasi Niaga;100.0;Administrasi Niaga
8693;Petualangan tintin : Bintang Misterius;813;813;Umum;Umum;100.0;Umum
8694;Petualangan tintin : Perjalanan ke bulan;813;813;Umum;Umum;100.0;Umum
8695;Pinnacle studio 15 untuk pengolahan video digital;384.558;384;Administrasi Niaga;Administrasi Niaga;100.0;Administrasi Niaga
8696;Plumbing;696.1;696;Teknik Sipil;Teknik Sipil;94.21;Teknik Sipil
8697;Powell-smith and furmston's building contract casebook;343.410 7;343;Umum;Umum;91.38;Umum
8698;Practical guide to diagnosing structural movement in buildings;690.21;690;Teknik Sipil;Teknik Sipil;92.33;Teknik Sipil
8699;Praktek perkantoran Mice;651.3;651;Administrasi Niaga;Administrasi Niaga;97.38;Administrasi Niaga
8700;Praktek uji bahan 2 : program studi perancangan jalan dan jembatan jalan tol;624.2;624;Teknik Sipil;Teknik Sipil;88.47;Teknik Sipil
8701;Praktik-praktik proteksi sistem tenaga listrik;537.1;537;Teknik Elektro;Teknik Elektro;87.44;Teknik Elektro
8702;Praktikal vibrasi mekanik : teori dan praktik;620.3;620;Teknik Mesin;Teknik Mesin;85.83;Teknik Mesin
8704;Precision machining technology;681;681;Teknik Mesin;Teknik Mesin;100.0;Teknik Mesin
8705;Principles of accounting;657;657;Akuntansi;Akuntansi;92.17;Akuntansi
8706;Principles of auditing & other assurance service;657.45;657;Akuntansi;Akuntansi;100.0;Akuntansi
8707;Principles of econometrics;330.015;330;Administrasi Niaga;Administrasi Niaga;92.9;Administrasi Niaga
8709;Print and specifications reading for construksi;692.1;692;Teknik Sipil;Teknik Sipil;87.72;Teknik Sipil
8710;Printmaking revolution : new advancements in technology, safety, and sustainability;760;760;Teknik Grafika & Penerbitan;Teknik Grafika & Penerbitan;80.63;Teknik Grafika & Penerbitan
8711;Product design and development;658.57;658;Administrasi Niaga;Administrasi Niaga;93.73;Administrasi Niaga
8712;Program evaluation : Alternative approaches and practical guidelines;370;370;Umum;Umum;87.83;Umum
8713;Prosiding : pengenalan pola, pembelajaran mesin dan pengolahan citra;005.7;5;Teknik Informatika & Komputer;Teknik Informatika & Komputer;100.0;Teknik Informatika & Komputer
8714;Psikologi industri dan organisasi;158.7;158;Umum;Umum;92.17;Umum
8715;Psikologi Kepemimpinan & Inovasi;158.4;158;Umum;Umum;90.11;Umum
8716;Rahasia hati : pada cinta, ku titipkan cerita;813;813;Umum;Umum;100.0;Umum
8717;Rahasia menjadi drummer terhebat dengan iringan komputer;006.7;6;Teknik Informatika & Komputer;Teknik Informatika & Komputer;87.93;Teknik Informatika & Komputer
8718;Rangkaian elektronika analog;621.381;621;Teknik Elektro;Teknik Elektro;100.0;Teknik Elektro
8720;Rekayasa perangkat lunak : Pendekatan praktis;005.106 6;5;Teknik Informatika & Komputer;Teknik Informatika & Komputer;95.35;Teknik Informatika & Komputer
8721;Renewable energy : power for a sustainable future;621.042;621;Teknik Mesin;Teknik Mesin;88.33;Teknik Mesin
8722;Router : Teknologi, konsep, konfigurasi, dan troubleshooting;004;4;Teknik Informatika & Komputer;Teknik Informatika & Komputer;92.43;Teknik Informatika & Komputer
8723;Scada software dengan wonderware intouch;005.6;5;Teknik Informatika & Komputer;Teknik Informatika & Komputer;100.0;Teknik Informatika & Komputer
8724;Seismologi teknik & rekayasa kegempaan;551.22;551;Sains;Sains;65.53;Sains, Teknik Mesin
8725;Sejarah pemikiran ekonomi Islam;297.633;297;Umum;Umum;98.6;Umum
8726;Selling with character : Cerita keberhasilan di era horizontal dalam membangun bisnis dan hubungan pelanggan yang berkelanjutan the histories;658.85;658;Administrasi Niaga;Administrasi Niaga;100.0;Administrasi Niaga
8728;Sepatu dahlan;813;813;Umum;Umum;100.0;Umum
8729;Seri belajar cepat adobe after effects CS5;006.7;6;Teknik Informatika & Komputer;Teknik Informatika & Komputer;100.0;Teknik Informatika & Komputer
8730;Seri belajar kilat adobe after effects CS5;006.7;6;Teknik Informatika & Komputer;Teknik Informatika & Komputer;89.91;Teknik Informatika & Komputer
8731;Service management : mewujudkan layanan prima;658.8;658;Administrasi Niaga;Administrasi Niaga;88.25;Administrasi Niaga
8732;Servis dan reparasi ac (mobil dan ruangan);644.5;644;Umum;Teknik Mesin;68.09;Teknik Mesin, Umum
8734;Sistem informasi nilai akademik untuk panduan skripsi;005.262;5;Teknik Informatika & Komputer;Teknik Informatika & Komputer;94.63;Teknik Informatika & Komputer
8736;Sistem kendali 1 : untuk mahasiswa teknik listrik semester 4;621.3;621;Teknik Elektro;Teknik Elektro;80.82;Teknik Elektro
8737;Sistem perbankan syariah di Indonesia;332.1;332;Akuntansi;Akuntansi;97.45;Akuntansi
8738;Statistika deskriptif dalam bidang ekonomi dan niaga;310;310;Umum;Umum;61.06;Umum
8739;Statistika deskriptif untuk penelitian : dilengkapi perhitungan manual dan aplikasi spss versi 17;519.53;519;Matematika;Matematika;78.0;Matematika
8740;Statistika untuk penelitian;519.5;519;Matematika;Matematika;87.92;Matematika
8741;Strategi dan langkah-langkah penelitian;001.42;1;Teknik Informatika & Komputer;Teknik Informatika & Komputer;95.15;Teknik Informatika & Komputer
8742;Strategi komunikasi untuk sukses menjalin relasi;153.6;153;Umum;Umum;96.72;Umum
8743;Structural analysis;624.171;624;Teknik Sipil;Teknik Sipil;84.48;Teknik Sipil
8744;Studi tentang administrasi publik;351.07;351;Umum;Umum;89.65;Umum
8746;Sungguh hanya karena engkau aku berjilbab;813;813;Umum;Umum;100.0;Umum
8747;Sunshine becomes you;813;813;Umum;Umum;100.0;Umum
8748;Tabel konversi satuan untuk sains dan teknik;530.8;530;Teknik Elektro;Teknik Elektro;76.59;Teknik Elektro
8749;Tackling long-term global energy problems : the contribution of social science;333.7;333;Administrasi Niaga;Administrasi Niaga;77.44;Administrasi Niaga, Umum
8750;Takapul;368;368;Umum;Umum;85.68;Umum
8751;Technical english 1 for conversion energy engineering;420;420;Umum;Umum;81.48;Umum
8752;Teknik dasar elektronika komunikasi;621.381;621;Teknik Elektro;Teknik Elektro;98.35;Teknik Elektro
8753;Teknik dasar perkakas tangan;621.9;621;Teknik Mesin;Teknik Mesin;98.05;Teknik Mesin
8754;Teknik digital dasar : pendekatan praktis;621.391 6;621;Teknik Elektro;Teknik Elektro;84.44;Teknik Elektro
8755;Teknik kerja mesin perkakas;621.9;621;Teknik Mesin;Teknik Mesin;100.0;Teknik Mesin
8756;Teknik las;621.97;621;Teknik Mesin;Teknik Mesin;97.21;Teknik Mesin
8757;Teknik menulis note balok dan memainkan midi menggunakan encore;005.369;5;Teknik Informatika & Komputer;Teknik Informatika & Komputer;88.11;Teknik Informatika & Komputer
8758;Teknik mesin grafika;604.2;604;Teknik Mesin;Teknik Mesin;87.36;Teknik Mesin
8759;Teknik pantai;551.456;551;Sains;Sains;89.24;Sains
8760;Teknik pembelajaran mesin cerdas;604.2;604;Teknik Mesin;Teknik Mesin;88.86;Teknik Mesin
8762;Teknik perhitungan debit rencana bangunan air;627.8;627;Teknik Sipil;Teknik Sipil;93.2;Teknik Sipil
8763;Teknik Spektroskopi untuk elusidasi struktur molekul;543.5;543;Teknik Sipil;Teknik Sipil;86.44;Teknik Sipil
8765;Teori dan aplikasi kesehatan kerja;331.255 4;331;Administrasi Niaga;Administrasi Niaga;62.05;Administrasi Niaga, Umum
8766;Teori dan aplikasi metode elemen hingga;620.001;620;Teknik Mesin;Teknik Mesin;47.42;Teknik Mesin, Teknik Sipil
8767;Teori dan praktik hotel front office;647.940;647;Umum;Umum;91.56;Umum
8768;Teori komunikasi : Theories of human communication;302.2;302;Umum;Umum;91.73;Umum
8769;Test pack;813;813;Umum;Umum;100.0;Umum
8770;Testinng applications on the web : Test planning for mobile and internet based systems;004.678;4;Teknik Informatika & Komputer;Teknik Informatika & Komputer;78.23;Teknik Informatika & Komputer
8771;Textile printing;746.6;746;Teknik Grafika & Penerbitan;Teknik Grafika & Penerbitan;83.17;Teknik Grafika & Penerbitan
8772;the Andrews vs the rosehill;813;813;Umum;Umum;100.0;Umum
8773;the girl you left behind = gadis yang kau tinggalkan;813;813;Umum;Umum;100.0;Umum
8774;The ultimate power of shalat dhuha;297.321;297;Umum;Umum;100.0;Umum
8775;The ultimate power of shalat tahajud;297.321;297;Umum;Umum;100.0;Umum
8776;Toward more sustainable infrastructure : project evaluation for planners and engineers;338.927;338;Administrasi Niaga;Administrasi Niaga;91.3;Administrasi Niaga
8777;Typographic design : form and communication;686.224;686;Teknik Grafika & Penerbitan;Teknik Grafika & Penerbitan;83.24;Teknik Grafika & Penerbitan
8778;Vb Net untuk semua tingkatan;005.262;5;Teknik Informatika & Komputer;Teknik Informatika & Komputer;98.12;Teknik Informatika & Komputer
8779;Ventura bersama (joint venture);657;657;Akuntansi;Akuntansi;93.15;Akuntansi
8780;Venture capital private wquity and the financing of enterpreneuship : The power of active investing;658.15224;658;Administrasi Niaga;Administrasi Niaga;85.05;Administrasi Niaga
8781;Visualisasi desain rumah dengan 3D studio max dan pinancle studio;729;729;Teknik Grafika & Penerbitan;Teknik Grafika & Penerbitan;81.27;Teknik Grafika & Penerbitan
8782;Web design : Introductory;006.7;6;Teknik Informatika & Komputer;Teknik Informatika & Komputer;85.68;Teknik Informatika & Komputer
8783;Web makin dahsyat dengan jquery : Pembahasan dimulai dari awal sampai implementasi di website;004.678;4;Teknik Informatika & Komputer;Teknik Informatika & Komputer;96.39;Teknik Informatika & Komputer
8784;Web programming for beginners;005.262;5;Teknik Informatika & Komputer;Teknik Informatika & Komputer;100.0;Teknik Informatika & Komputer
8785;Welding and metal fabrication;621.97;621;Teknik Mesin;Teknik Mesin;98.03;Teknik Mesin
8786;Welding processes and technology;621.97;621;Teknik Mesin;Teknik Mesin;97.61;Teknik Mesin
8787;Wonderful advertising with coreldraw;006.6;6;Teknik Informatika & Komputer;Teknik Informatika & Komputer;87.66;Teknik Informatika & Komputer
8788;101 design methods : a structured approach for drivimh innovation in your organization;658.406 3;658;Administrasi Niaga;Administrasi Niaga;80.55;Administrasi Niaga
8789;A graphic design student's guide to freelance;741.602 3;741;Teknik Grafika & Penerbitan;Teknik Grafika & Penerbitan;87.19;Teknik Grafika & Penerbitan
8790;a textbook of machine design;621.81;621;Teknik Mesin;Teknik Mesin;100.0;Teknik Mesin
8791;Administrasi bank : manual operasional kantor cabang;332.1;332;Akuntansi;Akuntansi;85.88;Akuntansi
8793;Akuntansi syariah di Indonesia;657;657;Akuntansi;Akuntansi;99.36;Akuntansi
8794;Analisis data ekonomi dengan menggunakan spss;330.028 5;330;Administrasi Niaga;Administrasi Niaga;82.82;Administrasi Niaga
8795;Analisis isi: Pengantar metodologi untuk penelitian ilmu komunikasi dan ilmu-ilmu sosial lainnya;001.42;1;Teknik Informatika & Komputer;Teknik Informatika & Komputer;81.85;Teknik Informatika & Komputer, Umum
8796;Analisis laporan keuangan lanjutan;657.3;657;Akuntansi;Akuntansi;96.94;Akuntansi
8797;Analisis sistem pengendalian proses;620;620;Teknik Mesin;Teknik Mesin;80.83;Teknik Mesin
8798;Antenna theory and design;621.382;621;Teknik Elektro;Teknik Elektro;89.04;Teknik Elektro
8800;Audit berbasis ISA;657.45;657;Akuntansi;Akuntansi;100.0;Akuntansi
8801;Cara menggunakan dan memaknai path analysis (analisis jalur);001.42;1;Teknik Informatika & Komputer;Teknik Informatika & Komputer;82.59;Teknik Informatika & Komputer
8802;Cara menulis abstrak : strategi untuk mengorganisir pikiran anda dalam menulis abstrak ...;808.062;808;Umum;Umum;83.14;Umum, Teknik Informatika & Komputer
8803;Cerita dibalik noda : 42 kisah inspirasi jiwa;808.3;808;Umum;Umum;99.65;Umum
8804;Community relations : konsep dan aplikasinya;659.2;659;Administrasi Niaga;Administrasi Niaga;93.2;Administrasi Niaga
8805;Competitiveness of special economic zone : comparison between Indonesia, Malaysia, Thailand and China;330.93;330;Administrasi Niaga;Administrasi Niaga;97.65;Administrasi Niaga
8806;Complete grammar of the english language;428;428;Umum;Umum;100.0;Umum
8807;Creating exhibitions;069.5;69;Umum;Umum;57.55;Umum, Administrasi Niaga
8808;Credit management handbook : teori, konsep, prosedur, dan aplikasi serta panduan praktis bankir, mahasiswa, dan nasabah;658.88;658;Administrasi Niaga;Administrasi Niaga;98.44;Administrasi Niaga
8809;Delivering sustainable buildings : an industry insider'a;690.0286;690;Teknik Sipil;Teknik Sipil;95.77;Teknik Sipil
8810;Designing b2b brands : lessons from Deloitte and 195000 brands managers;658.827;658;Administrasi Niaga;Administrasi Niaga;100.0;Administrasi Niaga
8811;Digital design and computer architecture;621.39;621;Teknik Elektro;Teknik Elektro;83.1;Teknik Elektro, Teknik Informatika & Komputer
8812;E-commerce 2013: business. technology. society;658.84;658;Administrasi Niaga;Administrasi Niaga;97.56;Administrasi Niaga
8813;Economics of strategy;339.41;339;Administrasi Niaga;Administrasi Niaga;100.0;Administrasi Niaga
8815;Ekonomi publik : ekonomi untuk kesejahteraan rakyat;330;330;Administrasi Niaga;Administrasi Niaga;94.05;Administrasi Niaga
8816;Electric railways and tramways their construction and operation : a practical handbook;621.319;621;Teknik Elektro;Teknik Elektro;79.92;Teknik Elektro
8817;Elektrokimia dan aplikasinya;541.37;541;Teknik Sipil;Teknik Sipil;75.81;Teknik Sipil
8818;Elemen struktur beton bertulang geopolymer;693.54;693;Teknik Sipil;Teknik Sipil;99.09;Teknik Sipil
8819;Engineering design;604.2;604;Teknik Mesin;Teknik Mesin;93.78;Teknik Mesin
8820;Engineering management;620.006;620;Teknik Mesin;Teknik Mesin;100.0;Teknik Mesin
8821;Engineering materials & metallurgy;620.11;620;Teknik Mesin;Teknik Mesin;85.27;Teknik Mesin
8823;Entrepreneurship successfully launching new ventures;658.421;658;Administrasi Niaga;Administrasi Niaga;100.0;Administrasi Niaga
8824;Financial management for public, health, and not-for-profit organizations;658.15;658;Administrasi Niaga;Administrasi Niaga;82.08;Administrasi Niaga, Umum
8825;Fisika batuan : pendekatan estimasi permeabilitas dan saturasi air berbasiskan data seismik;530.4;530;Teknik Elektro;Teknik Elektro;79.05;Teknik Elektro, Teknik Sipil
8826;Flexography: principles and practice 6.0;667.5;667;Teknik Sipil;Teknik Sipil;73.33;Teknik Sipil
8827;Foundation of heat transfer;536.2;536;Teknik Elektro;Teknik Elektro;90.49;Teknik Elektro
8828;Fundamentals of electric circuits;621.381;621;Teknik Elektro;Teknik Elektro;100.0;Teknik Elektro
8830;Guide to building control;690.02;690;Teknik Sipil;Teknik Sipil;89.66;Teknik Sipil
8831;Hukum administrasi negara;342.915;342;Umum;Umum;100.0;Umum
8832;Hukum perdata mengenai hukum perorangan dan hukum benda;346;346;Umum;Umum;97.07;Umum
8833;Ilmu informasi, komunikasi, dan kepustakaan;302.2;302;Umum;Umum;72.7;Umum, Teknik Informatika & Komputer
8834;Industrial gas flaring practices;665.7;665;Teknik Mesin;Teknik Mesin;84.38;Teknik Mesin
8835;Intermediate accounting ifrs edition;657.004;657;Akuntansi;Akuntansi;100.0;Akuntansi
8836;Introduction to managerial accounting;658.151;658;Administrasi Niaga;Administrasi Niaga;100.0;Administrasi Niaga
8837;Islamic Leadership : membangun superleadership melalui kecerdasan spiritual;303.34;303;Umum;Umum;97.92;Umum
8838;Kamus pemasaran;380.03;380;Administrasi Niaga;Administrasi Niaga;95.99;Administrasi Niaga
8839;Key concepts in creative industries;338.3;338;Administrasi Niaga;Administrasi Niaga;90.08;Administrasi Niaga
8840;Kimia anorganik dasar;546;546;Teknik Sipil;Teknik Sipil;100.0;Teknik Sipil
8842;Kinetika kimia;540;540;Teknik Sipil;Teknik Sipil;89.14;Teknik Sipil
8843;Komunikasi kontekstual : teori dan praktik komunikasi kontemporer;302.0;302;Umum;Umum;95.27;Umum
8844;Konsep & aplikasi mekanika tanah;624.15;624;Teknik Sipil;Teknik Sipil;90.93;Teknik Sipil
8845;Konsep dan aplikasi statika;531.1;531;Teknik Elektro;Teknik Elektro;97.34;Teknik Elektro
8846;Kriptografik kuantum : teknik enkripsi masa depan;530.12;530;Teknik Elektro;Teknik Elektro;78.51;Teknik Elektro, Teknik Informatika & Komputer
8847;Laboratory manual : fluid power hydraulics and pneumatics;620.106;620;Teknik Mesin;Teknik Mesin;96.61;Teknik Mesin
8848;Life-span development;155.25;155;Umum;Umum;96.52;Umum
8849;Loft conversions;728.314;728;Teknik Grafika & Penerbitan;Teknik Grafika & Penerbitan;78.19;Teknik Grafika & Penerbitan
8850;Low pressure boilers;621.312;621;Teknik Elektro;Teknik Elektro;68.56;Teknik Elektro, Teknik Mesin
8852;Management 3.0;658;658;Administrasi Niaga;Administrasi Niaga;100.0;Administrasi Niaga
8853;Management information systems : managing the digital firm;658.403;658;Administrasi Niaga;Administrasi Niaga;93.97;Administrasi Niaga
8854;Management reset : mengorganisir kembali menuju efektivitas berkesinambungan;658.155;658;Administrasi Niaga;Administrasi Niaga;85.09;Administrasi Niaga
8855;Manajemen : teori, praktik, dan riset pendidikan;658;658;Administrasi Niaga;Administrasi Niaga;94.42;Administrasi Niaga
8856;Manajemen ekspor dan perdagangan international;382.6;382;Administrasi Niaga;Administrasi Niaga;100.0;Administrasi Niaga
8857;Manajemen event;658;658;Administrasi Niaga;Administrasi Niaga;100.0;Administrasi Niaga
8858;Manajemen pelayanan prima : mencegah pembelotan dan membangun customer loyality ...;658.3;658;Administrasi Niaga;Administrasi Niaga;96.08;Administrasi Niaga
8859;Manajemen pemasaran bank syariah;658.8;658;Administrasi Niaga;Administrasi Niaga;82.31;Administrasi Niaga, Akuntansi
8860;Manajemen pengambilan keputusan: Membangun daya saing;658.403 6;658;Administrasi Niaga;Administrasi Niaga;93.76;Administrasi Niaga
8861;Manajemen risiko : perbankan syariah di Indonesia;658.155;658;Administrasi Niaga;Administrasi Niaga;99.35;Administrasi Niaga
8862;Manajemen risiko bank Islam;658.155;658;Administrasi Niaga;Administrasi Niaga;91.26;Administrasi Niaga
8863;Manufacturing technology : foundry, forming and welding;670;670;Teknik Mesin;Teknik Mesin;98.1;Teknik Mesin
8864;Matlab for engineers;005.12;5;Teknik Informatika & Komputer;Teknik Informatika & Komputer;75.26;Teknik Informatika & Komputer
8865;Memahami mekanika teknik;531.1;531;Teknik Elektro;Teknik Elektro;92.2;Teknik Elektro
8866;Menulis: dari teori hingga praktik (penawar racun plagiarisme);415.5;415;Umum;Umum;90.88;Umum
8867;Merancang bangunan gedung bertingkat rendah;692.1;692;Teknik Sipil;Teknik Sipil;88.01;Teknik Sipil
8868;Metodologi penelitian sosial : pendekatan kualitatif dan kuantitatif;001.42;1;Teknik Informatika & Komputer;Teknik Informatika & Komputer;93.69;Teknik Informatika & Komputer
8870;Mikrokontroler : belajar avr mulai dari nol;621.381;621;Teknik Elektro;Teknik Elektro;81.39;Teknik Elektro, Teknik Informatika & Komputer
8871;Neuro psikolinguistik;401.9;401;Umum;Umum;99.98;Umum
8872;Operating systems : internals and design principles;005.43;5;Teknik Informatika & Komputer;Teknik Informatika & Komputer;98.48;Teknik Informatika & Komputer
8873;Panduan menggulung ulang kumparan motor listrik satu fasa untuk perbaikan ...;621.46;621;Teknik Mesin;Teknik Mesin;99.96;Teknik Mesin
8874;Pemanasan global : dampak terhadap kehidupan manusia dan usaha penanggulangannya;363.7;363;Umum;Umum;100.0;Umum
8876;Pemancar televisi dan peralatan studio;621.384;621;Teknik Elektro;Teknik Elektro;90.45;Teknik Elektro
8877;Pemandu wisata : teori dan praktik city sightseeing, excursion dan overland tour;910.2;910;Umum;Umum;93.01;Umum
8878;Pembinaan kritik sastra Indonesia;810;810;Umum;Umum;100.0;Umum
8879;Penataan drainase perkotaan;627.4;627;Teknik Sipil;Teknik Sipil;90.19;Teknik Sipil
8880;Pendidikan karakter : konsepsi & implementasinya secara terpadu di lingkungan ...;370.114;370;Umum;Umum;100.0;Umum
8882;Pengantar akuntansi 1 : Pendekatan siklus akuntansi;657;657;Akuntansi;Akuntansi;98.17;Akuntansi
8884;Pengantar penerbangan perspektif profesional;629.1;629;Teknik Mesin;Teknik Mesin;81.86;Teknik Mesin
8885;Pengantar statistika pariwisata;519.54;519;Matematika;Matematika;86.5;Matematika
8886;Pengerjaan logam dengan perkakas tangan dan mesin sederhana;621.9;621;Teknik Mesin;Teknik Mesin;99.31;Teknik Mesin
8887;Pengetahuan bahan dalam pengerjaan logam;621.9;621;Teknik Mesin;Teknik Mesin;79.96;Teknik Mesin, Teknik Sipil
8888;Pengetahuan dalam pengerjaan logam;669;669;Teknik Sipil;Teknik Sipil;78.51;Teknik Sipil, Teknik Mesin
8890;Penggunaan dan pengaturan motor listrik;621.46;621;Teknik Mesin;Teknik Mesin;88.36;Teknik Mesin
8892;Perancangan embedded system : berbasis FPGA;005.1;5;Teknik Informatika & Komputer;Teknik Informatika & Komputer;88.17;Teknik Informatika & Komputer
8893;Perancangan teori & praktis power supply jenis switch mode;621.381;621;Teknik Elektro;Teknik Elektro;100.0;Teknik Elektro
8895;Perkembangan hukum pidana di Indonesia;345.598;345;Umum;Umum;100.0;Umum
8896;Perpajakan Indonesia;336.598;336;Akuntansi;Akuntansi;90.01;Akuntansi
8897;Physics for engineering and acience;620;620;Teknik Mesin;Teknik Mesin;72.11;Teknik Mesin, Teknik Elektro
8899;Praktikum akuntansi keuangan manual : kasus perusahaan dagang;657;657;Akuntansi;Akuntansi;100.0;Akuntansi
8900;Praktikum pengantar akuntansi 1;657;657;Akuntansi;Akuntansi;97.71;Akuntansi
8903;Prinsip dasar mekanika struktur;624.2;624;Teknik Sipil;Teknik Sipil;75.18;Teknik Sipil
8904;Prinsip dasar mesin otomotif (bekal keterampilan bagi pemula);629.244 6;629;Teknik Mesin;Teknik Mesin;85.42;Teknik Mesin
8905;Prinsip kerja lcd dan pembuatannya (liquid crystal display);681.4;681;Teknik Mesin;Teknik Mesin;85.6;Teknik Mesin
8906;Prinsip pembangkitan sinar laser : sebuah pengantar singkat untuk kimia laser;621.366;621;Teknik Elektro;Teknik Elektro;68.08;Teknik Elektro
8907;Prinsip proses & teknologi pangan;363.8;363;Umum;Umum;63.9;Umum, Teknik Mesin
8908;Prinsip-prinsip manajemen keuangan : fundamentals of financial management;658.15;658;Administrasi Niaga;Administrasi Niaga;100.0;Administrasi Niaga
8909;Project management : achieving competitive advantage;658.401;658;Administrasi Niaga;Administrasi Niaga;90.81;Administrasi Niaga
8910;Public speaking;808.51;808;Umum;Umum;100.0;Umum
8911;Quantum learning : membiasakan belajar nyaman dan menyenangkan;370.152 3;370;Umum;Umum;91.99;Umum
8912;Rantau 1 muara;808.81;808;Umum;Umum;99.08;Umum
8913;Rectoverso;813;813;Umum;Umum;98.92;Umum
8914;Reinforced and prestressed concrete : analysis and design with emphasis on application of AS 3600-2009;624.183 42;624;Teknik Sipil;Teknik Sipil;94.77;Teknik Sipil
8915;Rekayasa lalu-lintas;363.12;363;Umum;Umum;65.15;Umum, Teknik Sipil
8916;Semiotika komunikasi : aplikasi praktis bagi penelitian dan skripsi komunikasi;380.372;380;Administrasi Niaga;Administrasi Niaga;79.61;Administrasi Niaga, Umum
8917;Services marketing : integrating customer focus across the firm;658.8;658;Administrasi Niaga;Administrasi Niaga;100.0;Administrasi Niaga
8918;Simulasi jaringan;004.65;4;Teknik Informatika & Komputer;Teknik Informatika & Komputer;87.11;Teknik Informatika & Komputer
8919;Sistem pengendalian manajemen : konsep, aplikasi, dan pengukuran kinerja;658.11;658;Administrasi Niaga;Administrasi Niaga;83.39;Administrasi Niaga
8920;Sociolinguistics : the study of speakers choices;306.44;306;Umum;Umum;90.64;Umum
8921;Statistik dasar;519.5;519;Matematika;Matematika;94.12;Matematika
8922;Strategic management concept and cases : a competitive advantage approach;658.401 2;658;Administrasi Niaga;Administrasi Niaga;95.16;Administrasi Niaga
8923;Strength of materials (mechanics of solids);620.112;620;Teknik Mesin;Teknik Mesin;77.55;Teknik Mesin, Teknik Elektro
8924;Sumber daya energi;531.6;531;Teknik Elektro;Teknik Elektro;74.55;Teknik Elektro, Teknik Mesin
8926;Supply Chain Management : strategy, planning, and operation;658.562;658;Administrasi Niaga;Administrasi Niaga;100.0;Administrasi Niaga
8927;Sustainable construction : green building design and delivery;690.028;690;Teknik Sipil;Teknik Sipil;95.45;Teknik Sipil
8928;Tata bentuk bahasa Indonesia : kajian ke arah tatabahasa deskriptif;411.52;411;Umum;Umum;100.0;Umum
8929;Teknik laboratorium kimia organik;547;547;Teknik Sipil;Teknik Sipil;92.64;Teknik Sipil
8930;Teknik tegangan tinggi : prinsip dan aplikasi praktis;621.319;621;Teknik Elektro;Teknik Elektro;100.0;Teknik Elektro
8931;Teknologi fermentasi;663;663;Teknik Mesin;Teknik Mesin;75.86;Teknik Mesin
8934;Teknologi nano : dalam pembuatan sensor layar sentuh;621.319;621;Teknik Elektro;Teknik Elektro;65.11;Teknik Elektro, Teknik Mesin, Teknik Informatika & Komputer
8936;Teknologi pengawetan pangan;641.4;641;Umum;Umum;91.46;Umum
8937;Teori arsitektur : suatu kajian perbedaan pemahaman teori barat dan timur;720.22;720;Teknik Grafika & Penerbitan;Teknik Grafika & Penerbitan;83.67;Teknik Grafika & Penerbitan
8938;the packaging designer's book of patterns;688.8;688;Teknik Mesin;Teknik Mesin;80.43;Teknik Mesin, Teknik Grafika & Penerbitan
8940;Toefl ibt;425;425;Umum;Umum;95.8;Umum
8942;TQM manajemen kualitas total dalam perspektif teknik industri;658;658;Administrasi Niaga;Administrasi Niaga;85.22;Administrasi Niaga
8943;99 cahaya di langit eropa : perjalanan menapak jejak Islam di eropa;813;813;Umum;Umum;100.0;Umum
8944;a textbook of electrical technology;621.31;621;Teknik Elektro;Teknik Elektro;95.54;Teknik Elektro
8945;a textbook of fluid mechanics and hydraulic machines;620.106;620;Teknik Mesin;Teknik Mesin;90.31;Teknik Mesin
8946;a textbook of hydraulics, fluid mechanics and hydraulic machines;620.106;620;Teknik Mesin;Teknik Mesin;92.99;Teknik Mesin
8947;A to Z Human Capital : Manajemen Sumber Daya Manusia;658.3;658;Administrasi Niaga;Administrasi Niaga;74.91;Administrasi Niaga, Umum
8948;Administrasi perpajakan : pedoman praktis bagi wajib pajak di Indonesia;336.2;336;Akuntansi;Akuntansi;92.14;Akuntansi
8949;Akuntansi biaya : pendekatan tradisional dan kontemporer;657.42;657;Akuntansi;Akuntansi;94.27;Akuntansi
8950;An introduction to business ethics;174.4;174;Umum;Umum;99.16;Umum
8951;an introduction to the engineering of fast nuclear reactors;621.483 4;621;Teknik Mesin;Teknik Mesin;98.52;Teknik Mesin
9125;NOVEL :Nothing Last Forever :Tiada Yang Abadi;813;813;Umum;Umum;100.0;Umum
8953;Anggaran;658.154;658;Administrasi Niaga;Administrasi Niaga;100.0;Administrasi Niaga
8954;Autumn i do;813;813;Umum;Umum;100.0;Umum
8955;Bank Islam : analisis fiqih dan keuangan;297.273;297;Umum;Umum;83.14;Umum, Akuntansi
9124;THE BOOMERANG BOOKS :BOOK FOR NEW AND OLD;428.6;428;Umum;Umum;100.0;Umum
8957;Barry's introduction to construction of buildings;690;690;Teknik Sipil;Teknik Sipil;94.17;Teknik Sipil
8958;Bisnis internasional : perspektif asia;382;382;Administrasi Niaga;Administrasi Niaga;98.68;Administrasi Niaga
8959;Building construction handbook;692.1;692;Teknik Sipil;Teknik Sipil;94.74;Teknik Sipil
8960;Building services design management;658.2;658;Administrasi Niaga;Administrasi Niaga;100.0;Administrasi Niaga
8961;Communicating the new : methods to shape and accelerate innovation;658.45;658;Administrasi Niaga;Administrasi Niaga;94.91;Administrasi Niaga
8962;Dasar-dasar kewirausahaan : teori & praktik;338.04;338;Administrasi Niaga;Administrasi Niaga;100.0;Administrasi Niaga
8963;Data and computer communications;004.65;4;Teknik Informatika & Komputer;Teknik Informatika & Komputer;87.89;Teknik Informatika & Komputer
8964;Daun yang jatuh tak pernah membenci angin;813;813;Umum;Umum;100.0;Umum
8965;Dirty little secret;813;813;Umum;Umum;100.0;Umum
8966;Engineering vibration;531.3;531;Teknik Elektro;Teknik Elektro;75.28;Teknik Elektro, Teknik Mesin
8967;Fisika : prinsip dan aplikasi;530;530;Teknik Elektro;Teknik Elektro;100.0;Teknik Elektro
8968;Foto jurnalistik;770.5;770;Teknik Grafika & Penerbitan;Teknik Grafika & Penerbitan;87.95;Teknik Grafika & Penerbitan
8969;History of the manchaster ship canal from its inception to its completion;627.1;627;Teknik Sipil;Teknik Sipil;78.44;Teknik Sipil
8970;History of the manchester ship canal from its inception to its completion;627.1;627;Teknik Sipil;Teknik Sipil;86.07;Teknik Sipil
8971;Integrated advertising, promotion, and marketing communications;658.83;658;Administrasi Niaga;Administrasi Niaga;100.0;Administrasi Niaga
8972;International finance;658.159;658;Administrasi Niaga;Administrasi Niaga;91.16;Administrasi Niaga
8973;Jurnalisme era digital : tantangan industri media abad 21;070.4;70;Teknik Grafika & Penerbitan;Teknik Grafika & Penerbitan;87.74;Teknik Grafika & Penerbitan
8974;Jurnalisme modern : panduan praktis;070.4;70;Teknik Grafika & Penerbitan;Teknik Grafika & Penerbitan;97.0;Teknik Grafika & Penerbitan
8975;Jurnalistik indonesia : menulis berita dan feature;070.4;70;Teknik Grafika & Penerbitan;Teknik Grafika & Penerbitan;96.51;Teknik Grafika & Penerbitan
8976;Kamus visual arsitektur;720.3;720;Teknik Grafika & Penerbitan;Teknik Grafika & Penerbitan;97.33;Teknik Grafika & Penerbitan
8977;Kepariwisataan dan perjalanan;910.2;910;Umum;Umum;96.08;Umum
8978;Keuangan internasional;332.152;332;Akuntansi;Akuntansi;100.0;Akuntansi
8980;Kewirausahaan : kiat dan proses menuju sukses;338.04;338;Administrasi Niaga;Administrasi Niaga;97.73;Administrasi Niaga
9123;Power System Engineering;621.319;621;Teknik Elektro;Teknik Elektro;100.0;Teknik Elektro
8982;Komunikasi internasional : perspektif jurnalistik;302.23;302;Umum;Umum;79.02;Umum
8983;Komunikasi massa : suatu pengantar;302.2;302;Umum;Umum;83.18;Umum
8984;Korespondensi bisnis profesional;651.7;651;Administrasi Niaga;Administrasi Niaga;96.88;Administrasi Niaga
9122;Paradigma Baru Manajemen SDM : Sebagai Basis Meraih Keunggulan Kompetitif;658.3;658;Administrasi Niaga;Administrasi Niaga;100.0;Administrasi Niaga
9121;Pemasaran Bank;332.1;332;Akuntansi;Akuntansi;96.99;Akuntansi
8987;Managerial accounting : making decisions and motivating;658.151;658;Administrasi Niaga;Administrasi Niaga;100.0;Administrasi Niaga
8988;Manajemen internasional : budaya, strategi, dan perilaku;658.04;658;Administrasi Niaga;Administrasi Niaga;93.02;Administrasi Niaga
8989;Manajemen pemasaran jasa berbasis kompetensi;658.81;658;Administrasi Niaga;Administrasi Niaga;100.0;Administrasi Niaga
8990;Marketing for hospitality and tourism;658.8;658;Administrasi Niaga;Administrasi Niaga;100.0;Administrasi Niaga
8991;Medan elektromagnetika;530.141;530;Teknik Elektro;Teknik Elektro;100.0;Teknik Elektro
8992;Mekanika kekuatan material;620.112;620;Teknik Mesin;Teknik Mesin;94.97;Teknik Mesin
8993;Mekanika kekuatan material tingkat lanjut;620.112;620;Teknik Mesin;Teknik Mesin;91.85;Teknik Mesin
8994;Mengelola bank syariah;332.1;332;Akuntansi;Akuntansi;100.0;Akuntansi
8995;Merry Riana : langkah sejuta suluh;813;813;Umum;Umum;100.0;Umum
8996;Metode penelitian kuantitatif, kualitatif & penelitian gabungan;001.42;1;Teknik Informatika & Komputer;Teknik Informatika & Komputer;100.0;Teknik Informatika & Komputer
8997;Metodologi penelitian bisnis;001.42;1;Teknik Informatika & Komputer;Teknik Informatika & Komputer;86.58;Teknik Informatika & Komputer
8998;Metodologi penulisan ilmiah : teknik penulisan esai, skripsi, tesis & disertasi untuk mahasiswa;001.42;1;Teknik Informatika & Komputer;Teknik Informatika & Komputer;89.75;Teknik Informatika & Komputer
8999;Microsoft office professional 2013 : plain & simple;005.369;5;Teknik Informatika & Komputer;Teknik Informatika & Komputer;95.89;Teknik Informatika & Komputer
9120;Hukum Hak Kekayaan Intelektual;346.048 2;346;Umum;Umum;95.52;Umum
9001;Operations management : sustainability and supply chain management;658.56;658;Administrasi Niaga;Administrasi Niaga;98.05;Administrasi Niaga
9002;Operations research;001.4;1;Teknik Informatika & Komputer;Teknik Informatika & Komputer;96.95;Teknik Informatika & Komputer
9003;Panduan lengkap ms access 2013;005.82;5;Teknik Informatika & Komputer;Teknik Informatika & Komputer;99.77;Teknik Informatika & Komputer
9117;Pengembangan e-learning teori dan desain;371.102;371;Umum;Umum;85.75;Umum
9005;Penganggaran (budgeting) : panduan komprehensif;658.154;658;Administrasi Niaga;Administrasi Niaga;100.0;Administrasi Niaga
9118;Principles of Accounting Information Systems;657.0285;657;Akuntansi;Akuntansi;100.0;Akuntansi
9007;Perancangan elemen mesin;621.82;621;Teknik Mesin;Teknik Mesin;100.0;Teknik Mesin
9008;Photovoltaics : fundamentals, technology and practice;621.681 5;621;Teknik Mesin;Teknik Mesin;86.96;Teknik Mesin
9009;Physics for scientists and engineers;620;620;Teknik Mesin;Teknik Mesin;60.4;Teknik Mesin, Teknik Elektro
9010;Prinsip-prinsip desain arsitektur tahan gempa lengkap dengan bahasan gempa bumi & metode ...;693.8;693;Teknik Sipil;Teknik Sipil;94.12;Teknik Sipil
9011;Riset skripsi dan tesis dengan spss 22;001.42;1;Teknik Informatika & Komputer;Teknik Informatika & Komputer;91.14;Teknik Informatika & Komputer
9012;Sains manajemen : introduction to management science;658.403;658;Administrasi Niaga;Administrasi Niaga;100.0;Administrasi Niaga
9013;Satellite technology : principles and applications;629.46;629;Teknik Mesin;Teknik Mesin;78.76;Teknik Mesin, Teknik Elektro
9014;Sistem informasi akuntansi = accounting information systems;657.83;657;Akuntansi;Akuntansi;100.0;Akuntansi
9015;Sistem informasi manajemen = management information systems;658.403;658;Administrasi Niaga;Administrasi Niaga;91.29;Administrasi Niaga
9016;Smart guide for cameras and lenses : panduan memilih kamera dan lensa yang tepat;771.3;771;Teknik Grafika & Penerbitan;Teknik Grafika & Penerbitan;83.86;Teknik Grafika & Penerbitan
9018;Tanah ekspansif : permasalahan dan penanganan;631.4;631;Umum;Umum;75.89;Umum, Teknik Sipil
9019;Tata cara perhitungan struktur beton untuk bangunan gedung (SNI 03-2847-2002) dilengkapi penjelasan (S-2002);698.5;698;Teknik Sipil;Teknik Sipil;94.22;Teknik Sipil
9020;Teknik motor diesel;621.436;621;Teknik Mesin;Teknik Mesin;100.0;Teknik Mesin
9021;Teknik-teknik statistika dalam bisnis dan ekonomi;330.015 195;330;Administrasi Niaga;Administrasi Niaga;72.36;Administrasi Niaga, Matematika
9113;The oxford handbook of cognitive linguistics;410;410;Umum;Umum;100.0;Umum
9114;Tour and travel management;338.479;338;Administrasi Niaga;Administrasi Niaga;78.45;Administrasi Niaga, Umum
9024;The graphic designer's guide to portofolio design;741.606 8;741;Teknik Grafika & Penerbitan;Teknik Grafika & Penerbitan;94.91;Teknik Grafika & Penerbitan
9025;the science of psychology;155;155;Umum;Umum;100.0;Umum
9026;Tidal power : harnessing energy from water currents;621.165;621;Teknik Mesin;Teknik Mesin;81.97;Teknik Mesin, Teknik Elektro
9027;A beautiful mess;813;813;Umum;Umum;100.0;Umum
9029;ANALISIS PENGENDALIAN IP CAMERA PADA PENGEMBANGAN SISTEM KEAMANAN DAN MONITORING RUANG KELAS AA DAN GSG MENGGUNAKAN IP CAMERA;0021;2;Teknik Informatika & Komputer;Teknik Informatika & Komputer;96.73;Teknik Informatika & Komputer
9030;ANIMATING KARAKTER DAN AUTHORING PADA PENGEMBANGAN VIDEO MULTIMEDIA INTERAKTIF 3D FABEL UNTUK ANAK TK;0022;2;Teknik Informatika & Komputer;Teknik Informatika & Komputer;95.45;Teknik Informatika & Komputer
9031;APLIKASI PROMOSI KARYA MAHASISWA BERBASIS MULTIMEDIA AUTHORING;0030;3;Teknik Informatika & Komputer;Teknik Informatika & Komputer;91.01;Teknik Informatika & Komputer
9032;Auditing & jasa assurance : pendekatan terintegrasi;657;657;Akuntansi;Akuntansi;100.0;Akuntansi
9033;Ayah : Sebuah novel;813;813;Umum;Umum;100.0;Umum
9034;Bulan;813;813;Umum;Umum;100.0;Umum
9035;DESAIN KARAKTER 2D DAN 3D MENGGUNAKAN BLENDER PADA PENGEMBANGAN PERMAINAN AGENT J MENGGUNAKAN MINDWAVE DAN KAMERA WEB;0014;1;Teknik Informatika & Komputer;Teknik Informatika & Komputer;96.78;Teknik Informatika & Komputer
9036;DESAIN LEVEL ENVIRONMENT MENGGUNAKAN MAXON CINEMA 4D PADA PENGEMBANGAN PERMAINAN AGENT J MENGGUNAKAN MINDWAVE DAN KAMERA WEB;0015;1;Teknik Informatika & Komputer;Teknik Informatika & Komputer;100.0;Teknik Informatika & Komputer
9037;DESAIN VISUAL DAN ANIMATING FILM ANIMASI STOP MOTION PERANG DIPONEGORO;0035;3;Teknik Informatika & Komputer;Teknik Informatika & Komputer;80.03;Teknik Informatika & Komputer, Teknik Grafika & Penerbitan
9038;DESAIN VISUAL PADA PENGEMBANGAN PERMAINAN AGENT J MENGGUNAKAN MINDWAVE DAN KAMERA WEB;0034;3;Teknik Informatika & Komputer;Teknik Informatika & Komputer;100.0;Teknik Informatika & Komputer
9039;E-commerce 2015 : business, technology, society;658.84;658;Administrasi Niaga;Administrasi Niaga;98.04;Administrasi Niaga
9112;KONSTRUKSI JALAN RAYA : STRUKTUR & KONSTRUKSI JALAN RAYA buku 3;625.7;625;Teknik Sipil;Teknik Sipil;96.2;Teknik Sipil
9111;Sistem informasi manajemen;658.403;658;Administrasi Niaga;Administrasi Niaga;100.0;Administrasi Niaga
9042;Fisika bangunan 1;530;530;Teknik Elektro;Teknik Elektro;87.96;Teknik Elektro
9110;Pendidikan kewarganegaraan untuk perguruan tinggi : implementasi nilai-nilai karakter bangsa;323.6;323;Umum;Umum;100.0;Umum
9044;Fundamentals of corporate finance;332.1;332;Akuntansi;Akuntansi;91.84;Akuntansi
9045;Fundamentals of investment : valuation and management;658.155 4;658;Administrasi Niaga;Administrasi Niaga;94.45;Administrasi Niaga
9047;Heat and mass transfer : fundamentals & applications;536.2;536;Teknik Elektro;Teknik Elektro;99.13;Teknik Elektro
9108;Perilaku konsumen dalam perspektif pemasaran;658;658;Administrasi Niaga;Administrasi Niaga;95.98;Administrasi Niaga
9049;Ilmu sosial dan budaya dasar;306.4;306;Umum;Umum;95.16;Umum
9050;ILUSTRASIDAN COMPOSITING PADA PENGEMBANGAN VIDEO MULTIMEDIA INTERAKTIF 3D FABEL UNTUK ANAK TK;0011;1;Teknik Informatika & Komputer;Teknik Informatika & Komputer;100.0;Teknik Informatika & Komputer
9051;Introduction to operations research;001.42;1;Teknik Informatika & Komputer;Teknik Informatika & Komputer;88.48;Teknik Informatika & Komputer
9052;Kinanti featuring arantxa;813;813;Umum;Umum;100.0;Umum
9053;LAYOUTING DAN ANIMATING PADA FILM ANIMASI 3D JUJUR ITU LEBIH BAIK DALAM UPAYA MEMBANGKITKAN JIWA KEJUJURAN ANAK;0023;2;Teknik Informatika & Komputer;Teknik Informatika & Komputer;87.39;Teknik Informatika & Komputer
9109;Memahami AMDAL;628;628;Teknik Sipil;Teknik Sipil;73.95;Teknik Sipil, Umum
9055;Menulis karya ilmiah;001.42;1;Teknik Informatika & Komputer;Teknik Informatika & Komputer;82.64;Teknik Informatika & Komputer, Umum
9056;MODELING ASET 3D DAN TEXTURING PADA FILM JUJUR ITU LEBIH BAIK DALAM UPAYA MEMBANGKITKAN KEJUJURAN ANAK;0006;0;Teknik Informatika & Komputer;Teknik Informatika & Komputer;96.57;Teknik Informatika & Komputer
9057;MODELING DAN TEXTURING GEDUNG DAN RUANGAN PADA VISUALISASI 3D DESAIN EKSTERIOR DAN INTERIOR GEDUNG AA PNJ DENGAN TEKNIK TRACKING CAMERA;0018;1;Teknik Informatika & Komputer;Teknik Informatika & Komputer;91.14;Teknik Informatika & Komputer
9058;MODELING INTERIOR DAN TEXTURING PADA VISUALISASI 3D INTERIOR DAN EXTERIOR GEDUNG AA POLITEKNIK NEGERI JAKARTA DENGAN TRACKING KAMERA;0003;0;Teknik Informatika & Komputer;Teknik Informatika & Komputer;83.79;Teknik Informatika & Komputer
9059;MODELING KARAKTER DAN LIGHTING PADA FILM ANIMASI 3D JUJUR ITU LEBIH BAIK DALAM UPAYA MEMBANGKITKAN JIWA KEJUJURAN ANAK;0004;0;Teknik Informatika & Komputer;Teknik Informatika & Komputer;100.0;Teknik Informatika & Komputer
9104;Fluid power with applications;532;532;Teknik Elektro;Teknik Elektro;65.73;Teknik Elektro, Teknik Mesin
9103;How to prepare for the toefle ibt: test of english as a foreign language internet-based test;428;428;Umum;Umum;92.66;Umum
9062;Panduan praktis sistem kendali digital;629.89;629;Teknik Mesin;Teknik Mesin;77.95;Teknik Mesin
9063;"PEMBUATAN ANIMASI 3D DALAM FILM ""DAFTAR WIFI YUK!";0019;1;Teknik Informatika & Komputer;Teknik Informatika & Komputer;100.0;Teknik Informatika & Komputer
9064;"PEMBUATAN ANIMASI DAN PERANCANGAN COMPOSITING PADA IKLAN LAYANAN MASYARAKAT BERBASIS ANIMASI 3D ""SAVE YOUR LIFE FROM SMARTPHONE";0008;0;Teknik Informatika & Komputer;Teknik Informatika & Komputer;100.0;Teknik Informatika & Komputer
9065;PEMBUATAN ANIMASI MENGGUNAKAN FLASH PADA PENGEMBANGAN PERMAINAN AGENT J MENGGUNAKAN MINDWAVE DAN KAMERA WEB;0033;3;Teknik Informatika & Komputer;Teknik Informatika & Komputer;99.72;Teknik Informatika & Komputer
9066;PEMBUATAN ANIMASI WAJAH PADA FILM ANIMASI 3D JUJUR ITU LEBIH BAIK DALAM UPAYA MEMBANGKITKAN JIWA KEJUJURAN ANAK;0036;3;Teknik Informatika & Komputer;Teknik Informatika & Komputer;98.97;Teknik Informatika & Komputer
9067;PEMBUATAN INTERIOR STUDIO MENGGUNAKAN BLENDER PADA VISUALISASI PENYAJIAN BERITA BERBASIS ANIMASI 3D;0032;3;Teknik Informatika & Komputer;Teknik Informatika & Komputer;100.0;Teknik Informatika & Komputer
9068;PEMBUATAN MUSIK LATAR DAN PEMBERIAN SOUND FX PADA FILM ANIMASI 3D JUJUR ITU LEBIH BAIK DALAM UPAYA MEMBANGKITKAN KEJUJURAN ANAK;0007;0;Teknik Informatika & Komputer;Teknik Informatika & Komputer;97.98;Teknik Informatika & Komputer
9069;PEMBUATAN SUARA DAN KARAKTER 3D PADA PENGEMBANGAN VIDEO MULTIMEDIA INTERAKTIF 3D FABEL UNTUK ANAK TK;0026;2;Teknik Informatika & Komputer;Teknik Informatika & Komputer;92.22;Teknik Informatika & Komputer
9070;PEMBUATAN TRANSISI DAN COMPOSISI TERHADAP KONTEN VIDEO MAPPING BUDAYA DI MALAYSIA;0020;2;Teknik Informatika & Komputer;Teknik Informatika & Komputer;82.75;Teknik Informatika & Komputer
9071;"PENERAPAN ANALISIS MASUKAN KONTROL DAN INTERAKSI ANTARMUKA MENGGUNAKAN ACTIONSCRIPT 3.0 PADA PENGEMBANGAN PERMAINAN "" AGENT J"" MENGGUNAKAN MINDWAVE DAN KAMERA WEB";0031;3;Teknik Informatika & Komputer;Teknik Informatika & Komputer;100.0;Teknik Informatika & Komputer
9072;PENGEMBANGAN APLIKASI MOBILE GEOINFO DENGAN METODE HAVERSINE STUDI KASUS PT. QBE;0024;2;Teknik Informatika & Komputer;Teknik Informatika & Komputer;88.93;Teknik Informatika & Komputer
9073;PENGEMBANGAN IKLAN LAYANAN MASYARAKAT DENGAN PENDEKATAN INFOGRAFIS TENTANG PENTINGNYA KONSUMSI AIR PUTIH;0025;2;Teknik Informatika & Komputer;Teknik Informatika & Komputer;78.14;Teknik Informatika & Komputer, Umum
9074;PENGEMBANGAN WEDDING DOCUMENTATION DENGAN KONSEP CINEMATIC;0029;2;Teknik Informatika & Komputer;Teknik Informatika & Komputer;68.8;Teknik Informatika & Komputer, Teknik Grafika & Penerbitan
9075;PENYAJIAN BERITA BERBASIS ANIMASI TIGA DIMENSI (3D);0012;1;Teknik Informatika & Komputer;Teknik Informatika & Komputer;85.78;Teknik Informatika & Komputer
9076;PENYUNTINGAN MUSIK LATAR DAN EFEK SUARA PADA ANIMASI STOP MOTION PERANG DIPONEGORO;0001;0;Teknik Informatika & Komputer;Teknik Informatika & Komputer;93.36;Teknik Informatika & Komputer
9077;PENYUNTINGAN VIDEO PADA FILM ANIMASI STOP MOTION PERANG DIPONEGORO;0013;1;Teknik Informatika & Komputer;Teknik Informatika & Komputer;93.73;Teknik Informatika & Komputer
9078;PERANCANGAN ANIMASI DAN LAYOUTING PADA IKLAN LAYANAN MASYARAKAT BERBASIS ANIMASI 3D SAVE YOUR LIFE FROM SMARTPHONE;0017;1;Teknik Informatika & Komputer;Teknik Informatika & Komputer;93.61;Teknik Informatika & Komputer
9079;"PERANCANGAN MODEL DAN TEKSTUR OBJEK PADA IKLAN LAYANAN MASYARAKAT BERBASIS ANIMASI 3D ""SAVE YOUR LIFE FROM SMARTPHONE""";0010;1;Teknik Informatika & Komputer;Teknik Informatika & Komputer;98.44;Teknik Informatika & Komputer
9080;PERANCANGAN MODEL LINGKUNGAN SERTA PENGATURAN CAHAYA DAN RENDERING PADA IKLAN LAYANAN MASYARAKAT BERBASIS ANIMASI 3D SAVE YOUR LIFE FROM SMARTPHONE;0027;2;Teknik Informatika & Komputer;Teknik Informatika & Komputer;100.0;Teknik Informatika & Komputer
9081;Persuasion;813;813;Umum;Umum;83.33;Umum, Teknik Informatika & Komputer
9082;RANCANG BANGUN FILM ANIMASI 3D BERBASIS MOVIESTORM BERTEMA PESAN MORAL UNTUK REMAJA;0009;0;Teknik Informatika & Komputer;Teknik Informatika & Komputer;93.65;Teknik Informatika & Komputer
9083;RANCANG BANGUN VIDEO PROFILE MENGGUNAKAN MOTION GRAFIS;0002;0;Teknik Informatika & Komputer;Teknik Informatika & Komputer;83.49;Teknik Informatika & Komputer
9084;RIGGING KARAKTER DAN EDITING VIDEO PADA FILM ANIMASI 3D JUJUR ITU LEBIH BAIK DALAM UPAYA MEMBANGKITKAN KEJUJURAN ANAK;0005;0;Teknik Informatika & Komputer;Teknik Informatika & Komputer;91.71;Teknik Informatika & Komputer
9085;Sistem informasi manajemen : mengelola perusahaan digital;658.403;658;Administrasi Niaga;Administrasi Niaga;100.0;Administrasi Niaga
9086;Solar PV and wind energy conversion systems;621.312;621;Teknik Elektro;Teknik Elektro;78.81;Teknik Elektro, Teknik Mesin
9087;Staffing organizations;658.04;658;Administrasi Niaga;Administrasi Niaga;100.0;Administrasi Niaga
9089;Thermodynamics: an engineering approach;536.7;536;Teknik Elektro;Teknik Elektro;84.38;Teknik Elektro, Teknik Mesin
9090;Toefl strategies and tips;425;425;Umum;Umum;99.24;Umum
9091;TRACKING CAMERA DAN PENCAHAYAAN PADA VISUALISASI DESAIN 3D INTERIOR DAN EKSTERIOR GEDUNG AA PNJ DENGAN TEKNIK TRACKING CAMERA;0037;3;Teknik Informatika & Komputer;Teknik Informatika & Komputer;76.07;Teknik Informatika & Komputer, Teknik Grafika & Penerbitan
9092;Utilitas bangunan modul plumbing;696.1;696;Teknik Sipil;Teknik Sipil;100.0;Teknik Sipil
9093;VIDEO COMPOSITING PADA PEMBUATAN VIDEO INFORMASI CARA MENDAFTAR PENGGUNAAN WIFI DI PNJ;0016;1;Teknik Informatika & Komputer;Teknik Informatika & Komputer;94.59;Teknik Informatika & Komputer
9094;VIDEO COMPOSITING PEMBUATAN FILM CATATAN MAHASISWA TINGKAT AKHIR;0028;2;Teknik Informatika & Komputer;Teknik Informatika & Komputer;92.66;Teknik Informatika & Komputer
9095;Kebijakan fiskal merespon ketidakpastian global;336.3;336;Akuntansi;Akuntansi;81.61;Akuntansi
9096;Matematika ekonomi dan bisnis;330.015 1;330;Administrasi Niaga;Administrasi Niaga;68.5;Administrasi Niaga, Matematika
9101;Metode numerik;512.94;512;Matematika;Matematika;90.03;Matematika
9098;Kapal-kapal keruk dan pengerukan;359;359;Umum;Umum;85.75;Umum
9100;tiada yang abadi;813;813;Umum;Umum;100.0;Umum
9126;Tips & trik membangun aplikasi web interaktif dengan yahoo !  User interface library;004.678;4;Teknik Informatika & Komputer;Teknik Informatika & Komputer;100.0;Teknik Informatika & Komputer
9127;Statistik : teori dan aplikasi JILID 1;519.5;519;Matematika;Matematika;91.63;Matematika
9128;Prinsip-prinsip pemasaran (edisi 12, jilid 1);658.8;658;Administrasi Niaga;Administrasi Niaga;100.0;Administrasi Niaga
9129;Akuntansi perpajakan: dibahas secara lugas, sederhana, dan mudah dipahami;657.46;657;Akuntansi;Akuntansi;100.0;Akuntansi
9130;Tinjauan seni rupa modern;740;740;Teknik Grafika & Penerbitan;Teknik Grafika & Penerbitan;89.49;Teknik Grafika & Penerbitan
9131;Pemeriksaan keuangan 2;657.3;657;Akuntansi;Akuntansi;100.0;Akuntansi
9132;Kimia dasar;540;540;Teknik Sipil;Teknik Sipil;100.0;Teknik Sipil
9133;Pengantar etika bisnis;174.4;174;Umum;Umum;88.07;Umum
9137;AUDIT ASET TETAP PADA PT SNI OLEH KANTOR AKUNTAN PUBLIK JOHANNES JUARA DAN REKAN;000117;0;Teknik Informatika & Komputer;Teknik Informatika & Komputer;76.51;Teknik Informatika & Komputer
9187;RANCANGAN MODIFIKASI SNUB PULLEY BELT CONVEYOR L21-BC2 DI PT HOLCIM INDONESIA TBK PABRIK TUBAN;621.82;621;Teknik Mesin;Teknik Mesin;85.94;Teknik Mesin
9188;PEMANFAATAN SENTRIFUGAL FAN MENJADI SIMULATOR BALANCING SATU BIDANG MENGGUNAKAN VIBSCANNER DI PT HOLCIM INDONESIA TBK PABRIK CILACAP;621.81;621;Teknik Mesin;Teknik Mesin;83.23;Teknik Mesin
9189;RANCANG BANGUN ELECTRICAL CONTROL BELT WEIGHER T92-BC2 YANG BERFUNGSI UNTUK MENTRANSPORT AR COCS DI AREA LIMESTONE YARD;621.81;621;Teknik Mesin;Teknik Mesin;80.9;Teknik Mesin
9190;OPTIMALISASI SISTEM PERENCANAAN ANGGARAN MID TERM PLANNING STUDI KASUS DI PT HOLCIM INDONESIA TBK;658.154;658;Administrasi Niaga;Administrasi Niaga;100.0;Administrasi Niaga
9191;RANCANG BANGUN KIPAS PENDINGIN PADA BEARING ID FAN 542-FN1;621.82;621;Teknik Mesin;Teknik Mesin;94.91;Teknik Mesin
9192;RANCANG BANGUN PORTABLE OFF-LINE OIL FILTER DENGAN PENAMBAHAN WATER SATURATION SENSOR DAN ALAT PENDINGIN;621.89;621;Teknik Mesin;Teknik Mesin;82.61;Teknik Mesin, Teknik Informatika & Komputer
9193;RE-AKTIVITAS DAN MODIFIKASI V93-VA4 SEBAGAI SISTEM PURGING JALUR PENGUMPANAN BBS;662.6;662;Teknik Mesin;Teknik Mesin;75.76;Teknik Mesin
9194;PENGARUH VARIASI PENAMBAHAN GIPSUM SINTETIS TERHADAP SETTING TIME DAN KUAT TEKAN PADA SEMEN SMOOTH FIBER;666.9;666;Teknik Sipil;Teknik Sipil;77.68;Teknik Sipil
9195;REDESAIN LAYOUT GUDANG KANTONG SEMEN PT HOLCIM INDONESIA TBK PABRIK TUBAN;643.5;643;Umum;Teknik Mesin;50.3;Teknik Mesin, Umum
9196;KAJIAN TEKNIS VIBRO RIPPER DI QUARRY PT HOLCIM INDONESIA PABRIK TUBAN;621.81;621;Teknik Mesin;Teknik Mesin;87.58;Teknik Mesin
9197;PERANCANGAN AIR BLASTER PADA BIN WEIGHFEEDER SILIKA UNTUK MENGURANGI POTENSI DIVIASI;621.86;621;Teknik Mesin;Teknik Mesin;82.42;Teknik Mesin
9198;ANALISA KERUSAKAN SHAFT SCREW CONVEYOR L92-SC4 DI PABRIK SEMEN HOLCIM CILACAP;621.81;621;Teknik Mesin;Teknik Mesin;86.84;Teknik Mesin
9199;RANCANG BANGUN ELECTRICAL WIRING PADA PULSE CONTROLLER BAG FILTER 432-BF1 SESUAI HOLCIM STANDARD DESAIN CRITERIA;621.81;621;Teknik Mesin;Teknik Mesin;98.06;Teknik Mesin
9200;OTORITAS KATUP PADA SISTEM AERASI SILO SEMEN DI PABRIK HOLCIM CILACAP;621.43;621;Teknik Mesin;Teknik Mesin;90.84;Teknik Mesin
9201;MODIFIKASI SUPPORT SLIDING PIPELINE JETTY;627.3;627;Teknik Sipil;Teknik Sipil;73.02;Teknik Sipil, Teknik Mesin
9202;PENGGANTIAN BAHAN RODA LAYER PUSHER DI PALLETIZER PABRIK HIOLCIM CILACAP;629.24;629;Teknik Mesin;Teknik Mesin;92.37;Teknik Mesin
9204;RANCANG BANGUN SIMULATOR DESALINATION PLANT JENIS SINGLE STAGE;551.75;551;Sains;Sains;75.11;Sains, Teknik Mesin
9206;ANALISIS KINERJA HOTWELL PUMP PADA PLTP UNIT IV PT PERTAMINA GEOTHERMAL ENERGY AREA KAMOJANG;621.31;621;Teknik Elektro;Teknik Elektro;62.16;Teknik Elektro, Teknik Mesin
9212;ANALISIS EKSPERIMENTAL POMPA SENTRIFUGAL SEBAGAI TURBIN DAN MOTOR INDUKSI SEBAGAI GENERATOR PADA PEMBANGKIT LISTRIK TENAGA MIKROHIDRO;621.042;621;Teknik Mesin;Teknik Mesin;77.36;Teknik Mesin
9213;PENGARUH KERUSAKAN BAFFLE PLATE TERHADAP EFESIENSI HRSG 1.1 PADA PLTGU PT INDONESIA POWER UP SEMARANG;621.042;621;Teknik Mesin;Teknik Mesin;79.6;Teknik Mesin
9214;INVESTIGASI PERMASALAHAN VIBRASI PADA SEA WATER BOOSTER PUMP (B) MENGGUNAKAN METODE ANALISA SPEKTRUM;621.042;621;Teknik Mesin;Teknik Mesin;76.95;Teknik Mesin
9215;ANALISIS KEBOCORAN PADA HIGH PRESSURE TURBINE BYPASS VALVE;621;621;Teknik Mesin;Teknik Mesin;80.75;Teknik Mesin
9216;ANALISIS EFEKTIVITAS EXTRA COOLER SEBAGAI PENDINGIN TAMBAHAN PADA KOMPRESOR GAS DI PT PERTAMINA EP;621.042;621;Teknik Mesin;Teknik Mesin;84.6;Teknik Mesin
9217;KERUSAKAN EMERGENCY DEWATERING PUMP PADA PLTA SIDOREJO;621.64;621;Teknik Mesin;Teknik Mesin;85.9;Teknik Mesin
9218;ANALISA PENURUNAN EFEKTIVITAS COOLING TOWER TIPE F400 PLTP STAR ENERGY WAYANG WINDU UNIT 2;621.042;621;Teknik Mesin;Teknik Mesin;77.34;Teknik Mesin
9219;PERANCANGAN SISTEM KENDALI AIR HANDLING UNIT DENGAN CHILLED WATER SEBAGAI MEDIA PENDINGIN DI RUANG CHILLER;621.042;621;Teknik Mesin;Teknik Mesin;93.03;Teknik Mesin
9784;Pengantar keuangan Islam;650;650;Administrasi Niaga;Administrasi Niaga;63.85;Administrasi Niaga, Umum
9785;Praktik elektronika digital;621.381;621;Teknik Elektro;Teknik Elektro;82.11;Teknik Elektro, Teknik Informatika & Komputer
9816;Manajemen Strategik;658.4012;658;Administrasi Niaga;Administrasi Niaga;100.0;Administrasi Niaga
9896;Manajemen koperasi Indonesia;658.047;658;Administrasi Niaga;Administrasi Niaga;100.0;Administrasi Niaga
9897;Encyclopedia Britannica;032;32;Umum;Umum;92.19;Umum
10736;Non-destructive test & evaluation of materials;620.11;620;Teknik Mesin;Teknik Mesin;94.54;Teknik Mesin
10810;MANAJEMEN KEUANGAN 1;658.15;658;Administrasi Niaga;Administrasi Niaga;84.07;Administrasi Niaga, Akuntansi
11042;Energi : sumberdaya, inovasi, tenaga listrik;333.79;333;Administrasi Niaga;Administrasi Niaga;86.42;Administrasi Niaga
11102;Desain hidraulik bangunan irigasi;627.52;627;Teknik Sipil;Teknik Sipil;98.03;Teknik Sipil
11103;sinyal & sistem;629.823;629;Teknik Mesin;Teknik Elektro;69.95;Teknik Elektro, Teknik Mesin
11105;Dasar-dasar Elektronika;621.381;621;Teknik Elektro;Teknik Elektro;100.0;Teknik Elektro
11107;Termodinamika Teknik Edisi Kedua;536.7;536;Teknik Elektro;Teknik Elektro;86.68;Teknik Elektro
11108;Konstruksi kayu untuk rumah dan bangunan sederhana;694;694;Teknik Sipil;Teknik Sipil;99.41;Teknik Sipil
11109;Rangkaian Listrik;621.31;621;Teknik Elektro;Teknik Elektro;100.0;Teknik Elektro
11110;PANDUAN Bisnis Ekspor Impor;382.6;382;Administrasi Niaga;Administrasi Niaga;92.36;Administrasi Niaga
11120;Rangkaian Listrik JILID1;621.3;621;Teknik Elektro;Teknik Elektro;96.93;Teknik Elektro
11121;Video game ajaib;813;813;Umum;Umum;95.55;Umum
11112;prinsip Kerja LCD dan Pembuatannya;681.4;681;Teknik Mesin;Teknik Mesin;87.57;Teknik Mesin
11113;Konstruksi bambu untuk bahan bangunan;720.9;720;Teknik Grafika & Penerbitan;Teknik Grafika & Penerbitan;78.4;Teknik Grafika & Penerbitan, Teknik Sipil
11115;Bahasa Indonesia Perguruan  Tinggi;410;410;Umum;Umum;96.28;Umum
11116;ekonomi moneter;332.46;332;Akuntansi;Akuntansi;80.43;Akuntansi, Administrasi Niaga
11119;Instalasi listrik penerangan & teknik perawatannya;621.3;621;Teknik Elektro;Teknik Elektro;92.6;Teknik Elektro
11118;Mekanika Fluida;532.3;532;Teknik Elektro;Teknik Elektro;97.31;Teknik Elektro
11193;DASAR TEORI LISTRIK MAGNET;538.2;538;Teknik Elektro;Teknik Elektro;98.58;Teknik Elektro
11210;Pedoman tugas akhir dan skripsi Politeknik;808.02;808;Umum;Umum;94.62;Umum
11262;PEDOMAN TUGAS AKHIR SAN SKRIPSI PNJ;808.02;808;Umum;Umum;97.04;Umum
11263;PENEGAKAN HUKUM LINGKUNGAN;341.76;341;Umum;Umum;99.91;Umum
11264;pencemaran lingkungan;363.7;363;Umum;Umum;98.02;Umum
12848;TUGAS & PENGEMBANGAN SEKRETARIS;650.1;650;Administrasi Niaga;Administrasi Niaga;100.0;Administrasi Niaga
12875;PENGANTAR DESAIN KOMUNIKASI VISUAL;006.8;6;Teknik Informatika & Komputer;Teknik Informatika & Komputer;64.92;Teknik Informatika & Komputer, Teknik Grafika & Penerbitan
17805;The Money Revolution;332;332;Akuntansi;Akuntansi;87.37;Akuntansi
12943;POLIMER FOAMS HANDBOOK : ENGINEERING AND BIOMECHANICS APPLICATIONS AND DESIGN GUIDE;668;668;Teknik Sipil;Teknik Sipil;81.97;Teknik Sipil, Teknik Mesin
12950;RINCIPLES OF FOUNDATION ENGINEERING;624.15;624;Teknik Sipil;Teknik Sipil;100.0;Teknik Sipil
13013;MELAKUKAN TUNE UP DAN PERAWATAN MOTOR SENDIRI:MENGATASI MASALAH MESIN,SISTEM BAHAN BAKAR,OLI,REM HINGGA RODA BAN.;629.28;629;Teknik Mesin;Teknik Mesin;93.85;Teknik Mesin
13017;AKUNTANSI SEKTOR PUBLIK: ORGANISASI NON LABA;657.661;657;Akuntansi;Akuntansi;90.62;Akuntansi
13018;MEMBUAT APLIKASI SISTEM INFORMASI MENGGUNAKAN VB.NET;";004";4;Teknik Informatika & Komputer;Teknik Informatika & Komputer;95.04;Teknik Informatika & Komputer
13019;AKUNTANSI KEUANGAN DASAR : BERBASIS PSAK PER JUNI 2012;657.48;657;Akuntansi;Akuntansi;100.0;Akuntansi
13020;MEMAHAMI AKUNTANSI DASAR : PENDEKATAN TEKNIS SIKLUS AKUNTANSI;657.042;657;Akuntansi;Akuntansi;100.0;Akuntansi
13021;MANAJEMEN MULTIMODA TRANSPORTATION DAN FREIGHT FORWARDER;380.06;380;Administrasi Niaga;Administrasi Niaga;76.55;Administrasi Niaga, Umum
13022;AKUNTANSI KEUANGAN LANJUTAN;657.48;657;Akuntansi;Akuntansi;100.0;Akuntansi
13023;MANUSIA PENGEMBARA : REFLEKSI FILOSOFIS TENTANG MANUSIA;";100";100;Umum;Umum;97.5;Umum
13024;RAHASIA RESEP SEHAT DARI JEPANG DAN TIONGKOK;615.4;615;Umum;Umum;100.0;Umum
13025;"MAHIR MERAKIT KOMPUTER DARI ""0""";";004";4;Teknik Informatika & Komputer;Teknik Informatika & Komputer;97.0;Teknik Informatika & Komputer
13026;TAKI TAKAZAWA : KETIKA TUKANG TATO YAKUZA MEMELUK ISLAM;297.246;297;Umum;Umum;100.0;Umum
13027;NOVEL : COINCIDENCE (PANDANGAN SEORANG PASSIVE OBSERVER TERHADAP HIDUP DAN KEHIDUPAN DI BERBAGAI NEGARA SERTA FALSAFAH ATHEISME, PAGANISME DAN AGAMA;808.3;808;Umum;Umum;100.0;Umum
13028;PANDUAN PRAKTIS MENYUSUN KPI (KEY PERFORMANCE INDICATOR);658.02;658;Administrasi Niaga;Administrasi Niaga;100.0;Administrasi Niaga
13029;NOVEL : love, live and choir;808.3;808;Umum;Umum;100.0;Umum
13030;HIDUP SEHAT, KINERJA MELEJIT;613;613;Umum;Umum;92.85;Umum
13031;ASAL USUL PERANG JAWA;959.802;959;Umum;Umum;100.0;Umum
13032;DAHSYATNYA KHASIAT JUS UNTUK DARAH TINGGI;641.2;641;Umum;Umum;97.41;Umum
13033;DAHSYATNYA KHASIAT JUS UNTUK DIABETES;641.2;641;Umum;Umum;100.0;Umum
13034;DAHSYATNYA KHASIAT JUS UNTUK KANKER;641.2;641;Umum;Umum;100.0;Umum
13035;DAHSYATNYA KHASIAT JUS UNTUK KOLESTEROL;641.2;641;Umum;Umum;99.4;Umum
13037;TANGGUNG JAWAB PIDANA DOKTER DALAM KESALAHAN MEDIS;364.03;364;Umum;Umum;99.04;Umum
13038;BUDIDAYA BELUT CEPAT PANEN DALAM BERBAGAI SKALA & MEDIA;639.31;639;Umum;Umum;74.74;Umum
13039;BEAUTIFUL ANIMATION WITH CSS3;005.3;5;Teknik Informatika & Komputer;Teknik Informatika & Komputer;93.98;Teknik Informatika & Komputer
13046;AUTODESK INVENTOR PROFESIONAL 2011PANDUAN MUDAH MERANCANG MESIN;620.004;620;Teknik Mesin;Teknik Mesin;84.92;Teknik Mesin
13051;Filsafat Kebudayaan: Proses Realisasi Manusia;306;306;Umum;Umum;100.0;Umum
13052;Semua Bisa Hafal Al-Quran: Semua umur, semua profesi, laki-laki dan perempuan;297.122;297;Umum;Umum;99.77;Umum
13053;Ajaibnya Terapi Herbal: Tumpas penyakit diabetes lebih aman, mudah, murah, dan berkhasiat;033209;33;Umum;Umum;96.95;Umum
13054;Membuat setek, cangkok, sambung, dan okulasi;033211;33;Umum;Umum;77.44;Umum
13055;Cinta Dermaga Biru;033171;33;Umum;Umum;100.0;Umum
13056;Panduan praktis menyusun penggajian dan benefit;033169;33;Umum;Umum;77.58;Umum, Administrasi Niaga
13057;Panduan praktis zikir, bacaan setelah shalat, dan doa-doa peristiwa khusus;033167;33;Umum;Umum;100.0;Umum
13058;Dahsyatnya 3 sosok hebat: Pengantar puncak kesuksesan dan keberkahan hidup;033155;33;Umum;Umum;100.0;Umum
13059;TEORI BELAJAR;033225;33;Umum;Umum;94.39;Umum
13060;EKONOMI MATEMATIKA BISNIS;033229;33;Umum;Administrasi Niaga;49.96;Administrasi Niaga, Umum
13061;PANDUAN TEKNIK SEPEDA MOTOR;629.2;629;Teknik Mesin;Teknik Mesin;100.0;Teknik Mesin
13062;MEMAHAMI PANCASILA DAN KEWARGANEGARAAN DI ERA REFORMASI;320.509;320;Umum;Umum;100.0;Umum
13063;PEMBELAJARAN TEKNIK PENDINGIN;621.55;621;Teknik Mesin;Teknik Mesin;91.03;Teknik Mesin
13064;SRIWIJAYA;033118;33;Umum;Umum;96.23;Umum
13065;NOT JUST A FREAKY TALE;033112;33;Umum;Umum;100.0;Umum
13066;PANDUAN PENGGUNAAN PUPUK ORGANIK;631.8;631;Umum;Umum;87.51;Umum
13067;3 LANGKAH BISA BACA AL-QURAN: TERMUDAH DAN TERCEPAT;297122;297;Umum;Umum;98.7;Umum
13068;DAHSYATNYA SHALAT, SABAR ,SYUKUR,SEDEKAH: KISAH-KISAH INSPIRATIF,MERAIH SUKSES DENGAN GERAKAN 4S;297.3;297;Umum;Umum;100.0;Umum
13069;POLITIK PERHATIAN: Rasa Dalam Kebudayaan Jawa;306.4;306;Umum;Umum;100.0;Umum
13075;UNTUNG BERLIPAT BUDI DAYA TAWES SEBAGAI BAHAN BAKU KERIPIKI;629.31;629;Teknik Mesin;Teknik Mesin;75.22;Teknik Mesin, Umum
13088;POTRET EKONOMI POLITIK INDONESIA;330.112;330;Administrasi Niaga;Administrasi Niaga;87.87;Administrasi Niaga
13082;MISTERI & KEAJAIBAN BULAN RAMADHAN;297.362;297;Umum;Umum;100.0;Umum
13083;TEKNOLOGI PENGOLAHAN HASIL PERTANIAN;033319;33;Umum;Umum;84.86;Umum
13084;HUKUM EKSPOR IMPOR;346.07;346;Umum;Umum;90.09;Umum
13090;GALAU PRENEUR;813;813;Umum;Umum;100.0;Umum
13094;Shalat, Solusi Hidupku;297.3822;297;Umum;Umum;100.0;Umum
13097;UMAR BIN ABDUL AZIZ;297.648;297;Umum;Umum;100.0;Umum
13098;Agar Doa Wanita Selalu Didengar Allah;297.56;297;Umum;Umum;100.0;Umum
13101;Merajut Hukum Di Indonesia;340;340;Umum;Umum;100.0;Umum
13102;ADOBE PREMIERE PRO CS5;006.7;6;Teknik Informatika & Komputer;Teknik Informatika & Komputer;100.0;Teknik Informatika & Komputer
13103;Kamus Populer Istilah Komputer & Informatika;004.02;4;Teknik Informatika & Komputer;Teknik Informatika & Komputer;84.48;Teknik Informatika & Komputer, Umum
13104;SEJARAH SASTRA;809;809;Umum;Umum;96.67;Umum
13105;DAHSYATNYA SHALAT TAHAJUD;297.3822;297;Umum;Umum;100.0;Umum
13106;METAMORFOSIS G GINAN;808.3;808;Umum;Umum;100.0;Umum
13107;ELEKTRONIKA DASAR & PERIPKERAL KOMPUTER;621.39;621;Teknik Elektro;Teknik Elektro;100.0;Teknik Elektro
13108;OPERASI SISTEM TENAGA LISTRIK;621.3;621;Teknik Elektro;Teknik Elektro;95.61;Teknik Elektro
13109;KHASIAT SAKTI MANGGIS TUMPAS BERBAGAI PENYAKIT;634.6;634;Umum;Umum;100.0;Umum
13111;PEMBANGKIT TENAGA LISTRIK;621.31;621;Teknik Elektro;Teknik Elektro;93.98;Teknik Elektro
13112;EKONOMIKA MIKRO UNTUK ILMU PERTANIAN;330.1;330;Administrasi Niaga;Administrasi Niaga;88.58;Administrasi Niaga
13113;PENGEMBANGAN ORGANISASI;658.1;658;Administrasi Niaga;Administrasi Niaga;100.0;Administrasi Niaga
13114;BUSINESS REVOLUTION;650;650;Administrasi Niaga;Administrasi Niaga;96.61;Administrasi Niaga
13115;Sistem Informasi Manajemen;658.4038;658;Administrasi Niaga;Administrasi Niaga;97.41;Administrasi Niaga
13116;TETANGGA DARI SURGA;297.3;297;Umum;Umum;100.0;Umum
13117;PENYELESAIAN SENGKETA DALAM PRAKTIK PERBANKAN SYARIAH;297.273;297;Umum;Umum;86.91;Umum
13118;HIDUP SEHATI SETIAP HARI SEPERTI NABI;297.63;297;Umum;Umum;100.0;Umum
13119;NIKMATNYA BANGUN PAGI, TAHAJUD, SUBUH&DHUHA;297.3822;297;Umum;Umum;98.17;Umum
13120;Membaca Sejarah Nusantara : 25 Kolom Sejarah Gus DUr;959.8;959;Umum;Umum;100.0;Umum
13121;MANAJEMEN SENGKETA DALAM PUNGUTAN PAJAK;336.2;336;Akuntansi;Akuntansi;77.73;Akuntansi
13122;MENGENAL INTEGRAL LEBIH DEKAT;515.4;515;Matematika;Matematika;94.62;Matematika
13123;KABAR DARI KUBUR;297.23;297;Umum;Umum;100.0;Umum
13124;Panduan Menggulung Ulang Kumparan Motor Listrik Satu Fasa;621.46;621;Teknik Mesin;Teknik Mesin;83.6;Teknik Mesin
13125;DOA & DZIKIR YANG TERANGKAT KE LANGIT;297.3824;297;Umum;Umum;100.0;Umum
13126;Akuntansi Tingkat dasar;657.042;657;Akuntansi;Akuntansi;100.0;Akuntansi
13127;BISNIS RESELLER;658.84;658;Administrasi Niaga;Administrasi Niaga;100.0;Administrasi Niaga
13128;JELAJAH ASIK DENGAN MATEMATIKA TERAPAN;510;510;Matematika;Matematika;88.72;Matematika
13130;MANAJEMEN KEUANGAN;658.15;658;Administrasi Niaga;Administrasi Niaga;96.47;Administrasi Niaga
13131;BUKU LENGKAP KANKER PAYUDARA;616.99;616;Umum;Umum;99.49;Umum
13132;PESONA BARAT DI INDONESIA;306;306;Umum;Umum;100.0;Umum
13133;DAN LANGIT PUN TERSENYUM;808.3;808;Umum;Umum;100.0;Umum
13134;Akuntansi Manajerial;658.1511;658;Administrasi Niaga;Administrasi Niaga;76.84;Administrasi Niaga, Akuntansi
13135;CARA MUDAH MEMBUAT MEDIA PEMBELAJARAN GAME KUIS;005.5;5;Teknik Informatika & Komputer;Teknik Informatika & Komputer;73.2;Teknik Informatika & Komputer, Umum
13136;seri buku latihan : eksterior minimalis dengan autocad & 3ds max;005.5;5;Teknik Informatika & Komputer;Teknik Informatika & Komputer;84.28;Teknik Informatika & Komputer
13137;Ajaibnya Terapi Herbal : Tumpas Penyakit Kanker;615.5;615;Umum;Umum;100.0;Umum
13138;Manajemen;658;658;Administrasi Niaga;Administrasi Niaga;99.62;Administrasi Niaga
13168;Kesalahan Yang Sering Terjadi Dalam Membaca Al-Qur'an;297.122;297;Umum;Umum;100.0;Umum
13141;Doa Menembus Langit;297.3824;297;Umum;Umum;100.0;Umum
13142;Fiqh : Pergaulan Anak Terhadap Orang Tua;297,5;297;Umum;Umum;100.0;Umum
13143;Penilaian Properti;336.2;336;Akuntansi;Akuntansi;94.8;Akuntansi
13144;SALESMANSHIP : Konsep dan Aplikasi panduan Mahasiswa, Salesman, Pengusaha dan Umum;658.85;658;Administrasi Niaga;Administrasi Niaga;100.0;Administrasi Niaga
13145;Cara mudah Kreasi Fotografi Plus Editing Image;778.8;778;Teknik Grafika & Penerbitan;Teknik Grafika & Penerbitan;78.77;Teknik Grafika & Penerbitan, Teknik Informatika & Komputer
13146;Dahsyatnya 7 Kalimat Thayyibah;297.382;297;Umum;Umum;100.0;Umum
13147;Fatimah az-Zahra;297.63;297;Umum;Umum;100.0;Umum
13148;10 Amalan Dahsyat Pagi Hari;297.3;297;Umum;Umum;100.0;Umum
13154;ADOBE POTOSHOP CS6;006.66;6;Teknik Informatika & Komputer;Teknik Informatika & Komputer;96.41;Teknik Informatika & Komputer
13153;MATEMATIKA UNTUK BISNIS DAN EKONOMI;510;510;Matematika;Matematika;92.13;Matematika
13155;Membuat SABUN & SHAMPO;668;668;Teknik Sipil;Teknik Sipil;67.01;Teknik Sipil
13156;MENGENAL PENILAIAN DAN PROFESINYA;336.2;336;Akuntansi;Akuntansi;69.61;Akuntansi, Administrasi Niaga
13157;24 DESAIN DAPUR 3 IN 1 MULTIFUNGSI;747.7;747;Teknik Grafika & Penerbitan;Teknik Grafika & Penerbitan;88.46;Teknik Grafika & Penerbitan
13158;28 DESAIN RUMAH TINGKAT;720.28;720;Teknik Grafika & Penerbitan;Teknik Grafika & Penerbitan;88.49;Teknik Grafika & Penerbitan
13159;HOME IDEAS RUMAH 2 LANTAI;720.28;720;Teknik Grafika & Penerbitan;Teknik Grafika & Penerbitan;77.59;Teknik Grafika & Penerbitan
13160;Tahukah Anda ? Sinyal Tubuh Ketika Akan Sakit;612.88;612;Umum;Umum;96.83;Umum
13161;7 JALAN TERCEPAT  AGAR DOA TERAKABUL;297.3824;297;Umum;Umum;97.26;Umum
13162;101 + DOA MUSTAJAB  DARI NABI MUHAMMAD SAW;297.3824;297;Umum;Umum;100.0;Umum
13163;DESAIN KARTUN FAVORITMU DENGAN ADOBE FLASH CS6;006.6;6;Teknik Informatika & Komputer;Teknik Informatika & Komputer;100.0;Teknik Informatika & Komputer
13164;KISAH-KISAH DAHSYAT ORANG-ORANG YANG SEMBUH KARENA ALLAH;297.3824;297;Umum;Umum;100.0;Umum
13165;AJAIBNYA TERAPI HERBAL;615.5;615;Umum;Umum;100.0;Umum
13166;KUPAS TUNTAS HAID, NIFAS, & ISTIHADAH;279.46;279;Umum;Umum;100.0;Umum
13167;EDITING VIDEO PROFESIONAL DENGAN COREL ULEAD VIDEOSTUDIO PRO X4;006.6;6;Teknik Informatika & Komputer;Teknik Informatika & Komputer;96.36;Teknik Informatika & Komputer
13169;Pembuatan Tepung Puding Alginat Instan;641.5;641;Umum;Umum;77.76;Umum
13170;Kisah Kisah Dahsyat Keajaiban Sedekah;297.54;297;Umum;Umum;100.0;Umum
13171;Khasiat Sakti Tanaman Obat Untuk Stroke;615.8;615;Umum;Umum;97.81;Umum
13172;20 Drama Terbaik William Shakespreare;822;822;Umum;Umum;97.46;Umum
13173;Kebijakan Penal Dalam Penanggulangan Tindak Pidana Uang Palsu;345;345;Umum;Umum;97.95;Umum
13174;Bersiap Mempelajari Kajian Komunikasi;302.2;302;Umum;Umum;74.99;Umum
13175;Pengantar Bisnis Respon Terhadap Dinamika Global;650;650;Administrasi Niaga;Administrasi Niaga;100.0;Administrasi Niaga
13176;Matematika Terapan Untuk Bisnis Dan Ekonomi Jilid 2;519.8;519;Matematika;Matematika;100.0;Matematika
13177;Seni Ukir Sabun : Teknik Dasar & Ide Kreasi Cantik;745.5;745;Teknik Grafika & Penerbitan;Teknik Grafika & Penerbitan;94.44;Teknik Grafika & Penerbitan
13178;Habbatus sauda Obat Segala Penyakit;581.12;581;Sains;Sains;71.34;Sains, Umum
13179;3 Rahasia Sukses Besar;155.25;155;Umum;Umum;87.71;Umum
13180;Statistika Ekonomi Bisnis;310.0;310;Umum;Umum;71.78;Umum, Matematika
13181;Hal - Hal Yang Harus Dilakukan Sebelum Umur 40;155.25;155;Umum;Umum;98.82;Umum
13182;Dahsyatnya 7 Sunah;297.125;297;Umum;Umum;100.0;Umum
13183;Love Is Freak;813;813;Umum;Umum;100.0;Umum
13184;Birokrasi Dan Dinamika Politik Lokal;351;351;Umum;Umum;100.0;Umum
13185;Soal dan Jawaban Ekonomi Untuk Manajer Ekonomi  Manajerial;658.15;658;Administrasi Niaga;Administrasi Niaga;100.0;Administrasi Niaga
13186;Dahsyatnya 4 Surat Al-Qur'an;297.122;297;Umum;Umum;98.06;Umum
13187;Jamur Konsumsi Berkhasiat Obat;579.5;579;Sains;Sains;80.2;Sains
13188;Khasiat Sakti Tanaman Obat Untuk Diabetes;615.8;615;Umum;Umum;100.0;Umum
13189;Menembus Batas;297.261;297;Umum;Umum;100.0;Umum
13190;Panduan Lengkap Perakitan Komputer;004.0;4;Teknik Informatika & Komputer;Teknik Informatika & Komputer;92.06;Teknik Informatika & Komputer
13191;Prosedur Prosedur Analisis Populer Aplikasi Riset Skripsi Dan Tesis Dengan EView;005.5;5;Teknik Informatika & Komputer;Teknik Informatika & Komputer;97.69;Teknik Informatika & Komputer
13192;Spring In Auckland;813;813;Umum;Umum;100.0;Umum
13193;Desain Interior 3D dengan Google Sketchup Pro 8;729;729;Teknik Grafika & Penerbitan;Teknik Grafika & Penerbitan;84.83;Teknik Grafika & Penerbitan
13202;Transmisi Daya Listrik;612.319;612;Umum;Teknik Elektro;65.21;Teknik Elektro, Umum
13195;Fiqh Sunnah Lin Nisaa;297.14;297;Umum;Umum;100.0;Umum
13196;Adobe Premiere Pro CS6;006.1;6;Teknik Informatika & Komputer;Teknik Informatika & Komputer;96.31;Teknik Informatika & Komputer
13197;Membuat Game Interaktif Menggunakan Adobe Flash CS6;005.5;5;Teknik Informatika & Komputer;Teknik Informatika & Komputer;100.0;Teknik Informatika & Komputer
13198;Rancangan Bangunan 3Dimensi Dengan AutoCAD 2012;005.5;5;Teknik Informatika & Komputer;Teknik Informatika & Komputer;86.98;Teknik Informatika & Komputer
13199;2D CAD Drawing Dengan AutoCAD;005.5;5;Teknik Informatika & Komputer;Teknik Informatika & Komputer;81.85;Teknik Informatika & Komputer, Teknik Mesin
13200;Adobe Audition CS6 Cara Mudah Buat Produksi Rekaman;005.5;5;Teknik Informatika & Komputer;Teknik Informatika & Komputer;93.5;Teknik Informatika & Komputer
13201;Panduan Praktis Mendirikan Berbagai Badan Usaha;338.1;338;Administrasi Niaga;Administrasi Niaga;84.11;Administrasi Niaga, Umum
13203;Komunikasi Bisnis;650;650;Administrasi Niaga;Administrasi Niaga;93.48;Administrasi Niaga
13204;Doa Doa Dahsyatnya Pelancar Bisnis dan Usaha;297.3824;297;Umum;Umum;90.96;Umum
13205;Bahasa Indonesia Untuk Perguruan Tinggi;499.21;499;Umum;Umum;100.0;Umum
13206;Buku Cerdas Panduan Teknik Komputer;004.0;4;Teknik Informatika & Komputer;Teknik Informatika & Komputer;92.78;Teknik Informatika & Komputer
13207;Metodologi Penelitian Dan Statistik;001.4;1;Teknik Informatika & Komputer;Teknik Informatika & Komputer;94.65;Teknik Informatika & Komputer
13208;Penerapan AutoCAD 2013 Untuk Teknik Mesin;006.66;6;Teknik Informatika & Komputer;Teknik Informatika & Komputer;100.0;Teknik Informatika & Komputer
13209;Kumpulan Kultum Tausiyah Tematik Terbaik;297.37;297;Umum;Umum;96.46;Umum
13210;Adobe Flash CS5;006.7;6;Teknik Informatika & Komputer;Teknik Informatika & Komputer;100.0;Teknik Informatika & Komputer
13211;Hari Hari Terakhir Kehidupan Rasulullah;297.63;297;Umum;Umum;99.33;Umum
13212;Undang Undang Kesehatan Dan Rumah Sakit Tahun 2009 Beserta Penjelasannya;348;348;Umum;Umum;100.0;Umum
13213;Orang Aneh Albert Camus;842;842;Umum;Umum;100.0;Umum
13214;Terjemahan Bulughul Maram;297.125;297;Umum;Umum;100.0;Umum
13215;Sosiologi Konsep Teori Dan Metode;301;301;Umum;Umum;84.91;Umum
13216;Dahsyatnya Sedekah Tahajud Dhuha Dan Santuni Anak Yatim;297.3824;297;Umum;Umum;98.38;Umum
13217;Nasihat Diri 1000 Kisah Hikmah Dan Kata Mutiara Penyejuk Jiwa;297.14;297;Umum;Umum;100.0;Umum
13218;Kebudayaan Dan Waktu Senggang;306;306;Umum;Umum;92.88;Umum
13219;Penyusun Laporan Keuangan Berbasis MYOB Accounting V 19.6;657.3;657;Akuntansi;Akuntansi;88.52;Akuntansi
13220;Contoh Contoh Kasus Studi Kelayakan Bisnis;650;650;Administrasi Niaga;Administrasi Niaga;91.29;Administrasi Niaga
13221;Kesalahan Kesalahan Yang Sering Terjadi Dalam Puasa & Zakat;297.3;297;Umum;Umum;96.22;Umum
13222;Penyakit Saluran Pencernaan;616.3;616;Umum;Umum;95.14;Umum
13223;Lady In The Mirror;808.3;808;Umum;Umum;100.0;Umum
13224;Error Cerita Di Balik Layar;808.3;808;Umum;Umum;93.36;Umum
13225;Panduan Lengkap HRD & GA;658.3;658;Administrasi Niaga;Administrasi Niaga;96.58;Administrasi Niaga
13226;Sinyal Bahaya Dari Tubuh;616;616;Umum;Umum;91.58;Umum
13227;Jurus Jitu Agar Anak Rajin Shalat Cepat Hafal Al-Qur'an & Berbakti Kepada Orang Tua;297.577;297;Umum;Umum;98.21;Umum
13228;Abu Bakar Ash-Shiddiq Pembuka Islam Di Tanah Persia;297.648;297;Umum;Umum;100.0;Umum
13229;Kumpulan Kultum Terlengkap Sepanjang Tahun;297.74;297;Umum;Umum;100.0;Umum
13230;Kesalahan Yang Sering Terjadi Dalam Berdoa;297.3824;297;Umum;Umum;98.48;Umum
13231;Jurus Maut Pengusaha Sukses Modal Dengkul;155.25;155;Umum;Umum;78.05;Umum, Administrasi Niaga
13232;Pembelajaran Tata Graha ( Hotel dan Restoran );647;647;Umum;Umum;91.69;Umum
13233;Panduan Merancang Rumah Sederhana dengan AutoCAD;620;620;Teknik Mesin;Teknik Mesin;84.21;Teknik Mesin
13234;Komunikasi Data;005.7;5;Teknik Informatika & Komputer;Teknik Informatika & Komputer;92.16;Teknik Informatika & Komputer
13235;The Big Money;658.84;658;Administrasi Niaga;Administrasi Niaga;95.29;Administrasi Niaga
13236;Bahan Ajar Ekonomi Makro;339;339;Administrasi Niaga;Administrasi Niaga;95.96;Administrasi Niaga
13237;Awas Stroke! Pengertian, Gejala, Tindakan, perawatan, & pencegahan;616.81;616;Umum;Umum;93.5;Umum
13238;Trik Mudah Menaklukan Orang Orang Di Sekitar Anda;153.6;153;Umum;Umum;100.0;Umum
13239;Mantra Maira;813;813;Umum;Umum;100.0;Umum
13240;Rahasia Bahagiakan istri;297.56;297;Umum;Umum;99.73;Umum
13241;Rahasia Gerakan & Bacaan Shalat;297.3882;297;Umum;Umum;100.0;Umum
13242;Panduan Praktis Menyusun Jobdesc;658.4;658;Administrasi Niaga;Administrasi Niaga;95.02;Administrasi Niaga
13243;Membuat Bangunan 3D Dari Denah 2D dengan AutoCAD;620;620;Teknik Mesin;Teknik Mesin;70.51;Teknik Mesin, Teknik Informatika & Komputer
13244;Pancasila Dalam Pusaran Globalisasi;181.16;181;Umum;Umum;100.0;Umum
13245;Ajaibnya Terapi Herbal Tumpas Penyakit Jantung;615.5;615;Umum;Umum;99.93;Umum
13246;Inspirasi Desain Rumah Minimalis;729 MAN r;729;Teknik Grafika & Penerbitan;Teknik Grafika & Penerbitan;83.49;Teknik Grafika & Penerbitan
13247;Catatan Harian Anne Frank;823;823;Umum;Umum;100.0;Umum
13248;Bermain Main Dengan Cinta;808.3;808;Umum;Umum;100.0;Umum
13251;DIFFERENT : Ketika Perbedaan Bukan Sebuah Penghalang;813;813;Umum;Umum;96.9;Umum
13252;Kumpulan Doa Sehari - Hari;297.3824;297;Umum;Umum;100.0;Umum
13254;KUHP & KUHAP;345.598;345;Umum;Umum;100.0;Umum
13255;Dahsyatnya Kisah Nabi Isa;297.246;297;Umum;Umum;99.48;Umum
13256;Medical Record And Informed Consent;610.28;610;Umum;Umum;98.72;Umum
13257;Filsafat Timur;181;181;Umum;Umum;98.66;Umum
13258;Dahsyatnya Air Putih;615.8;615;Umum;Umum;97.95;Umum
13259;Kreasi Bunga Dari Kertas Krep;745.5;745;Teknik Grafika & Penerbitan;Teknik Grafika & Penerbitan;85.04;Teknik Grafika & Penerbitan
13261;Mudah Dan Cepat Merancang Dengan ArchiCad 13;620.004;620;Teknik Mesin;Teknik Mesin;84.93;Teknik Mesin
13262;Pertanyaan Yang Sering Muncul Tentang Shalat;297.382;297;Umum;Umum;95.72;Umum
13263;Membuat Orang Jatuh Cinta Dalam 1 Detik;297.261;297;Umum;Umum;100.0;Umum
13264;Analisis Wacana;401.41;401;Umum;Umum;95.87;Umum
13265;Teknologi Perawatan Dan Perbaikan Otomotif;629.2;629;Teknik Mesin;Teknik Mesin;98.15;Teknik Mesin
13266;Orang Miskin Pun Bisa Naik Haji;297.352;297;Umum;Umum;100.0;Umum
13267;Jam Piket Organ Tubuh;611;611;Umum;Umum;99.97;Umum
13268;Hidroponik Sayuran;635;635;Umum;Umum;90.84;Umum
13269;Pendidikan Rusak - Rusakan;370;370;Umum;Umum;97.53;Umum
13270;Membuat Desain Arsitektur Gedung dengan ArchiCAD 15 & Photoshop CSS.5;620;620;Teknik Mesin;Teknik Mesin;67.81;Teknik Mesin
13271;Do It Yourself Perawatan Dan Tune Up Motor & Mobil;629.2;629;Teknik Mesin;Teknik Mesin;100.0;Teknik Mesin
13272;Panduan Praktis Perawatan Mobil;629.222;629;Teknik Mesin;Teknik Mesin;88.93;Teknik Mesin
13273;Mengapa Aku Harus Segera Shalat;297.3822;297;Umum;Umum;100.0;Umum
13274;Pengantar Akuntansi Dasar 1;657;657;Akuntansi;Akuntansi;100.0;Akuntansi
13275;Pengantar Ilmu Organisasi;658.1;658;Administrasi Niaga;Administrasi Niaga;100.0;Administrasi Niaga
13276;Manajemen Keuangan Modern;658.15;658;Administrasi Niaga;Administrasi Niaga;91.55;Administrasi Niaga
13277;Rahasia 7 Waktu Shalat;297.3822;297;Umum;Umum;100.0;Umum
13278;Panduan Lengkap Bisnis & Budi Daya Ikan Betutu;639.31;639;Umum;Umum;93.62;Umum
13279;Panduan Praktis Perawatan Mobil Komponen Mesin;629.555;629;Teknik Mesin;Teknik Mesin;100.0;Teknik Mesin
13280;Beragam Animasi Iklan Menggunakan Adobe After Effects CS6;006.6;6;Teknik Informatika & Komputer;Teknik Informatika & Komputer;100.0;Teknik Informatika & Komputer
13282;Last Minute In Sangatta;808.3;808;Umum;Umum;100.0;Umum
13283;Perjalanan Hati;813;813;Umum;Umum;100.0;Umum
13284;Air Zamzam Mukjizat Yang Masih Terjaga;297.294;297;Umum;Umum;97.93;Umum
13285;Membuat Rigging Karakter & Animasi Di Adobe After Effects;006.7;6;Teknik Informatika & Komputer;Teknik Informatika & Komputer;100.0;Teknik Informatika & Komputer
13288;Manajemen Keuangan Perusahaan Lanjutan Dilengkapi Soal Dan Penyelesaiannya;658.15;658;Administrasi Niaga;Administrasi Niaga;100.0;Administrasi Niaga
13289;Dahsyatnya Arti Bacaan Shalat;297.382.2;297;Umum;Umum;100.0;Umum
13290;Peristiwa Peristiwa Terdahsyat Di Alam Kubur;297.23;297;Umum;Umum;100.0;Umum
13291;Mengungkap Rahasia Sukses Pelajar Muslim;297.3;297;Umum;Umum;100.0;Umum
13292;Sebuah Kumpulan Cerpen Perempuan Yang Mengawini Keris;813;813;Umum;Umum;99.09;Umum
13294;Perempuan Kedua;813;813;Umum;Umum;100.0;Umum
13296;Akuntansi Perusahaan Manufaktur;657.662;657;Akuntansi;Akuntansi;100.0;Akuntansi
13299;Fisika Kuantum;530.12;530;Teknik Elektro;Teknik Elektro;99.18;Teknik Elektro
13300;Kompas Teknik Pengambilan Sampel;001.4;1;Teknik Informatika & Komputer;Teknik Informatika & Komputer;86.04;Teknik Informatika & Komputer
13303;Manajemen Kearsipan Modern Dari Konvensional Ke Basis Komputer;651.5;651;Administrasi Niaga;Administrasi Niaga;82.33;Administrasi Niaga
13307;Sirkus Ilusi;808.3;808;Umum;Umum;100.0;Umum
13309;Manajemen Pengadaan;658;658;Administrasi Niaga;Administrasi Niaga;100.0;Administrasi Niaga
13312;Mengenal, Mencegah, & Mengatasi Silent Killer Hipertensi;616.13;616;Umum;Umum;96.18;Umum
13316;Saya Berbelanja Maka Saya Ada;306.4;306;Umum;Umum;100.0;Umum
13323;Desain Hunian Dinamis;747;747;Teknik Grafika & Penerbitan;Teknik Grafika & Penerbitan;95.09;Teknik Grafika & Penerbitan
13326;Cara Berbisnis Baja Ringan Yang Untung Berat;650.1;650;Administrasi Niaga;Administrasi Niaga;93.47;Administrasi Niaga
13330;Tip dan Trik Mikrokontroler AT89 dan AVR;621.381;621;Teknik Elektro;Teknik Elektro;81.0;Teknik Elektro, Teknik Informatika & Komputer
13332;Mudah Menyusun SOP ( Standard Operating Procedure );651;651;Administrasi Niaga;Administrasi Niaga;95.63;Administrasi Niaga
13338;Super Sedekah - Sedekah Berkualitas Rezeki Tanpa Batas;279.54;279;Umum;Umum;100.0;Umum
13340;Seri Panduan Kapitalisme;330.112;330;Administrasi Niaga;Administrasi Niaga;83.25;Administrasi Niaga
13343;Kiat Mengatasi Rasa Marah Anda;297.125;297;Umum;Umum;100.0;Umum
13344;Amelia;808.3;808;Umum;Umum;100.0;Umum
13350;Manajemen Kearsipan Elektronik - panduan pengembangan aplikasi kearsipan elektronik;651.5;651;Administrasi Niaga;Administrasi Niaga;89.03;Administrasi Niaga
13353;Teknik Fabrikasi Pengerjaan Logam;620.1;620;Teknik Mesin;Teknik Mesin;95.6;Teknik Mesin
13354;KUHP - Kitab Undang Undang Hukum Acara Pidana;345;345;Umum;Umum;96.13;Umum
13357;Pemikiran & Praktik Administrasi Pembangunan;351;351;Umum;Umum;93.5;Umum
13360;40 Desain Rumah Di Lahan Khusus;720.28;720;Teknik Grafika & Penerbitan;Teknik Grafika & Penerbitan;100.0;Teknik Grafika & Penerbitan
13366;Etika & Estetika - Cara cara berarsitektur dengan bijak;720;720;Teknik Grafika & Penerbitan;Teknik Grafika & Penerbitan;87.53;Teknik Grafika & Penerbitan
13369;Aspek Hukum Dalam Bisnis;343.07;343;Umum;Umum;98.03;Umum
13380;ArchiCAD 15 Untuk Desain Arsitektur Perumahan Modern;729;729;Teknik Grafika & Penerbitan;Teknik Grafika & Penerbitan;76.26;Teknik Grafika & Penerbitan
13383;Peluang Bisnis Kuliner Modal 2 Jutaan;620;620;Teknik Mesin;Teknik Mesin;74.72;Teknik Mesin
13386;Home Ideas Rumah 1 Lantai Minimalis - Tropis Minimalis - Etnik - Modern;729;729;Teknik Grafika & Penerbitan;Teknik Grafika & Penerbitan;90.88;Teknik Grafika & Penerbitan
13388;Pengantar Hukum Bisnis;346.06;346;Umum;Umum;100.0;Umum
13392;Panduan Aplikatif & Solusi Beragam Desain Game Edukasi Dengan Adobe Flash CS5;006.66;6;Teknik Informatika & Komputer;Teknik Informatika & Komputer;86.24;Teknik Informatika & Komputer
13394;Manajemen Perkantoran;651.3;651;Administrasi Niaga;Administrasi Niaga;100.0;Administrasi Niaga
13461;Methods in Cognitive Linguistics;415;415;Umum;Umum;90.92;Umum
13476;Manajemen Perkantoran;651.3;651;Administrasi Niaga;Administrasi Niaga;100.0;Administrasi Niaga
13479;Nawi Inah;306.4;306;Umum;Umum;100.0;Umum
13484;50 Kisah Orang Yang Doanya Terkabul;297.3824;297;Umum;Umum;100.0;Umum
13488;Winter Chemistry In Amsterdam;808.3;808;Umum;Umum;94.35;Umum
13491;Memahami Secara Singkat : Struktur Komposit Antara Beton dan Baja;624.183 4;624;Teknik Sipil;Teknik Sipil;94.96;Teknik Sipil
13494;Calista's Conflict;808.3;808;Umum;Umum;100.0;Umum
13496;Sunset Di Kota New York;808.3;808;Umum;Umum;96.37;Umum
13497;Pengantar Bisnis;650;650;Administrasi Niaga;Administrasi Niaga;100.0;Administrasi Niaga
13498;Dahsyatnya 5 Obat Hati;297.3;297;Umum;Umum;100.0;Umum
13499;Kisah Kisah Kehamilan & Kelahiran Yang Paling Mengharukan;297.266;297;Umum;Umum;100.0;Umum
13508;Top 50 Bisnis Paling Untung, Bos!;650.1;650;Administrasi Niaga;Administrasi Niaga;98.45;Administrasi Niaga
13510;Runtuhnya Kerajaan Hindu - Jawa Dan Timbulnya Negara - Negara Islam Di Nusantara;959.801;959;Umum;Umum;97.55;Umum
13511;PENGANTAR FISIKA GEOPOLIMER;547.7;547;Teknik Sipil;Teknik Sipil;82.45;Teknik Sipil, Teknik Elektro
13513;Manajemen Edisi Kedelapan Jilid 2;658;658;Administrasi Niaga;Administrasi Niaga;89.9;Administrasi Niaga
13514;Ide Kecil Untuk Bahagia - kumpulan nasihat penuh makna;297.56;297;Umum;Umum;97.37;Umum
13516;Dahsyatnya Ikhlas Sabar Qana'ah;297.3;297;Umum;Umum;100.0;Umum
13519;TEKNOLOGI DI NUSANTARA : 40 ABAD HAMBATAN INOVASI;609.598;609;Teknik Mesin;Teknik Mesin;74.99;Teknik Mesin, Umum
13523;Ya Allah Sayangilah Ibuku;297.5;297;Umum;Umum;98.49;Umum
13524;Dahsyatnya Bacaan & Hafalan Al-Qur'an;297.122;297;Umum;Umum;100.0;Umum
13526;Buku Panduan Perencanaan Pemasaran Edisi Ketiga;658.8;658;Administrasi Niaga;Administrasi Niaga;100.0;Administrasi Niaga
13527;Panduan Ibadah Saat Sakit;297.3;297;Umum;Umum;100.0;Umum
13530;Buku Panduan Operator Komputer;004;4;Teknik Informatika & Komputer;Teknik Informatika & Komputer;89.53;Teknik Informatika & Komputer
13534;Elemen - Elemen Semiologi;410;410;Umum;Umum;83.33;Umum, Teknik Informatika & Komputer
13537;Ubuntu From Zero 3;005.368 4;5;Teknik Informatika & Komputer;Teknik Informatika & Komputer;98.91;Teknik Informatika & Komputer
13538;Rahasia Sehat Setiap Hari;610;610;Umum;Umum;97.62;Umum
13540;Let's Speak English - Vocabulary For Daily Conversation;421.55;421;Umum;Umum;95.14;Umum
13541;Dahsyatnya sedekah tahjud dhuha & santuni anak yatim;297.3;297;Umum;Umum;97.71;Umum
13543;Mualaf : Kisah Para Penjemput Hidayah;297.574;297;Umum;Umum;100.0;Umum
13545;50 Contoh Perjanjian (Kontrak);346.02;346;Umum;Umum;97.88;Umum
13547;Buku Panduan Tata Boga;641.5;641;Umum;Umum;97.59;Umum
13549;La Tahzan Untuk Penanti Jodoh;297.577;297;Umum;Umum;100.0;Umum
13551;Mahir dalam 7 Hari : Adobe Flash CS6;006.7;6;Teknik Informatika & Komputer;Teknik Informatika & Komputer;100.0;Teknik Informatika & Komputer
13553;Dasar - Dasar Teknik Listrik : Belajar Super Cepat;621.3;621;Teknik Elektro;Teknik Elektro;89.5;Teknik Elektro
13554;Pengantar Ilmu Bisnis;650;650;Administrasi Niaga;Administrasi Niaga;84.6;Administrasi Niaga
13555;Manajemen Ekspor Impor;658.155;658;Administrasi Niaga;Administrasi Niaga;100.0;Administrasi Niaga
13557;Pengantar Manajemen Keuangan;658.15;658;Administrasi Niaga;Administrasi Niaga;100.0;Administrasi Niaga
13558;Praktikum Akuntansi Keuangan Manual Kasus Perusahaan Dagang : Bukti Transaksi;657.662;657;Akuntansi;Akuntansi;100.0;Akuntansi
13560;Praktikum Akuntansi Keuangan Manual Kasus Perusahaan Dagang : Buku Informasi dan Formulir Perusahaan;657.662;657;Akuntansi;Akuntansi;100.0;Akuntansi
13562;KItab Doa Terlangkap Sehari-Hari Sepanjang Masa;297.3824;297;Umum;Umum;99.99;Umum
13564;Ide Pemanfaatan Ruang Bawah Atap;747;747;Teknik Grafika & Penerbitan;Teknik Grafika & Penerbitan;93.41;Teknik Grafika & Penerbitan
13566;Khasiat & Keajaiban Air Putih;615.8;615;Umum;Umum;100.0;Umum
13568;Teknik Pengolahan ATC dari Rumput Laut Eucheuma Cottoni;579.8;579;Sains;Sains;78.35;Sains, Teknik Informatika & Komputer
13570;3D Modeling Profesional dengan 3ds Max 2012;006.6;6;Teknik Informatika & Komputer;Teknik Informatika & Komputer;93.72;Teknik Informatika & Komputer
13572;Aneka Resep Obat Tradisional Bayi,Balita & Anak;615;615;Umum;Umum;100.0;Umum
13576;Panduan Praktis Perawatan Sepeda Motor;629.2;629;Teknik Mesin;Teknik Mesin;93.28;Teknik Mesin
13577;Membuat Presentasi Bisnis Menggunakan Adobe Flash CS6;006.6;6;Teknik Informatika & Komputer;Teknik Informatika & Komputer;100.0;Teknik Informatika & Komputer
13578;Ajaibnya Terapi Herbal Tumpas Penyakit Stroke;615.5;615;Umum;Umum;100.0;Umum
13580;Khasiat Istimewa Jambu Klutuk;615.8;615;Umum;Umum;100.0;Umum
13581;A To Z Minyak Atsiri Untuk Industri Makanan, Kosemtik, Dan Aromaterapi;661.806;661;Teknik Mesin;Teknik Mesin;68.81;Teknik Mesin, Umum
13582;Keajaiban Air & Buah Jadi Satu : Infused Water;613;613;Umum;Umum;97.67;Umum
13585;Dahsyatnya Wakaf Amalan Dahsyat Banyak Manfaat, Pahala Deras Mengalir Tanpa Henti;297.54;297;Umum;Umum;100.0;Umum
13589;Panduan Praktis Penilaian Kinerja Karyawan;658.3;658;Administrasi Niaga;Administrasi Niaga;97.68;Administrasi Niaga
13599;Dahsyatnya Bisnis Ayam Kalkun;636.952;636;Umum;Umum;95.11;Umum
13612;Total Desain Arsitektur Dan Struktur Desain + RAB Dengan ArchiCAD, SAP 2000, dan Excel;729;729;Teknik Grafika & Penerbitan;Teknik Grafika & Penerbitan;79.1;Teknik Grafika & Penerbitan
13615;Analisis Framing;302.23;302;Umum;Umum;89.4;Umum
13628;185 HADITS QUDSI Pesan Dari Sang Maha Penyayang;297.125;297;Umum;Umum;100.0;Umum
13640;Ajaibnya Terapi Herbal Tumpas Penyakit Asam Urat;615.5;615;Umum;Umum;99.16;Umum
13644;Data Mining Teori dan Aplikasi Rapidminer;005.7;5;Teknik Informatika & Komputer;Teknik Informatika & Komputer;100.0;Teknik Informatika & Komputer
13648;Pengolahan Video Digital Dengan Pinnacle 14;006.7;6;Teknik Informatika & Komputer;Teknik Informatika & Komputer;98.22;Teknik Informatika & Komputer
13683;Top 50 Bisnis Rumahan Super Tajir;650.1;650;Administrasi Niaga;Administrasi Niaga;100.0;Administrasi Niaga
13685;Cash English! The Easy Pathway To Speak English With Breakthrough 2/3 Method;425;425;Umum;Umum;97.58;Umum
13688;Terapi Energi Positif Telapak Tangan Untuk Penyembuhan Berbagai Penyakit;615.5;615;Umum;Umum;89.07;Umum
13694;PLC Konsep Pemrograman Dan Aplikasi;003.5;3;Teknik Informatika & Komputer;Teknik Informatika & Komputer;69.14;Teknik Informatika & Komputer, Teknik Mesin
13702;ADONIS ARKEOLOGI SEJARAH - PEMIKIRAN ARAB - ISLAM VOLUME 2;297.6;297;Umum;Umum;100.0;Umum
13705;ADONIS ARKEOLOGI SEJARAH - PEMIKIRAN ARAB - ISLAM VOLUME 4;297.6;297;Umum;Umum;99.56;Umum
13720;Video Editing Profesional Dengan Pinnacle Studio 17 Plus;006.7;6;Teknik Informatika & Komputer;Teknik Informatika & Komputer;91.99;Teknik Informatika & Komputer
13721;Dahsyatnya Evaluasi Diri Seorang Muslim;297.261;297;Umum;Umum;97.12;Umum
13722;Kisah - Kisah Paling Mengharukan Di Dunia 2;808.3;808;Umum;Umum;100.0;Umum
13723;10 Peristiwa Dahsyat Di Alam Kubur;297.23;297;Umum;Umum;100.0;Umum
13725;HIMPUNAN LENGKAP UNDANG-UNDANG TENTANG LINGKUNGAN HIDUP;344.044;344;Umum;Umum;97.07;Umum
13726;Ayo Yasinan : Membaca dan Memahami Dahsyatnya Surat Yasin;297.122;297;Umum;Umum;100.0;Umum
13727;CAD SERIES 3D CAD DRAWING DENGAN AUTOCAD;620;620;Teknik Mesin;Teknik Mesin;72.57;Teknik Mesin, Teknik Informatika & Komputer
13728;SHORTCOURSE SERIES: ADOBE FLASH CS6;006.6;6;Teknik Informatika & Komputer;Teknik Informatika & Komputer;100.0;Teknik Informatika & Komputer
13729;PANDUAN APLIKASI DAN SOLUSI (PAS) : KREASI DESAIN TOKO KONTEMPORER DENGAN AutoCAD 2012;620;620;Teknik Mesin;Teknik Mesin;84.79;Teknik Mesin
13730;PANDUAN APLIKASI DAN SOLUSI (PAS) : DESAIN INTERIOR PERKANTORAN MODERN DENGAN 3DS MAX 2012;729;729;Teknik Grafika & Penerbitan;Teknik Grafika & Penerbitan;83.92;Teknik Grafika & Penerbitan
13732;PANDUAN APLIKASI DAN SOLUSI (PAS): DESAIN RUMAH EKSOTIS DENGAN 3DS MAX 2013 DAN AD0BE PHOTOSHOP CS6;920;920;Umum;Umum;61.33;Umum, Teknik Informatika & Komputer
13733;PANDUAN APLIKASI DAN SOLUSI (PAS): DESAIN ARSITEKTUR RUMAH DENGAN ARCHICAD 13;620.004;620;Teknik Mesin;Teknik Mesin;85.4;Teknik Mesin
13734;ZUHUD & KELEMBUTAN HATI;297.14;297;Umum;Umum;100.0;Umum
13742;KAMUS AL-QUR'AN JILID 2;297.122;297;Umum;Umum;100.0;Umum
13751;KAMUS AL-QUR'AN  JILID 3;297.122;297;Umum;Umum;98.97;Umum
13753;Etika di Ruang Publik;175;175;Umum;Umum;94.21;Umum
13755;Derita Cinta Tak Terbalas : Proses Pencarian Makna Hidup;150;150;Umum;Umum;100.0;Umum
13757;Pengantar Metodologi Penelitian;001.42;1;Teknik Informatika & Komputer;Teknik Informatika & Komputer;97.61;Teknik Informatika & Komputer
13759;Privatisasi Dalam Model Public Private Partnership;330;330;Administrasi Niaga;Administrasi Niaga;97.91;Administrasi Niaga
13761;Fase;813;813;Umum;Umum;100.0;Umum
13763;Seri Panduan MARXISME;320.532;320;Umum;Umum;91.91;Umum
13832;PASTI BISA!! BELAJAR SENDIRI ADOBE FLASH PRO CS6 FL;005.5;5;Teknik Informatika & Komputer;Teknik Informatika & Komputer;100.0;Teknik Informatika & Komputer
13833;Ajaibnya Terapi Herbal Tumpas Penyakit Darah Tinggi;615.5;615;Umum;Umum;100.0;Umum
13835;HUKUM TATA NEGARA INDONESIA;342;342;Umum;Umum;100.0;Umum
13836;PRAKTIKUM PERPAJAKAN;336.2;336;Akuntansi;Akuntansi;100.0;Akuntansi
13839;Kamus Saku Bahasa Jepang Untuk Dunia Kerja;495.6;495;Umum;Umum;95.92;Umum
13842;PENGANTAR PERPAJAKAN;336.2;336;Akuntansi;Akuntansi;95.82;Akuntansi
13845;Pengantar Statistika Sosial;361.0072;361;Umum;Umum;68.31;Umum, Matematika
13848;Panduan Praktis Perawatan Mobil: Komponen Sistem Kelistrikan;629.222;629;Teknik Mesin;Teknik Mesin;90.26;Teknik Mesin
13852;Belajar Jaringan Komputer Berbasis Mikrotik OS;004.6;4;Teknik Informatika & Komputer;Teknik Informatika & Komputer;99.87;Teknik Informatika & Komputer
13854;Warisan Kuno PengobatanTiongkok;615.8;615;Umum;Umum;94.92;Umum
13857;Beginilah Seharusnya Menjadi Seorang Muslim;297.3;297;Umum;Umum;100.0;Umum
13858;SIM Sukses Itu Mudah : 9 Strategi Untuk Menghancurkan Kegagalan;155.25;155;Umum;Umum;89.97;Umum
13860;Optimis 1000% : Kisah Hidup Penuh Semangat Sepanjang Hari;297.3;297;Umum;Umum;100.0;Umum
13862;Renungan Dahsyat untuk Muslimah : Kumpulan Nasihat dahsyat agar hidup lebih semangat dan bahagia;297.56;297;Umum;Umum;100.0;Umum
13864;Video Iklan Komersial Premier CS6;006.6;6;Teknik Informatika & Komputer;Teknik Informatika & Komputer;99.67;Teknik Informatika & Komputer
13865;Fiqh Sunnah Lin Nisaa' Ensiklopedi Fiqih Wanita;297.14;297;Umum;Umum;97.01;Umum
13866;Desain Interior Dengan 3ds Max 2009;729;729;Teknik Grafika & Penerbitan;Teknik Grafika & Penerbitan;86.24;Teknik Grafika & Penerbitan
13868;3D Studio Max 2012;006.696;6;Teknik Informatika & Komputer;Teknik Informatika & Komputer;91.44;Teknik Informatika & Komputer
13896;"Sehat Tanpa Dokter : Cara Mudah ""Jadi Dokter"" di Rumah Sendiri";616.0252;616;Umum;Umum;93.14;Umum
13897;Dunia Mistik Orang Jawa : Roh, Ritual, Benda Magis;959.801;959;Umum;Umum;100.0;Umum
13898;KAMUS AL-QUR'AN  JILID 1;297.122;297;Umum;Umum;100.0;Umum
13995;MANAJEMEN KEUANGAN 1;658.15;658;Administrasi Niaga;Administrasi Niaga;100.0;Administrasi Niaga
13996;Mudah, Cepat, & Praktis Belajar Tajwid;297.122;297;Umum;Umum;100.0;Umum
14002;fatwa-fatwa jual beli oleh ulama-ulama besar terkemuka;297.273;297;Umum;Umum;100.0;Umum
14267;sinyal & sistem  jilid 1;629.832;629;Teknik Mesin;Teknik Mesin;69.72;Teknik Mesin
14269;Pengantar manajemen;658;658;Administrasi Niaga;Administrasi Niaga;100.0;Administrasi Niaga
15015;Pengantar Manajemen;658                 SIS;658;Administrasi Niaga;Administrasi Niaga;100.0;Administrasi Niaga
15016;Mekanika Fluida : Edisi ke delapan;532 STR;532;Teknik Elektro;Teknik Elektro;100.0;Teknik Elektro
15017;Manajemen Pemasaran;658.81 KOT;658;Administrasi Niaga;Administrasi Niaga;100.0;Administrasi Niaga
15025;Beginilah Rasulullah Berbisnis : Bacaan Wajib Bagi Pengusaha;297.421 BAS;297;Umum;Umum;81.48;Umum, Administrasi Niaga
15230;HADJI AGUS SALIM DIPLOMAT NYEN TRIK PENJAGA MARTABAT REPUBLIK;920.71 HAD;920;Umum;Umum;100.0;Umum
15231;Paradoks Amir Hamzah;920.0598 PAR;920;Umum;Umum;100.0;Umum
15232;Hamengkubuwono ix : Pengorbanan Sang Pembela Publik;920.0598 HAM;920;Umum;Umum;99.58;Umum
15233;Tjokroaminoto : Guru Para Pendiri Bangsa;920.0598 TJO;920;Umum;Umum;97.75;Umum
15234;PERSAHABATAN SUKARNO DAN JOHN F.KENNEDY DALAM 100 HARI THE UNTOLD STORIES;973.72 PRA p;973;Umum;Umum;99.21;Umum
15235;PRIBADI & MARTABAT BUYA HAMKA;920.71               HAM;920;Umum;Umum;100.0;Umum
15236;KI HADJAR SEBUAH MEMOAR;920.71               MUS;920;Umum;Umum;100.0;Umum
15237;ALEX FERGUSON DAN MICHAEL MORTIZ MEMIMPIN;658.407               FER;658;Administrasi Niaga;Administrasi Niaga;94.38;Administrasi Niaga
15238;Alibaba's World : Perjalanan Luar Biasa Jack Ma Membnagun Perusahaan E-Commerce Terbesar di Dunia;920 ERI;920;Umum;Umum;74.91;Umum, Administrasi Niaga
15252;Sukarno : Paradoks Revolusi Indonesia;920.0598 SUK;920;Umum;Umum;100.0;Umum
15253;Agus Salim : Diplomat Jenaka Penopang Republik;920.0598 AGU;920;Umum;Umum;100.0;Umum
15240;100 Wasiat BOB SADINO;650.1 MAW  s;650;Administrasi Niaga;Administrasi Niaga;92.47;Administrasi Niaga
15242;Jack Ma : Sisi - Sisi Tak Terduga Sang Godfather Bisnis China;920 WEI j;920;Umum;Umum;94.22;Umum
15243;Yap Thiam Hien : 1000 Tahun Sang Pendekar Keadilan;920 YAP;920;Umum;Umum;100.0;Umum
15244;Sang Penggesek Biola sebuah Roman Wage Rudolf Supratman;920.71 HER s;920;Umum;Umum;100.0;Umum
15245;Pandji Pragiwaksono Persisten : Kisah Nyata di Balik Perjuangan Orang Indonesia Pertama yang menjalankan Tur Dunia;808.802 3 PAN p;808;Umum;Umum;100.0;Umum
15246;BRANCHLESS BANKING BANK TANPA KANTOR PADA ERA DIGITAL;332                 JAY;332;Akuntansi;Akuntansi;100.0;Akuntansi
15247;Wahid Hasyim : Untuk Republik dari Tebuireng;920.0598 WAH;920;Umum;Umum;100.0;Umum
15248;Tan Malaka : Bapak Republik Yang Dilupakan;920.0598 TAN;920;Umum;Umum;100.0;Umum
15249;MUHAMMAD ALI : a Tribute to the Greatest;927.9 THO m;927;Umum;Umum;94.65;Umum
15250;NLP For Change : Cara Dahsyat untuk Penyembuhan Psikologis dan Pengembangan Diri;616.891 42;616;Umum;Umum;92.03;Umum
15251;Arafah Rianti : Curhatan Dari Sudut Rental PS;153.8 ARA c;153;Umum;Umum;100.0;Umum
15254;Saya Zlatan : Kisah Saya di Dalam dan Luar Lapangan;920;920;Umum;Umum;100.0;Umum
15255;Soedirman : Seorang Panglima, Seorang Martir;920.0598;920;Umum;Umum;100.0;Umum
15256;Chairil Anwar : Bagimu Negeri Menyediakan Api;920.0598;920;Umum;Umum;100.0;Umum
15257;My Story : Kisah Saya;927.9;927;Umum;Umum;98.89;Umum
15258;Milea Suara dari Dilan;899.221 3 BAI m;899;Umum;Umum;100.0;Umum
15259;Critical Eleven;813 NAT c;813;Umum;Umum;100.0;Umum
15260;24 Jam Bersama Gaspar sebuah cerita detektif;813 ARM d;813;Umum;Umum;97.41;Umum
15261;Ranah 3 warna;813 FUA r;813;Umum;Umum;100.0;Umum
15262;Bekisar Merah;813 TOH b;813;Umum;Umum;97.09;Umum
15263;Komik Perbankan Praktis :  8 Catatan Bankir @ Work;741.5 TEG k;741;Teknik Grafika & Penerbitan;Teknik Grafika & Penerbitan;93.99;Teknik Grafika & Penerbitan
15264;Seandainya Aku Bisa Menanam Angin;813 FAW s;813;Umum;Umum;99.94;Umum
15265;99 Cahaya di langit eropa;813 SAL s;813;Umum;Umum;99.58;Umum
15266;Komet Minor;813 LIY k;813;Umum;Umum;93.69;Umum
15267;Perahu kertas;811 DJO p;811;Umum;Umum;95.18;Umum
15268;Waktu untuk Tidak Menikah;813 JUN w;813;Umum;Umum;97.33;Umum
15269;Lingkar Tanah Lingkar Air;813 TOH l;813;Umum;Umum;96.0;Umum
15270;Nanti kita sambat tentang hari ini;813 AIK n;813;Umum;Umum;93.99;Umum
15271;Lambe Akrobat : Kisah Geng Koplo dan Keluarga Hansip;813 MUH l;813;Umum;Umum;97.33;Umum
15272;Isyarat Cinta yang Keras Kepala;813 PUT i;813;Umum;Umum;97.57;Umum
15273;Sarapan Pagi Penuh Dusta;813 PUT s;813;Umum;Umum;84.59;Umum
15274;Tatang Teh Tong Tji;650 TRI t;650;Administrasi Niaga;Administrasi Niaga;81.0;Administrasi Niaga, Umum
15275;Luka Dalam Bara;813 BAT l;813;Umum;Umum;100.0;Umum
15276;BULAN;813 LIY b;813;Umum;Umum;92.93;Umum
15277;Negeri Senja;808.2 AJI n;808;Umum;Umum;100.0;Umum
15278;Koran Kami with Lucy in The Sky;813 RED k;813;Umum;Umum;89.58;Umum
15279;A VERY YUPPY WEDDING;813 NAT a;813;Umum;Umum;86.66;Umum
15280;Kota Cerdas Berkelanjutan;711.4 JOG k;711;Teknik Grafika & Penerbitan;Teknik Grafika & Penerbitan;77.57;Teknik Grafika & Penerbitan
15281;Perantau Ilmu Timur Tengah - Afrika;370.2 PPI p;370;Umum;Umum;100.0;Umum
15282;Perantau Ilmu Amerika-Eropa;370.2 PPI p;370;Umum;Umum;89.66;Umum
15283;Lima Cerita : Kisah-Kisah Menjadi Dewasa;813 ANW l;813;Umum;Umum;99.51;Umum
15284;#BERHENTIDIKAMU;813 PRA b;813;Umum;Umum;98.95;Umum
15285;Perempuan yang Memesan Takdir;813 SAN p;813;Umum;Umum;100.0;Umum
15286;Dunia Sukab;813 GUM d;813;Umum;Umum;93.79;Umum
15287;The Da Vinci Code : Petualangan Menegangkan, Mencekam, sekaligus Menantang Kecerdasan;813 BRO t;813;Umum;Umum;93.01;Umum
15288;Secangkir Teh dan Sepotong Ketupat (Tentang Perjalananku dan Islam yang Sempat Kuragukan);813 ZAI s;813;Umum;Umum;99.54;Umum
15289;Perantau Ilmu Asia-Oceania;373.3 DUN p;373;Umum;Umum;100.0;Umum
15290;Tomorrow is Today : Inilah Inovasi Disruptif Perusahaan Indonesia dalam Menghadapi Lawan-Lawan Tak Kelihatan;650.1 KAS t;650;Administrasi Niaga;Administrasi Niaga;67.65;Administrasi Niaga, Umum
15291;Melawan Korupsi : Sejarah Pemberantasan Korupsi di Indonesia 1945-2014;353.4 JUW m;353;Umum;Umum;90.46;Umum
15292;Mewariskan Kota Layak Huni;711.4 JOG m;711;Teknik Grafika & Penerbitan;Teknik Grafika & Penerbitan;79.92;Teknik Grafika & Penerbitan
15293;Melipat Jarak;811 DJO m;811;Umum;Umum;90.64;Umum
15294;Wealth Wisdom : Sebuah Pencarian Makna Kaya Sesungguhnya;332.024 KHO w;332;Akuntansi;Akuntansi;83.07;Akuntansi, Umum
15295;Orang Orang Proyek;813 TOH o;813;Umum;Umum;79.89;Umum
15296;Di Kaki Bukit Cibalak;813 TOH d;813;Umum;Umum;91.53;Umum
15297;Sirkus Pohon;813 HIR s;813;Umum;Umum;95.09;Umum
15298;Viral : Gebrakan Kekinian Public Relations Di Era Digital;659.2 KAR v;659;Administrasi Niaga;Administrasi Niaga;94.96;Administrasi Niaga
15299;Apa Yang Harus Dilakukan Ketika Mesin Melakukan Semuanya;629.8 FRA a;629;Teknik Mesin;Teknik Mesin;76.68;Teknik Mesin, Teknik Informatika & Komputer
15300;How to Sell your ART Online;658.84 HUF h;658;Administrasi Niaga;Administrasi Niaga;70.35;Administrasi Niaga, Umum
15301;Forgiving The Unforgivable : Menyembuhkan Luka,Memumpuk Welas Asih;150.2 AFI f;150;Umum;Umum;94.77;Umum
15302;Thingking In New Boxes : Lima Langkah Penting Mencetuskan Ide Besar Berikutnya;650.1 BRA t;650;Administrasi Niaga;Administrasi Niaga;68.65;Administrasi Niaga, Umum
15303;Lee Kuan Yew Master  : Berpengetahuan Luas Tentang Tiongkok,Amerika Serikat,dan Dunia;923.1 KIS l;923;Umum;Umum;97.62;Umum
15304;SEBUAH SENI UNTUK BERSIKAP BODO AMAT;150.2 MAN s;150;Umum;Umum;95.96;Umum
15305;Mojok: Tentang Bagaimana Media Kecil Lahir, Tumbuh, dan Mencoba Bertahan;153.3 PUT m;153;Umum;Umum;87.86;Umum
15306;Karena Jurnalisme Bukan Monopoli Wartawan;071 MAT k;71;Teknik Grafika & Penerbitan;Teknik Grafika & Penerbitan;85.71;Teknik Grafika & Penerbitan
15307;500 Ways To Multiply Your People's Productivity;658.3 WIN w;658;Administrasi Niaga;Administrasi Niaga;77.81;Administrasi Niaga, Umum
15308;Aroma Karsa;813 LES a;813;Umum;Umum;94.8;Umum
15309;Why A Students Work For C Students and B Student Work For The Government : Panduan Ayah Kaya Untuk Pendidikan Keuangan Bagi Orang Tua;370.114 KIY w;370;Umum;Umum;88.59;Umum
15310;Beasiswa 5 Benua : 100 Kiat Berburu Beasiswa Luar Negeri;371.2 FUA b;371;Umum;Umum;91.7;Umum
15311;Perempuan Pemimpin;158.4 ALI p;158;Umum;Umum;93.73;Umum
15312;The Wolf Of Wall Street : Miliarder Saham di Usia 26, Narapidana di Usia 36;920 BEL t;920;Umum;Umum;88.56;Umum
15317;Blue Ocean SHIFT : Pergeseran samudra biru melampaui persaingan;650.1 KIM b;650;Administrasi Niaga;Administrasi Niaga;80.25;Administrasi Niaga
15318;Ignite Millenial Leadership : 6 Langkah Untuk Memaksimalkan Potensi Pemimpin Generasi Berikutnya;158.4 SEN i;158;Umum;Umum;73.37;Umum
15319;Crisis Public Relations ( Strategi PR menghadapi krisis, mengelola isu, membangun citra, dan reputasi perusahaan);659.2 NOV c;659;Administrasi Niaga;Administrasi Niaga;91.43;Administrasi Niaga
15320;Manajemen Perkantoran Modern;657.1 LAK m;657;Akuntansi;Akuntansi;74.03;Akuntansi, Administrasi Niaga
15321;Konsep Dan Penerapan Ekonometrika Menggunakan E-Views;330.015 195 WAH k;330;Administrasi Niaga;Administrasi Niaga;87.69;Administrasi Niaga
15322;Asuransi & Manajemen Risiko;368 SAL a;368;Umum;Umum;76.71;Umum, Administrasi Niaga
15323;Akuntansi Manajemen : Dasar-dasar Konsep Biaya dan Pengambilan Keputusan;657.068 AHM a;657;Akuntansi;Akuntansi;83.04;Akuntansi, Administrasi Niaga
15324;Kepemimpinan Dalam Manajemen;158.4 THO k;158;Umum;Umum;80.96;Umum, Administrasi Niaga
15325;Kewirausahaan;338.04 KAS k;338;Administrasi Niaga;Administrasi Niaga;93.92;Administrasi Niaga
15326;Matematika Ekonomi;330.1543  ASS m;330;Administrasi Niaga;Administrasi Niaga;94.56;Administrasi Niaga
15327;Pembangunan Sistem Demokrasi Untuk Membangun Ekonomi yang Berkualitas (Studi Kasus Provinsi Papua);338.93 MAR p;338;Administrasi Niaga;Administrasi Niaga;74.72;Administrasi Niaga, Umum
15328;Investasi Dan Pasar Modal Indonesia;332.6 DEW i;332;Akuntansi;Akuntansi;79.46;Akuntansi, Administrasi Niaga
15329;Strategi Manajemen Risiko Bank;658 IBI s;658;Administrasi Niaga;Administrasi Niaga;97.98;Administrasi Niaga
15330;Akuntansi Biaya Dalam Perspektif Manajerial;657.42 LES a;657;Akuntansi;Akuntansi;99.47;Akuntansi
15331;Manajemen Risiko Perbankan : Pemahaman Pendekatan 3 Pilar Kesepakatan Basel II Terkait Aplikasi Regulasi dan Pelaksanaanya di Indonesia;658.155 IDR m;658;Administrasi Niaga;Administrasi Niaga;81.13;Administrasi Niaga, Akuntansi
15332;Wealth Management : Produk dan Analisis;332.1 IBI w;332;Akuntansi;Akuntansi;90.2;Akuntansi
15333;Pendidikan Matematika Realistik : Teori,Pengembangan,dan Implementasinya;510 HAD p;510;Matematika;Matematika;82.5;Matematika, Umum
15334;Manajemen Perpustakaan : Penerapan TQM dan CRM;025.1 RAH m;25;Teknik Informatika & Komputer;Teknik Informatika & Komputer;100.0;Teknik Informatika & Komputer
15335;Peta Jalan UKM 4.0 : Profesional, Produktif,Kreatif,Entrepreurial;650.1 RIN p;650;Administrasi Niaga;Administrasi Niaga;80.38;Administrasi Niaga
15336;UKM Zaman Now : Tren - Profil - Tips;650.1 MUS u;650;Administrasi Niaga;Administrasi Niaga;100.0;Administrasi Niaga
15337;Finchickup 2 : Bebas Sres dengan Cermat Kelola Tabungan dan Investasi, Mudah, Praktis, with No worries!;658.152 NOV f;658;Administrasi Niaga;Administrasi Niaga;61.05;Administrasi Niaga, Akuntansi
15338;Creative Selling Strategy : Rahasia Sukses Seorang Agen Menjadi CEO;658.81 BAW r;658;Administrasi Niaga;Administrasi Niaga;83.2;Administrasi Niaga
15339;Personal SWOT Analysis : Peluang di Balik Setiap Kesulitan;303.34 RAN p;303;Umum;Umum;78.99;Umum
15340;Analisis SWOT : Teknik Membedah Kasus Bisnis;303.34 RAN a;303;Umum;Umum;64.21;Umum, Administrasi Niaga
15341;Memahami Audit Intern Bank;657.45 IBI m;657;Akuntansi;Akuntansi;100.0;Akuntansi
15342;Politik Sirkulasi Budaya Pop : Media Baru,Pelintiran Agama,Dan Pergeseran Otoritas;320.014 AKM p;320;Umum;Umum;100.0;Umum
15343;Foodpreneur : Bikin Sekarang Bisnis Makananmu;650 WID f;650;Administrasi Niaga;Administrasi Niaga;88.27;Administrasi Niaga
15344;Accelerate : Membangun Kelincahan Strategis Dalam Dunia Yang Semakin Cepat;650 KOT a;650;Administrasi Niaga;Administrasi Niaga;80.08;Administrasi Niaga, Umum
15346;Kisah Sukses Airbnb;650 GAL k;650;Administrasi Niaga;Administrasi Niaga;77.74;Administrasi Niaga, Umum
15347;Creator.Inc Rahman,Arif;650.1 RAH c;650;Administrasi Niaga;Administrasi Niaga;80.32;Administrasi Niaga, Umum
15348;Outliers : Rahasia Di Balik Kesuksesan;650.1 GLA o;650;Administrasi Niaga;Administrasi Niaga;60.45;Administrasi Niaga, Umum
15349;Pengantar Basis Data;004 RAS p;4;Teknik Informatika & Komputer;Teknik Informatika & Komputer;89.48;Teknik Informatika & Komputer
15350;Membangun Peradaban Kota;711.4 JOG m;711;Teknik Grafika & Penerbitan;Teknik Grafika & Penerbitan;79.24;Teknik Grafika & Penerbitan
15351;Information Technology Business Start -UP  : Ilmu Dasar Merintis Start-UP Berbasis Teknologi Informasi;650.1 YUD i;650;Administrasi Niaga;Administrasi Niaga;100.0;Administrasi Niaga
15352;Second Chance : Untuk Uang, Hidup, dan Dunia Kita;650.1 KIY s;650;Administrasi Niaga;Administrasi Niaga;84.58;Administrasi Niaga
15353;Thank You For Being Late : Membangun Optimisme Untuk Melangkah Maju Di Era Akselerasi;650.1 FRI t;650;Administrasi Niaga;Administrasi Niaga;68.84;Administrasi Niaga, Umum
15354;YOT  : Young On Top ( 40 Kunci Sukses di Usia Muda );650.1 BOE y;650;Administrasi Niaga;Administrasi Niaga;77.84;Administrasi Niaga, Umum
15355;Generasi Z : Memahami Karakter Generasi Baru yang Akan Mengubah Dunia Kerja;155.2 STI g;155;Umum;Umum;83.72;Umum, Administrasi Niaga
15357;Pasar Valuta Asing : Teori dan Praktik;332.45 EKI p;332;Akuntansi;Akuntansi;75.74;Akuntansi, Administrasi Niaga
15358;Kewirausahaan;338.04 DHA k;338;Administrasi Niaga;Administrasi Niaga;88.96;Administrasi Niaga
15359;Analisis Ekonomi Regional dan Penerapannya di Indonesia;330.1 SJA a;330;Administrasi Niaga;Administrasi Niaga;69.99;Administrasi Niaga
15360;Etika Bisnis & Profesi ( Sebuah Pencarian );174.4 PRI e;174;Umum;Administrasi Niaga;60.72;Administrasi Niaga, Umum
15361;Dasar - Dasar Perekonomian Indonesia;338.859 8 FAH d;338;Administrasi Niaga;Administrasi Niaga;91.67;Administrasi Niaga
15362;Bisnis Halal : Teori dan Praktik;650 SAP b;650;Administrasi Niaga;Administrasi Niaga;65.64;Administrasi Niaga, Umum
15363;Metode Kuantitatif untuk Analisis Ekonomi dan Bisnis;330.072 TEG m;330;Administrasi Niaga;Administrasi Niaga;100.0;Administrasi Niaga
15364;Dasar - Dasar Ekonomi;330 SUG d;330;Administrasi Niaga;Administrasi Niaga;77.94;Administrasi Niaga
15365;Pengadaan Barang dan Jasa (Government Procurement) : Perspektif Kompetisi, Kebijakan Ekonomi, dan Hukum Perdagangan Internasional;339.5 MAM p;339;Administrasi Niaga;Administrasi Niaga;72.85;Administrasi Niaga, Umum
15366;Birokrasi & Governance : Teori, Konsep, dan Aplikasinya;351 RAH b;351;Umum;Umum;87.88;Umum
15367;Ekonomi Manajerial dengan Pendekatan Matematis;330 TAS e;330;Administrasi Niaga;Administrasi Niaga;85.44;Administrasi Niaga
15368;Analisis Laporan Keuangan Edisi Revisi;657.45 KAS a;657;Akuntansi;Akuntansi;77.46;Akuntansi
15369;Manajemen Kompensasi;658.32 KAD m;658;Administrasi Niaga;Administrasi Niaga;83.55;Administrasi Niaga
15370;Etika Bisnis bagi Pelaku Bisnis : Cara Cerdas dalam Memahami Konsep dan Faktor-Faktor Etika Bisnis dengan Bbeberapa Contoh Praktis Edisi Ketiga;174.4 ARI e;174;Umum;Umum;77.95;Umum, Administrasi Niaga
15371;Manajemen Perbankan Ed. Revisi;332.1 KAS m;332;Akuntansi;Akuntansi;100.0;Akuntansi
15372;Manajemen Keuangan & Akuntansi Perusahaan Pelayaran : Suatu Pendekatan Praktis dalam Bidang Usaha Pelayaran;658.15 KOS m;658;Administrasi Niaga;Administrasi Niaga;87.33;Administrasi Niaga
15373;Bank dan Lembaga Keuangan;332.1 ABD b;332;Akuntansi;Akuntansi;89.88;Akuntansi
15374;Matematika Ekonomi;330.015 1 TEG M;330;Administrasi Niaga;Administrasi Niaga;88.8;Administrasi Niaga
15375;Pengantar Statistika Penelitian;001.422 KES p;1;Teknik Informatika & Komputer;Teknik Informatika & Komputer;71.73;Teknik Informatika & Komputer, Umum
15376;Manajemen Perusahaan Pelayaran : Suatu Pendekatan Praktis dalam Bidang Usaha Pelayaran Edisi ke 2;387.006 8 KOS m;387;Administrasi Niaga;Administrasi Niaga;87.53;Administrasi Niaga
15377;Manajemen dari Fungsi Dasar ke Inovasi;658 WIB m;658;Administrasi Niaga;Administrasi Niaga;93.75;Administrasi Niaga
15378;Perekonomian Indonesia : Penerapan Beberapa Teori Ekonomi Pembangunan di Indonesia;330.9598 PUT p;330;Administrasi Niaga;Administrasi Niaga;97.2;Administrasi Niaga
15379;Perihal Cinta Kita Semua Pemula;813 ALI p;813;Umum;Umum;94.4;Umum
15380;Titik Temu;813 AMA t;813;Umum;Umum;98.85;Umum
15381;Bahagia Mengerjakan Hal Sia - Sia;813 SUL b;813;Umum;Umum;96.59;Umum
15382;Binorrow: Tongkat Musa dan Tujuh Roh Boorne;813 SUD b;813;Umum;Umum;98.04;Umum
15383;Ekonomi Wilayah dan Perkotaan;330 SJA e;330;Administrasi Niaga;Administrasi Niaga;85.84;Administrasi Niaga
15384;Manajemen Bisnis Pemasaran;658.81 SOF m;658;Administrasi Niaga;Administrasi Niaga;100.0;Administrasi Niaga
15385;Analisis Kritis atas Laporan KeuanganSofyan Syafri Harahap;657.3 SYA a;657;Akuntansi;Akuntansi;81.27;Akuntansi
15386;Ekonomi Islam : Teori dan Aplikasinya pada Aktivitas Ekonomi;297.273 ROZ e;297;Umum;Umum;77.6;Umum
15387;Media dan Opini Publik : Bagaiman Media Menciptakan Isu (Agenda Setting). Melakukan Pembingkaian (Framming), dan Mengarahkan Pandangan Publik (Priming);302.23 ERI m;302;Umum;Umum;88.2;Umum
15388;Matematika Ekonomi dan Bisnis;519 NUG m;519;Matematika;Matematika;78.89;Matematika, Administrasi Niaga
15389;Ekonomi Sumber Daya Manusia : Dalam Perspektif Pembangunan Edisi Revisi;331.11 MUL e;331;Administrasi Niaga;Administrasi Niaga;94.74;Administrasi Niaga
15390;Bank dan Lembaga Keuangan Lainnya Edisi Revisi 2014;332.1 KAS b;332;Akuntansi;Akuntansi;87.09;Akuntansi
15391;Excellent Service;650.1 WIN e;650;Administrasi Niaga;Administrasi Niaga;77.4;Administrasi Niaga, Umum
15392;Memahami Bisnis Bank Syariah;332.1 IBI m;332;Akuntansi;Akuntansi;89.6;Akuntansi
15393;Kebijakan Fiskal, Perubahan Iklim, dan Keberlanjutan Pembangunan;336.3 PAR k;336;Akuntansi;Akuntansi;81.35;Akuntansi
15394;Mengelola Kredit Secara Sehat;332.7 IBI m;332;Akuntansi;Akuntansi;96.28;Akuntansi
15395;Astra : On Becoming Pride of The Nation;650 LIM a;650;Administrasi Niaga;Administrasi Niaga;100.0;Administrasi Niaga
15396;Mengenal Operasional Perbankan 1;332.1 IBI m;332;Akuntansi;Akuntansi;98.52;Akuntansi
15397;Mengelola Bank Syariah : Modul Sertifikasi Tingkat II General Banking Syariah;332.1 IBI m;332;Akuntansi;Akuntansi;100.0;Akuntansi
15398;Manajemen Risiko 3;658.15 IBI m;658;Administrasi Niaga;Administrasi Niaga;100.0;Administrasi Niaga
15399;Oh My Goodness: Buku Pintar Seorang Creative Junkies;370.2 SEB o;370;Umum;Umum;97.81;Umum
15400;Generasi Eksplorasi;128 IDN g;128;Umum;Umum;99.12;Umum
15401;Literasi Visual : Manfaat dan Muslihat Fotografi;770.2 WIJ l;770;Teknik Grafika & Penerbitan;Teknik Grafika & Penerbitan;79.98;Teknik Grafika & Penerbitan, Teknik Informatika & Komputer
15402;Kepingan Supernova;813 LES s;813;Umum;Umum;100.0;Umum
15403;Digital Fortress;813 BRO d;813;Umum;Umum;83.11;Umum
15404;Menguasai Fungsi Kepatuhan Bank;332.1 IBI m;332;Akuntansi;Akuntansi;88.19;Akuntansi
15405;Manajemen Kontrak Konstruksi : Pedoman Praktis Mengelola Proyek Konstruksi;658 HAN m;658;Administrasi Niaga;Administrasi Niaga;84.59;Administrasi Niaga
15406;Visual Finance : Model Visual Satu Halaman untuk Memahami Laporan Keuangan dan Mengambil Keputusan dengan Lebih Baik;332 TSV v;332;Akuntansi;Akuntansi;84.25;Akuntansi
15407;Entrepreneurial Marketing : Compass & Canvas;658.8 KAR e;658;Administrasi Niaga;Administrasi Niaga;92.11;Administrasi Niaga
15408;Synergy Way of Disruption : Menciptakan Keunggulan Disruptif Perusahaan Melalui Sinergi;650 SUG s;650;Administrasi Niaga;Administrasi Niaga;81.96;Administrasi Niaga
15409;The Business School Edisi Ketiga : Untuk Mereka Yang Suka Menolong Orang;650.1 KIY b;650;Administrasi Niaga;Administrasi Niaga;92.32;Administrasi Niaga
15410;Manajemen Operasional Perbankan 2;332.1 IBI m;332;Akuntansi;Akuntansi;97.29;Akuntansi
15411;Manajemen Risiko 2 : Mengidentifikasi Risiko Likuiditas, Reputasi, Hukum, Kepatuhan, dan Strategi Bank;658.18 IBI m;658;Administrasi Niaga;Administrasi Niaga;92.99;Administrasi Niaga
15412;Conspirata : Buku Kedua dari Trilogi Cicero;813 HAR c;813;Umum;Umum;93.68;Umum
15413;Masa Simpan dan Batas Kadaluwarsa Produk Pangan : Pendugaan, Pengelolaan, dan Penandaanya;344.04 HAR m;344;Umum;Umum;79.46;Umum
15424;Tanri Abeng : 50 Years Lessons : Pembelajaran Menjemput Tantangan dari Sang Profesional dan Guru Manajemen;926.5 YUL t;926;Umum;Umum;82.8;Umum
15426;Studi Kelayakan Bisnis;650 KEL f;650;Administrasi Niaga;Administrasi Niaga;87.88;Administrasi Niaga
15427;Finon (Finance fo Non Finance) : Manajemen Keuangan untuk Non Keuangan;658.15 KEL f;658;Administrasi Niaga;Administrasi Niaga;94.43;Administrasi Niaga
15428;Mikro Ekonomi untuk Manajemen;338.5 SYA m;338;Administrasi Niaga;Administrasi Niaga;100.0;Administrasi Niaga
15429;Manajemen Keuangan sebagai Dasar Pengambilan Keputusan Bisnis;658.15 LUH m;658;Administrasi Niaga;Administrasi Niaga;100.0;Administrasi Niaga
15430;Manajemen Risiko : Bagi Manajer Keperawatan dalam Meningkatkan Mutu dan Keselamatan Pasien;658.306 SRI m;658;Administrasi Niaga;Administrasi Niaga;81.65;Administrasi Niaga, Umum
15431;Manajemen Pemasaran;658.81 ABD m;658;Administrasi Niaga;Administrasi Niaga;100.0;Administrasi Niaga
15432;Literasi dan Inklusi Keuangan Indonesia;336.598 SOE l;336;Akuntansi;Akuntansi;93.04;Akuntansi
15433;Pendidikan Kewirausahaan Dari Teori ke Aplikasi Model Patriot Sejati : Seri Pengembangan Budaya Kewirausahaan;338.04 SUH p;338;Administrasi Niaga;Administrasi Niaga;100.0;Administrasi Niaga
15434;Pokok - Pokok PPN : Pajak Pertambahan Nilai Indonesia;336.24 SUK p;336;Akuntansi;Akuntansi;86.9;Akuntansi
15435;Tata Kelola Ekonomi Keuangan Daerah;330 PUT t;330;Administrasi Niaga;Administrasi Niaga;89.48;Administrasi Niaga
15436;Kebijakan Bank Sentral;332.1 WAR k;332;Akuntansi;Akuntansi;99.47;Akuntansi
15437;Manajemen Pelayanan Publik;352.630 68 HAY m;352;Umum;Umum;75.33;Umum, Administrasi Niaga
15438;Dasar - Dasar Perbankan;332.1 KAS d;332;Akuntansi;Akuntansi;100.0;Akuntansi
15439;Ekonomi Teknik;330 GIA e;330;Administrasi Niaga;Administrasi Niaga;99.56;Administrasi Niaga
15442;Kebijakan Moneter Syariah dalam Sistem Keuangan Ganda Teori dan Praktik;332.46 TUH k;332;Akuntansi;Akuntansi;93.05;Akuntansi
15444;Kabut Negeri Si Dali;813 NAV k;813;Umum;Umum;88.52;Umum
15445;Modern Internal Auditing;657.45 HER m;657;Akuntansi;Akuntansi;100.0;Akuntansi
15447;Laksamana Malahayati : Sang Perempuan Keumala ( Sebuah Epos Untuk Nanggroe);813 MOE l;813;Umum;Umum;96.91;Umum
15451;Untuk Republik : Kisah - Kisah Teladan Kesederhanaan Tokoh Bangsa;920.0598 BAS u;920;Umum;Umum;97.16;Umum
15452;Zero to One : Membangun Startup Membangun Masa Depan;650 THI z;650;Administrasi Niaga;Administrasi Niaga;78.49;Administrasi Niaga
15453;Sprint : 5 Hari Sukses Pecahkan Masalah dan Uji Ide Baru;658.403 KNA s;658;Administrasi Niaga;Administrasi Niaga;100.0;Administrasi Niaga
15454;Bahagia Berbagi dalam Keberagaman;158 KIC b;158;Umum;Umum;88.82;Umum
15455;Self Disruption : Bagaimana Perusahaan Keluar dari Perangkap Masa Lalu dan Mendisrupsi Dirinya Menjadi Perusahan Yang Sehat;658.16 KAS s;658;Administrasi Niaga;Administrasi Niaga;78.26;Administrasi Niaga, Umum
15456;Koperasi dan UMKM sebagai Fondasi Perekonomian Indonesia;334.0598 TAN k;334;Administrasi Niaga;Administrasi Niaga;98.24;Administrasi Niaga
15457;Reinventing : Semua Berawal dari Energi. Ia Menghidupkan, Mengancam dan Mengubah Hidup Kita;650.1 KAS r;650;Administrasi Niaga;Administrasi Niaga;73.96;Administrasi Niaga
15458;Millenials Who Manage : Mengoptimalkan Interaksi Multigenerasi dan Menjadi Pemimpin Hebat;303.34 ESP m;303;Umum;Umum;87.47;Umum
15459;When Millennials Take Over : Mempersiapkan Masa Depan Bisnis yang Luar Biasa Optimis;650 NOT m;650;Administrasi Niaga;Administrasi Niaga;75.83;Administrasi Niaga
15460;BANKIR : KEPEMIMPINAN LEMBAGA PERBANKAN ABAD KE - 21;332.1 JOY b;332;Akuntansi;Akuntansi;93.4;Akuntansi
15464;OJK WAY : IMPLEMENTASI MANAJEMEN PERUBAHAN DI OJK;658.15 HAD o;658;Administrasi Niaga;Administrasi Niaga;81.25;Administrasi Niaga
15465;Akuntansi Syariah;657 HER a;657;Akuntansi;Akuntansi;91.64;Akuntansi
15466;Kajian Riset Akuntansi : Mengulas Berbagai Hasil Penelitian Terkini dalam Bidang Akuntansi dan Keuangan;001.42 HER k;1;Teknik Informatika & Komputer;Teknik Informatika & Komputer;73.91;Teknik Informatika & Komputer, Akuntansi
15467;Governance, Risk Management, and Compliance;658.02 SUS g;658;Administrasi Niaga;Administrasi Niaga;100.0;Administrasi Niaga
15468;Entrepreneurrial Selling : 12 Jurus Memulai Bisnis;650 TAN e;650;Administrasi Niaga;Administrasi Niaga;81.82;Administrasi Niaga
15469;Investing in Digital Startups : Saat Kita Masih Kebingungan, Mereka Sedng Mencetak Miliaran Dolar;332.6 YAN i;332;Akuntansi;Akuntansi;85.07;Akuntansi
15470;Keuangan Mikro Syariah Indonesia;336.598  FER p;336;Akuntansi;Akuntansi;93.84;Akuntansi
15471;Perkembangan Pemikiran Ekonomi Edisi Ketiga;330 DEL p;330;Administrasi Niaga;Administrasi Niaga;100.0;Administrasi Niaga
15472;Milenialnomics : Mengatur Keuangan dengan Bahagia;332.024 SET m;332;Akuntansi;Akuntansi;77.5;Akuntansi, Umum
15473;The High - Potential Reader : Menjadi Pemimpin yang Berpengaruh, Mengambil Tanggung Jawab Baru, dan Bertumbuh dengan Cepat;303.34 CHA t;303;Umum;Umum;90.18;Umum
15480;CEO Stories : Perjalana Sukses 17 CEO di Indonesia;910.6 KAS c;910;Umum;Umum;88.52;Umum
15481;Pengantar Manajemen;658 WAH p;658;Administrasi Niaga;Administrasi Niaga;87.35;Administrasi Niaga
15482;SALES INSIGHT, Spirit, Strategy, Service;658.82 BUD s;658;Administrasi Niaga;Administrasi Niaga;100.0;Administrasi Niaga
15483;Rocket Marketing (Update Version);658.8 ZEB y;658;Administrasi Niaga;Administrasi Niaga;100.0;Administrasi Niaga
15505;Pengantar Statistika : Panduan Bagi Pengajar dan Mahasiswa;519.5 ASR p;519;Matematika;Matematika;98.42;Matematika
15506;Analisis Regresi dalam Penelitian Ekonomi dan Bisnis (Dilengkapi Aplikasi SPSS dan Eviews);330.072 TRI a;330;Administrasi Niaga;Administrasi Niaga;66.67;Administrasi Niaga
15507;Memahami Bisnis Bank;332.1 IBI m;332;Akuntansi;Akuntansi;100.0;Akuntansi
15508;Masa Depan Keuangan Syariah Indonesia;332.4  SYA b;332;Akuntansi;Akuntansi;97.74;Akuntansi
15509;Mengelola Kualitas Layanan Perbankan;332.17 IBI m;332;Akuntansi;Akuntansi;98.72;Akuntansi
15510;Menemukan Indonesia;910.4 PRA m;910;Umum;Umum;96.91;Umum
15511;La La La Leeds! Catatan Perjalanan Mahasiswa Indonesia di Inggris;910.941 PRA l;910;Umum;Umum;95.59;Umum
15512;Kambing dan Hujan : Sebuah Roman;813 IKH k;813;Umum;Umum;98.06;Umum
15513;Mengupayakan Hidup Baik  100 Refleksi tentang Psikologi Positif;150.2 PET m;150;Umum;Umum;90.09;Umum
15518;Manajemen Kesehatan Bank Berbasis Risiko;658 IBI m;658;Administrasi Niaga;Administrasi Niaga;93.98;Administrasi Niaga
15519;Wealth Management Tata Kelola;658 IBI w;658;Administrasi Niaga;Administrasi Niaga;87.61;Administrasi Niaga
15521;Instant Marketing for Busy People : Rangkuman Intisari Pemasaran;658.8 RID i;658;Administrasi Niaga;Administrasi Niaga;100.0;Administrasi Niaga
15522;Samaran;813 ARI s;813;Umum;Umum;98.41;Umum
15523;Juru Bicara;372.623 PRA j;372;Umum;Umum;95.83;Umum
15524;Prinsip - Prinsip Lembaga Keuangan Syariah;332.1 HAK p;332;Akuntansi;Akuntansi;97.75;Akuntansi
15525;Financial Management Canvas : Dapatkan Esensi Laporan Keuangan Secara Visual Untuk Meningkatkan Kinerja Perusahaan;658.15 KHO f;658;Administrasi Niaga;Administrasi Niaga;90.33;Administrasi Niaga
15557;Japanese Folktales : Classic Stories from Japan's Enchanted Past;398.2;398;Umum;Umum;100.0;Umum
15558;Guide To Financial Markets : Why They Exist and How They Work;332;332;Akuntansi;Akuntansi;80.89;Akuntansi, Administrasi Niaga
15559;Leaders Eat Last : Why Some Teams Pull Together and Others Don't;158.4;158;Umum;Umum;97.37;Umum
15560;Influencer : Building Your Personal Brand in The Age of Social Media;801.2;801;Umum;Umum;87.83;Umum
15561;The 5 Essential Principles of Think & Grow Rich (Berpikir Maju dari Setiap Sukses);650.1;650;Administrasi Niaga;Administrasi Niaga;71.44;Administrasi Niaga
15562;ORIGIN;813;813;Umum;Umum;91.32;Umum
15563;Eat Pray Love : One Woman's Search for Everything;813;813;Umum;Umum;98.57;Umum
15565;A History of Tea : The Life and Times of The World's Favorite Beverage;360.4;360;Umum;Umum;94.97;Umum
15566;Ikigai : The Japanese Secret to a Long and Happy Life;613;613;Umum;Umum;100.0;Umum
15567;The Alchemist;813;813;Umum;Umum;97.97;Umum
15568;Men without Women;813;813;Umum;Umum;84.47;Umum
15569;1Q84 The Complete Trilogy;813;813;Umum;Umum;95.16;Umum
15570;Crazy Rich Asians;823;823;Umum;Umum;89.95;Umum
15571;Harry Potter and The Chamber of Secrets;813;813;Umum;Umum;100.0;Umum
15572;Harry Potter and The Chamber of Secrets;813;813;Umum;Umum;98.53;Umum
15573;Harry Potter and The Philosopher's Stone;813;813;Umum;Umum;80.02;Umum
15574;Harry Potter and The Philosopher's Stone;813;813;Umum;Umum;100.0;Umum
15575;Magnus Chase and The Ship Of The Dead;813;813;Umum;Umum;93.13;Umum
15576;The Strange Library;813;813;Umum;Umum;88.85;Umum
15577;Why Nation Fail : The Origins of Power, Prosperity, and Poverty;330;330;Administrasi Niaga;Administrasi Niaga;73.11;Administrasi Niaga
15578;Our World Cup a Fan's Guide to 2018;796.332;796;Umum;Umum;82.94;Umum
15579;Tokyo A Biography;920;920;Umum;Umum;71.06;Umum
15580;Fing : An Explosively Funny Tale Illustrated by Tony Ross;741.5;741;Teknik Grafika & Penerbitan;Teknik Grafika & Penerbitan;77.79;Teknik Grafika & Penerbitan
15581;How To Draw Almost Everything : an Illustrated Sourcebook;741.6;741;Teknik Grafika & Penerbitan;Teknik Grafika & Penerbitan;89.15;Teknik Grafika & Penerbitan
15582;Never Give Up : Jack Ma In His Own Words;920;920;Umum;Umum;76.61;Umum
15583;How To Draw Almost Every Day : an Illustrated Sourcebook;741.6;741;Teknik Grafika & Penerbitan;Teknik Grafika & Penerbitan;96.8;Teknik Grafika & Penerbitan
15584;Fantastic Beasts : The Crimes of Grindelwald The Original Screenplay;791.43;791;Umum;Umum;93.22;Umum
15585;Harry Potter : a History of Magic;813;813;Umum;Umum;100.0;Umum
15586;Facebook Advertising : Third Edition;659.14;659;Administrasi Niaga;Administrasi Niaga;74.37;Administrasi Niaga
15588;Youtube For Business : Second Edition;658.8;658;Administrasi Niaga;Administrasi Niaga;80.68;Administrasi Niaga
15589;Instagram For Business;770.285;770;Teknik Grafika & Penerbitan;Teknik Grafika & Penerbitan;71.55;Teknik Grafika & Penerbitan
15590;Google AdWords : Fifth Edition;659.14;659;Administrasi Niaga;Administrasi Niaga;71.5;Administrasi Niaga
15591;Happy Homemade Sew Chic : 20 Simple Everyday Design;746.92;746;Teknik Grafika & Penerbitan;Teknik Grafika & Penerbitan;81.04;Teknik Grafika & Penerbitan
15594;HOW TO DO EVERTYTHING DIGITAL CAMERA;771.3;771;Teknik Grafika & Penerbitan;Teknik Grafika & Penerbitan;88.57;Teknik Grafika & Penerbitan
15621;All Marketters are Liars Tell Stories : The Underground Classic That Explains How Marketing Really Works and Why Authenticity is The Best Marketing of All;658.8;658;Administrasi Niaga;Administrasi Niaga;75.95;Administrasi Niaga, Umum
15622;Educated;371.9;371;Umum;Umum;81.17;Umum
15623;The Intelligent Investor : The Definitive Book On Value Investing;332.6;332;Akuntansi;Akuntansi;81.2;Akuntansi
15624;The $100 Startup : Fire Your Boss, Do What You Love and Work Better To Live More;338.04092;338;Administrasi Niaga;Administrasi Niaga;81.67;Administrasi Niaga
15625;HBR Guide To Your Professional Growth : Learn New Skills Develop Your Potential Stay Relevant;338.9;338;Administrasi Niaga;Administrasi Niaga;65.4;Administrasi Niaga
15626;Strategic Human Resources Management : Leading Inovative Organizations Series;658;658;Administrasi Niaga;Administrasi Niaga;100.0;Administrasi Niaga
15627;Management Information Systems : Managing the Digital Firm;658;658;Administrasi Niaga;Administrasi Niaga;95.99;Administrasi Niaga
15629;Introduction To Management Science : a Modeling and Case Studies Approach with Spreadsheets;658;658;Administrasi Niaga;Administrasi Niaga;85.79;Administrasi Niaga
15650;Marketing 4.0 Moving from Traditional to Digital;658.8;658;Administrasi Niaga;Administrasi Niaga;100.0;Administrasi Niaga
15651;Creative Calling : Establish a Daily Practice, Infuse Your World with Meaning, and succeed in Works + Life;153.3;153;Umum;Umum;87.3;Umum
15652;People, Power and Profits : Progressive Capitalism for an Age of Discontent;332;332;Akuntansi;Akuntansi;73.56;Akuntansi
15653;The Fourth Industrial Revolution;338;338;Administrasi Niaga;Administrasi Niaga;100.0;Administrasi Niaga
15654;The Productivity Project : Proven Ways to Become More Awesome;338.01;338;Administrasi Niaga;Administrasi Niaga;68.76;Administrasi Niaga, Umum
15655;Fake : Fake Money, Fake Teachers, Fake Assets;332.4;332;Akuntansi;Akuntansi;77.53;Akuntansi
15656;Bank 4.0 : Banking Everywhere, Never at a Bank;332.1;332;Akuntansi;Akuntansi;85.31;Akuntansi
15663;Brief Answers to The Big Questions;160;160;Umum;Umum;95.28;Umum
15665;Atomic Habits : An easy and Proven way to Build Good Habits and Break Bad Ones;028.9;28;Teknik Informatika & Komputer;Teknik Informatika & Komputer;69.21;Teknik Informatika & Komputer, Umum
15666;Yanis Varoufakis Talking to My Daughter : A Brief History of Capitalism;330.112;330;Administrasi Niaga;Administrasi Niaga;74.96;Administrasi Niaga, Umum
15667;Sapiens A Brief History of Humandkind;599.938;599;Sains;Sains;83.68;Sains
15668;One Hundred Dollar Startup : Reinvent The Way You Make a Living, Do what You Love, and Create a New Future;658.1;658;Administrasi Niaga;Administrasi Niaga;73.61;Administrasi Niaga
15677;Mindful Listening : Emotional Intelligence;153.9;153;Umum;Umum;76.01;Umum
15678;The Art of Thingking Clearly;153.4;153;Umum;Umum;86.7;Umum
15679;Thinking, Fast and Slow;153.4;153;Umum;Umum;89.06;Umum
15680;The Lean Startup : How Today's Entrepreneurs Use Continuous Innovation to Create Radically Successful Business;658.1;658;Administrasi Niaga;Administrasi Niaga;100.0;Administrasi Niaga
15681;HBR Guide to Thinking Strategically;658.4;658;Administrasi Niaga;Administrasi Niaga;72.06;Administrasi Niaga
15682;Grit : Why Passion and Resilience are The Secrets to Success;168;168;Umum;Umum;79.96;Umum, Administrasi Niaga
15683;The 5 am Club : Own Your Morning Elevate Your Life;181;181;Umum;Umum;69.02;Umum
15684;Guide To Analysing Companies;658.16;658;Administrasi Niaga;Administrasi Niaga;73.38;Administrasi Niaga
15685;Homo Deus : a Brief History of Tomorrow;909.83;909;Umum;Umum;90.44;Umum
15686;The Revenge of Analog : Real Things and Why They Matter;306.3;306;Umum;Umum;82.18;Umum
15687;On Business Model Innovation : If You Read Nothing Else on;650;650;Administrasi Niaga;Administrasi Niaga;93.62;Administrasi Niaga
15688;Minecraft;153.3;153;Umum;Umum;86.09;Umum
15691;The Asean Miracle : a Catalyst for Peace;305.805;305;Umum;Umum;76.79;Umum
15692;Create Uniqueness : How to Turn a Passion Into a Business;650;650;Administrasi Niaga;Administrasi Niaga;82.47;Administrasi Niaga, Umum
15693;Reflection of A Man II;158.2;158;Umum;Umum;97.5;Umum
15694;Urbanization, Human Capital and Regional Development : The Indonesian Experiences (Fiscal Policy Analysis Series);307.76;307;Umum;Umum;74.23;Umum, Administrasi Niaga
15695;Good Vibes, Good Life;152.4;152;Umum;Umum;100.0;Umum
15696;Alibaba : The House That Jack Ma Built;381.142 0951;381;Administrasi Niaga;Administrasi Niaga;64.1;Administrasi Niaga, Umum
15697;L'art de la Simplicite : How to Live More With Less;158.1;158;Umum;Umum;93.95;Umum
15698;The Art of War : The Definite Interprestation of Sun Tzu's Classic Book of Strategy;355.02;355;Umum;Umum;66.16;Umum
15699;Factfulness;155.9;155;Umum;Umum;86.1;Umum
15700;Familiar Strangers : Anthology of Poems and Short Stories by Indonesian Migrant Workers;158.27;158;Umum;Umum;91.77;Umum
15703;Sang Pemenang Berdiri Sendiri : The Winner Stand Alone;813;813;Umum;Umum;84.73;Umum
15704;Barking up The Wrong Tree : The Suprising Science Behind Why Everything You Know About Success is (Mostly) Wrong;650;650;Administrasi Niaga;Administrasi Niaga;78.05;Administrasi Niaga, Umum
15705;Rich dad Poor Dad with Updates for Today's World and 9 New Study Sssion Section;332.4;332;Akuntansi;Akuntansi;81.52;Akuntansi
15706;The Book of Question;160;160;Umum;Umum;90.85;Umum
15707;Are You Smart Enough to Work at Google? : Trick Question, Zen-Like Riddles, Insanely Difficult Puzzles, and Other Devious Interviewing Techniques You Need to Know to Get a Job Anywhere in The New Economy;004.678;4;Teknik Informatika & Komputer;Teknik Informatika & Komputer;80.05;Teknik Informatika & Komputer
15708;How to Win Friends and Influence People : The Original is Still The Best! The Only Book You Need to Lead You to Success;158.2;158;Umum;Umum;88.12;Umum
15709;I am Malala : The Girl Who Stood Up For Education and Was Shot By The Taliban;920;920;Umum;Umum;98.45;Umum
15710;Ego is The Enemy : The Flight to Master Our Greatest Opponent;155.2;155;Umum;Umum;81.98;Umum
15711;The Spider Network : The Wild Story of a Maths Genius and One of The Greatest Scams in Financial History;364.163;364;Umum;Umum;82.67;Umum
15712;Elon Musk : how The Billionaire CEO of Spacex and Tesla is Shaping Our Future;920;920;Umum;Umum;81.86;Umum
15713;Better Than Before : Mastering the Habits of Our Everyday Lives;153.8;153;Umum;Umum;95.1;Umum
15714;Twelve Rules For Life;170.44;170;Umum;Umum;84.24;Umum
15715;The Art of Opportunity : Seni Meraih Peluang / Cara Menghasilkan Pertumbuhan Bisnis dan Membangun Bisnis Baru Melalui Inovasi Strategis dan Pemikiran Visual;650;650;Administrasi Niaga;Administrasi Niaga;85.14;Administrasi Niaga
15716;21 Lessons for The 21st Century;303;303;Umum;Umum;80.14;Umum, Teknik Informatika & Komputer
15717;Leadership Ilmu dan Kepemimpinan;155.25;155;Umum;Umum;100.0;Umum
15719;The Corporate Startup : How estabilished companies can develop successful innovation ecosystems;654.408;654;Administrasi Niaga;Administrasi Niaga;99.5;Administrasi Niaga
15723;The Business of The 21st Century;650;650;Administrasi Niaga;Administrasi Niaga;75.03;Administrasi Niaga
15721;The Last Girl : My Story of Capitivity, and My Fight Against The Islamic State;956.7;956;Umum;Umum;91.49;Umum
15722;Marketing in Challenging Times : Entrepreneurship, Productivity, Creativity;658.8;658;Administrasi Niaga;Administrasi Niaga;89.38;Administrasi Niaga
15724;The Complete Indonesian Cook Book;641.5;641;Umum;Umum;84.09;Umum
15725;International Business : A Managerial Perspective : Eight Edition;650;650;Administrasi Niaga;Administrasi Niaga;100.0;Administrasi Niaga
15727;Linkedin For Business : Third Edition;650;650;Administrasi Niaga;Administrasi Niaga;92.84;Administrasi Niaga
15729;How Business Works : A Graphic Guide to Business Success;658.11;658;Administrasi Niaga;Administrasi Niaga;100.0;Administrasi Niaga
15730;IELTS Graduation : Student's Books;370;370;Umum;Umum;99.26;Umum
15731;The Sun and Her Flowers;899.221 1;899;Umum;Umum;100.0;Umum
17751;manajemen adminstrasi perkantoran modern;651.3;651;Administrasi Niaga;Administrasi Niaga;100.0;Administrasi Niaga
17754;Manajemen risiko 2 : mengidentifikasi risiko likuiditas, reputasi, hukum, kepatuhan dan strategik bank;658.155;658;Administrasi Niaga;Administrasi Niaga;92.79;Administrasi Niaga
17755;Mengelola bank komersial;332.122;332;Akuntansi;Akuntansi;100.0;Akuntansi
17756;Analisis laporan keuangan : teori dan aplikasi;657.3;657;Akuntansi;Akuntansi;96.35;Akuntansi
17757;Kepatuhan dalam bisnis bank;332.1;332;Akuntansi;Akuntansi;100.0;Akuntansi
17758;Supervisi manajemen risiko bank;658.255;658;Administrasi Niaga;Administrasi Niaga;94.1;Administrasi Niaga
17759;Mengenal operasional perbankan 2;332.1;332;Akuntansi;Akuntansi;94.17;Akuntansi
17760;Matematika terapan untuk bisnis dan ekonomi;516.076;516;Matematika;Matematika;85.71;Matematika
17761;Prinsip - prinsip manajemen keuangan : fundamentals of financial management;658.15;658;Administrasi Niaga;Administrasi Niaga;100.0;Administrasi Niaga
17762;Pengantar manajemen : fungsi - proses - pengendalian;658;658;Administrasi Niaga;Administrasi Niaga;100.0;Administrasi Niaga
17763;SAK (Standar Akuntansi Keuangan);657.48;657;Akuntansi;Akuntansi;100.0;Akuntansi
17764;Manajemen ekspor - impor;382.6;382;Administrasi Niaga;Administrasi Niaga;93.34;Administrasi Niaga
17765;Manajemen sumber daya manusia : untuk tenaga operasional;658.311 2;658;Administrasi Niaga;Administrasi Niaga;100.0;Administrasi Niaga
17766;SAK (Standar Akuntansi Keuangan) : Entitas Mikro, Kecil, dan Menengah;657.48;657;Akuntansi;Akuntansi;100.0;Akuntansi
17768;Akuntansi Perbankan Syariah;657;657;Akuntansi;Akuntansi;100.0;Akuntansi
17769;Manajemen Risiko Edisi 2;658.155;658;Administrasi Niaga;Administrasi Niaga;96.74;Administrasi Niaga
17770;English for accounting;420.657;420;Umum;Umum;87.55;Umum
17771;The handbook of Business English : The Book That Gets You Promoted;428.24;428;Umum;Umum;82.13;Umum
17772;Metodologi Penelitian Kualitatif Akuntansi : Pengantar Religiositas Keilmuwan;001.42;1;Teknik Informatika & Komputer;Teknik Informatika & Komputer;98.13;Teknik Informatika & Komputer
17773;Pasar modal;380.1;380;Administrasi Niaga;Administrasi Niaga;96.89;Administrasi Niaga
17774;Business English : Menguasai bahasa inggris bisnis secara cepat;428.2;428;Umum;Umum;100.0;Umum
17775;Bisnis Kredit Perbankan;332.7;332;Akuntansi;Akuntansi;88.36;Akuntansi
17776;Manajemen Kesehatan Bank Berbasis Risiko;658.155;658;Administrasi Niaga;Administrasi Niaga;93.93;Administrasi Niaga
17777;Tata Kelola Manajemen Risiko Perbankan;658.155;658;Administrasi Niaga;Administrasi Niaga;96.98;Administrasi Niaga
17778;Pahami dan Hindari : Buku Memahami dan Menghindai Tindak Pidana Perbankan;346.082;346;Umum;Umum;84.96;Umum, Akuntansi
17779;Strategi Manajemen Risiko Bank;658.155;658;Administrasi Niaga;Administrasi Niaga;100.0;Administrasi Niaga
17780;Meengelola bank komersial;332.122;332;Akuntansi;Akuntansi;98.15;Akuntansi
17781;Manajemen Kesehatan Bank Berbasis Risiko;658.155;658;Administrasi Niaga;Administrasi Niaga;98.42;Administrasi Niaga
17782;Mengelola Kredit Secara Sehat;332.7;332;Akuntansi;Akuntansi;86.48;Akuntansi
17783;Mengenal Operasional Perbankan 2;332.1;332;Akuntansi;Akuntansi;95.82;Akuntansi
17784;Manajemen risiko 2 : mengidentifikasi risiko likuiditas, reputasi, hukum, kepatuhan dan strategik bank;658.155;658;Administrasi Niaga;Administrasi Niaga;100.0;Administrasi Niaga
17785;Tata Kelola Manajemen Risiko Perbankan;658.155;658;Administrasi Niaga;Administrasi Niaga;76.54;Administrasi Niaga, Akuntansi
17786;Strategi sukses bisnis bankÃ‚Â ;332.1;332;Akuntansi;Akuntansi;84.93;Akuntansi, Administrasi Niaga
17787;Mengelola Kualitas Layanan Perbankan;332.17;332;Akuntansi;Akuntansi;100.0;Akuntansi
17788;Memahami Supervisi Audit Intern Bank;332.1;332;Akuntansi;Akuntansi;100.0;Akuntansi
17789;Akuntansi Asuransi Syariah;657.9;657;Akuntansi;Akuntansi;78.21;Akuntansi
17790;Pedoman dan strategi audit intern bank;657.45;657;Akuntansi;Akuntansi;93.69;Akuntansi
17791;Strategi manajemen risiko Bank;658.401;658;Administrasi Niaga;Administrasi Niaga;77.25;Administrasi Niaga
17794;SAK (Standar Akuntansi Keuangan) Per Januari 2019;657.48;657;Akuntansi;Akuntansi;100.0;Akuntansi
17795;Mengenal Operasional Perbankan 1;332.1;332;Akuntansi;Akuntansi;86.94;Akuntansi
17796;Manajemen Dana dan Kesehatan Bank;332.106.8;332;Akuntansi;Akuntansi;100.0;Akuntansi
17797;Pemasaran Jasa Bank;332.17;332;Akuntansi;Akuntansi;77.05;Akuntansi, Administrasi Niaga
17798;Manajemen Aset dan Lialibilitas Bank Syariah;297.273;297;Umum;Umum;70.19;Umum, Akuntansi
17799;Mahir akuntansi pajak terapan berbasis standar akuntansi dan ketentuan pajak terbaru;657.46;657;Akuntansi;Akuntansi;99.63;Akuntansi
17800;Akuntansi pajak;657.76;657;Akuntansi;Akuntansi;96.82;Akuntansi
17801;Manajemen Pembiayaan;658.15;658;Administrasi Niaga;Administrasi Niaga;100.0;Administrasi Niaga
18019;Pemetaan Media Tradisional Komunikatif : Lestarikan Tradisi Kelola Komunikasi;302.2;302;Umum;Umum;87.62;Umum
17806;Energi Terbarukan : Konsep Dasar Menuju Kemandirian Energi;621.042;621;Teknik Mesin;Teknik Mesin;77.75;Teknik Mesin
17807;Color Basic : Panduan Dasar Warna untuk Desainer & Industri Grafika;741.6;741;Teknik Grafika & Penerbitan;Teknik Grafika & Penerbitan;82.02;Teknik Grafika & Penerbitan
17808;Basic Printing : Panduan Dasar Cetak untuk Desainer dan Industri Grafika;741.6;741;Teknik Grafika & Penerbitan;Teknik Grafika & Penerbitan;95.04;Teknik Grafika & Penerbitan
17809;Mengangkat Peristiwa Ke Layar Kaca : Panduan Menjadi Jurnalis Televisi;070.4;70;Teknik Grafika & Penerbitan;Teknik Grafika & Penerbitan;91.21;Teknik Grafika & Penerbitan
17810;Aplikasi Teknik Listrik Dan Elektronika Pada Alat Berat;621.31;621;Teknik Elektro;Teknik Elektro;88.08;Teknik Elektro
17811;4 Pilar Jurnalistik : Pengetahuan Dasar Belajar Jurnalistik;070.4;70;Teknik Grafika & Penerbitan;Teknik Grafika & Penerbitan;91.21;Teknik Grafika & Penerbitan
17812;Packaging Handbook : Where Creative Ideas Become Reality;688.9;688;Teknik Mesin;Teknik Mesin;92.73;Teknik Mesin
17813;Dasar - Dasar Analisis Sintaksis;415;415;Umum;Umum;100.0;Umum
17814;Pengantar Penerjemahan;686;686;Teknik Grafika & Penerbitan;Teknik Grafika & Penerbitan;74.07;Teknik Grafika & Penerbitan, Umum
17815;Tipografi : Tiap Font Memiliki Nyawa dan Arti;745.67;745;Teknik Grafika & Penerbitan;Teknik Grafika & Penerbitan;96.0;Teknik Grafika & Penerbitan
17816;Audit Internal Konsep Dan Praktik (Sesuai International Standars for The Professional Practice of Internal Auditing 2013);657.45;657;Akuntansi;Akuntansi;80.97;Akuntansi
17817;Digital Printing Handbook  : Large Format/ Print Ondemand Digital imaging/ Digital proofing;745.67;745;Teknik Grafika & Penerbitan;Teknik Grafika & Penerbitan;84.56;Teknik Grafika & Penerbitan
17818;Jurnalistik Sedetik;070.4;70;Teknik Grafika & Penerbitan;Teknik Grafika & Penerbitan;98.76;Teknik Grafika & Penerbitan
17819;Sistem Proteksi Pembangkitan Tenaga Listrik;537.1;537;Teknik Elektro;Teknik Elektro;96.1;Teknik Elektro
17820;Konsep dan Aplikasi Pengantar Teknik Sipil;624;624;Teknik Sipil;Teknik Sipil;79.21;Teknik Sipil
17821;Media Massa & Masyarakat Modern;624;624;Teknik Sipil;Teknik Sipil;89.54;Teknik Sipil
17822;The Big Sleep (Tidur Panjang);813;813;Umum;Umum;97.29;Umum
17823;Berita Untuk Mata & Telinga : Pemahaman Prkatisi Jurnalistik Televisi;070.4;70;Teknik Grafika & Penerbitan;Teknik Grafika & Penerbitan;100.0;Teknik Grafika & Penerbitan
17824;Manajemen Alat Berat;658.27;658;Administrasi Niaga;Administrasi Niaga;100.0;Administrasi Niaga
17825;Selena;813;813;Umum;Umum;96.72;Umum
17826;Jurnalisme Penyiaran dan Reportase Televisi;070.4;70;Teknik Grafika & Penerbitan;Teknik Grafika & Penerbitan;92.08;Teknik Grafika & Penerbitan
17827;Jurnalisme Dasar : Panduan Praktis Para Jurnalis;070.4;70;Teknik Grafika & Penerbitan;Teknik Grafika & Penerbitan;92.47;Teknik Grafika & Penerbitan
17828;Etika Penulisan Karya Ilmiah;001.42;1;Teknik Informatika & Komputer;Teknik Informatika & Komputer;81.0;Teknik Informatika & Komputer, Umum
17829;Creativity On Print (Kreativitas Pada Digital Printing, Cetak Offset dan Cetak Kemasan);769.5;769;Teknik Grafika & Penerbitan;Teknik Grafika & Penerbitan;96.12;Teknik Grafika & Penerbitan
17830;Seri Jurnalistik Wartawan Hebat Jurnalisme Kompas;070.4;70;Teknik Grafika & Penerbitan;Teknik Grafika & Penerbitan;100.0;Teknik Grafika & Penerbitan
17831;Pasar Modal Syariah;332.041;332;Akuntansi;Akuntansi;91.94;Akuntansi
17832;Manajemen Produk;658.5;658;Administrasi Niaga;Administrasi Niaga;100.0;Administrasi Niaga
17833;Pengantar Jurnalistik : Seputar Organisasi, Produk dan Kode Etik;070.4;70;Teknik Grafika & Penerbitan;Teknik Grafika & Penerbitan;89.37;Teknik Grafika & Penerbitan
17834;Ilmu Bahan Grafika;771.5;771;Teknik Grafika & Penerbitan;Teknik Grafika & Penerbitan;88.2;Teknik Grafika & Penerbitan
17835;Designer Handbook dalam Produksi Cetak dan Digital Prinitng;745.67;745;Teknik Grafika & Penerbitan;Teknik Grafika & Penerbitan;83.33;Teknik Grafika & Penerbitan
17836;Alat Berat;621.87;621;Teknik Mesin;Teknik Mesin;83.58;Teknik Mesin
17837;Mastrering Packaging for E - Commerce : Strategi dan Teknik Mengemas Produk secara Aman dan Mengesankan;688.9;688;Teknik Mesin;Teknik Mesin;83.25;Teknik Mesin
17838;Metode Riset untuk Desain Komunikasi Visual;380.072;380;Administrasi Niaga;Administrasi Niaga;100.0;Administrasi Niaga
17839;Copywriting : Retorika Iklan dan Storytelng, Teori dan Teknik Naskah Iklan;659.1;659;Administrasi Niaga;Administrasi Niaga;90.0;Administrasi Niaga
17840;Dimensi - Dimensi Pembahasan : Aneka Masalah Bahasa Indonesia Terkini;410;410;Umum;Umum;100.0;Umum
17841;Pragmatik : Fenomena Ketidaksantunan Berbahasa;411.52;411;Umum;Umum;100.0;Umum
17842;Sosiopragmatik;340.072;340;Umum;Umum;96.23;Umum
17843;Panduan Praktis Internal Auditor;352.4;352;Umum;Umum;75.03;Umum
17883;Mudah Menulis Buku : Tips Praktis untuk Pemula;372.623;372;Umum;Umum;100.0;Umum
17884;Digital Signal Processing;621.382;621;Teknik Elektro;Teknik Elektro;86.89;Teknik Elektro
17885;Jurnalistik Indonesia : Menulis Berita dan Feature Panduan Praktis Jurnalis Profesional;070.4;70;Teknik Grafika & Penerbitan;Teknik Grafika & Penerbitan;97.9;Teknik Grafika & Penerbitan
17892;Buku Pintar Penyuntingan Naskah Edisi 3;808;808;Umum;Umum;82.18;Umum
17893;Advances in Intelligent Systems and Computing : Volume 793;670.028;670;Teknik Mesin;Teknik Mesin;82.32;Teknik Mesin, Teknik Informatika & Komputer
17894;3D Printing and Additive Manufacturing Technologies;667.5;667;Teknik Sipil;Teknik Sipil;84.4;Teknik Sipil, Teknik Mesin
17899;Road Vehicle Automation 5;625.7;625;Teknik Sipil;Teknik Sipil;80.17;Teknik Sipil, Teknik Informatika & Komputer
17901;Events Project Management;658.404;658;Administrasi Niaga;Administrasi Niaga;100.0;Administrasi Niaga
17903;Risk Management for Meetings and Events;658.02;658;Administrasi Niaga;Administrasi Niaga;87.98;Administrasi Niaga
17905;Advances in Processes : Select Proceeding of ICEMMM 2018;670.285;670;Teknik Mesin;Teknik Mesin;92.22;Teknik Mesin
17906;Advances in Manufacturing Engineering and Materials : Proceedings of The International Conference on Manufacturing Engineering and Materials (ICMEM 2018), 18-22 June, 2018, Novy Smokovec, Slovakia;670.285;670;Teknik Mesin;Teknik Mesin;93.67;Teknik Mesin
17942;Choices : Elementary Workbook;306.44;306;Umum;Umum;96.48;Umum
17943;Choices : Pre-Intermediate Workbook;306.44;306;Umum;Umum;99.16;Umum
17944;Choices : Upper Intermediate Workbook;306.44;306;Umum;Umum;96.72;Umum
17945;Choices : Intermediate Workbook;306.44;306;Umum;Umum;100.0;Umum
17947;Choices : Intermediate Teacher's Book;306.44;306;Umum;Umum;100.0;Umum
17948;Choices : Intermediate Student's Book;306.44;306;Umum;Umum;100.0;Umum
17949;Choices: Upper Intermediate Students's Book;306.44;306;Umum;Umum;100.0;Umum
17950;Choices: Elementary Students's Book;306.44;306;Umum;Umum;98.51;Umum
17951;Signal Processing and Machine Learning for Biomedical Big Data;621.382;621;Teknik Elektro;Teknik Elektro;73.2;Teknik Elektro
17952;Fundamental of Financial Accounting;657;657;Akuntansi;Akuntansi;99.48;Akuntansi
17953;Audit Internal Berbasis Risiko;657.45;657;Akuntansi;Akuntansi;99.75;Akuntansi
17954;Advanced Accounting Thirteenth Edition;657.046;657;Akuntansi;Akuntansi;99.78;Akuntansi
17955;Graphic Design : A History (3nd edition);741.6;741;Teknik Grafika & Penerbitan;Teknik Grafika & Penerbitan;94.78;Teknik Grafika & Penerbitan
17956;Financial Accounting 3e : IFRS Edition;657;657;Akuntansi;Akuntansi;99.16;Akuntansi
17957;Accounting Principles : IFRS Version;657;657;Akuntansi;Akuntansi;100.0;Akuntansi
17958;Events Studies : Theory, Research and Policy for Planned Events (Fourth Edition);658.005;658;Administrasi Niaga;Administrasi Niaga;89.92;Administrasi Niaga
17959;Special Event Production: The Processs (second edition);394.2;394;Umum;Umum;73.15;Umum, Administrasi Niaga
17960;Akuntansi Syariah di Indonesia;657;657;Akuntansi;Akuntansi;93.54;Akuntansi
17961;Praktik-Praktik Proteksi Sistem Tenaga Listrik;537.1;537;Teknik Elektro;Teknik Elektro;100.0;Teknik Elektro
17962;Desain Komunikasi Visual;006.8;6;Teknik Informatika & Komputer;Teknik Informatika & Komputer;100.0;Teknik Informatika & Komputer
17963;CCNA Wireless 200-335 Official Cert Guide;004.66;4;Teknik Informatika & Komputer;Teknik Informatika & Komputer;100.0;Teknik Informatika & Komputer
17964;CompTIA Network+ N10-007;004.65;4;Teknik Informatika & Komputer;Teknik Informatika & Komputer;96.43;Teknik Informatika & Komputer
17965;Interconnecting Cisco Network Device, Part 2 (ICND2) : Foundation Learning Guide Fourth Edition;005.8;5;Teknik Informatika & Komputer;Teknik Informatika & Komputer;92.68;Teknik Informatika & Komputer
17966;Choices: Pre-Intermediate Students' Book;306.44;306;Umum;Umum;100.0;Umum
17967;Energy and Thermal Management, Air - Condutioning, and Waste Heat Utilization : 2nd ETA Conference, November 22-23, 2018, Berlin, Germany;644.5;644;Umum;Umum;81.82;Umum
17968;Mikrotik Kung Fu : Kitab 1 Edisi 2019;004.6;4;Teknik Informatika & Komputer;Teknik Informatika & Komputer;94.53;Teknik Informatika & Komputer
17969;Mikrotik Kung Fu : Kitab 2 Edisi 2016;004.6;4;Teknik Informatika & Komputer;Teknik Informatika & Komputer;100.0;Teknik Informatika & Komputer
17970;Mikrotik Kung Fu : Kitab 4 Edisi 2016;004.6;4;Teknik Informatika & Komputer;Teknik Informatika & Komputer;96.68;Teknik Informatika & Komputer
17971;Mikrotik Kung Fu : Kitab 3 Edisi 2016;004.6;4;Teknik Informatika & Komputer;Teknik Informatika & Komputer;93.97;Teknik Informatika & Komputer
17972;CCNA Wireless 200-335 Official Cert Guide;004.66;4;Teknik Informatika & Komputer;Teknik Informatika & Komputer;93.37;Teknik Informatika & Komputer
17973;The Complete Book of Silk Screen Printing Production;667.5;667;Teknik Sipil;Teknik Sipil;73.4;Teknik Sipil, Teknik Grafika & Penerbitan
17974;Digital Banking Revolution : Belajar dari Digital CIMB Niaga & Tips Bertahan di Era Fintech;332;332;Akuntansi;Akuntansi;77.09;Akuntansi
17975;Teori Pengkajian Fiksi;813;813;Umum;Umum;99.16;Umum
17976;Data Mining dan Machine Learning Menggunakan Matlab dan Phyton;005.7;5;Teknik Informatika & Komputer;Teknik Informatika & Komputer;97.04;Teknik Informatika & Komputer
17977;Manajemen Risiko Perbankan Syariah (Suatu Pengantar);658.155;658;Administrasi Niaga;Administrasi Niaga;91.53;Administrasi Niaga
17978;Perdagangan Internasional : Kupas Tuntas Prosedur Ekspor Impor;382;382;Administrasi Niaga;Administrasi Niaga;86.9;Administrasi Niaga
17979;Contructing Building Enclosures : Architectural History, Technology and Poetics in the Postwar Era;692.3;692;Teknik Sipil;Teknik Sipil;85.57;Teknik Sipil
17980;Belajar Machine Learning : Teori dan Praktik;005.7;5;Teknik Informatika & Komputer;Teknik Informatika & Komputer;88.64;Teknik Informatika & Komputer
17981;Machine Learning : Tingkat Dasar dan Lanjut;005.7;5;Teknik Informatika & Komputer;Teknik Informatika & Komputer;80.65;Teknik Informatika & Komputer
17982;Audit bank syariah;297.63;297;Umum;Umum;64.48;Umum, Akuntansi
17983;Perdagangan internasional : konsep & aplikasi;382.104;382;Administrasi Niaga;Administrasi Niaga;87.85;Administrasi Niaga
17984;Advances in Intelligent Systems and Computing Volume 975 : Advances in Additive Manufacturing, Modelling Systems and 3D Prototyping;670.285;670;Teknik Mesin;Teknik Mesin;91.93;Teknik Mesin
17985;Asuransi Syariah (Life and General) : Konsep dan Sistem Operasional;368;368;Umum;Umum;99.79;Umum
17986;A Handbook of Food Packaging (Second Edition);688.9;688;Teknik Mesin;Teknik Mesin;60.07;Teknik Mesin, Teknik Sipil
17987;Secondary Research Methods in the Built Environment;001.42;1;Teknik Informatika & Komputer;Teknik Informatika & Komputer;74.45;Teknik Informatika & Komputer, Umum
17988;Artificial Intelligence and Machine Learning in 2D/3D Medical Image Processing;153.9;153;Umum;Umum;68.72;Umum, Teknik Informatika & Komputer
17989;Artificial Intelligence Trends for Data Analytics Using Machine Learning and Deep Learning Approaches;153.9;153;Umum;Umum;80.3;Umum, Teknik Informatika & Komputer
17990;Handbook of Industrial Inkjet Printing : A Full System Approach Volume 2;667.5;667;Teknik Sipil;Teknik Sipil;86.91;Teknik Sipil
17991;Fundamentals of Digital Image Processing : a Practical Approach with Examples in Matlab;006.6;6;Teknik Informatika & Komputer;Teknik Informatika & Komputer;74.66;Teknik Informatika & Komputer, Teknik Elektro
17992;Introducing to Machine Learning with Phton : a Guide For Data Scientist;005.7;5;Teknik Informatika & Komputer;Teknik Informatika & Komputer;92.47;Teknik Informatika & Komputer
17993;The Packaging User's Handkbook;688.9;688;Teknik Mesin;Teknik Mesin;92.67;Teknik Mesin
17994;Alat Ukur dan Teknik Pengukuran;621.37;621;Teknik Elektro;Teknik Elektro;92.99;Teknik Elektro
17995;Cloud Computing : Concept and Technologies;004.6782;4;Teknik Informatika & Komputer;Teknik Informatika & Komputer;87.04;Teknik Informatika & Komputer
17996;Pengantar Akuntansi 2 : Pendekatan PSAK Berbasis IFRS;657;657;Akuntansi;Akuntansi;100.0;Akuntansi
17997;Analysis and Design of Machine Elements;621.82;621;Teknik Mesin;Teknik Mesin;100.0;Teknik Mesin
17998;Manajemen Risiko Pasar Modal (ISO 31000:2018) Edisi 2;658.155;658;Administrasi Niaga;Administrasi Niaga;100.0;Administrasi Niaga
17999;Building Services Design for Energy Efficient Buildings;696;696;Teknik Sipil;Teknik Sipil;83.89;Teknik Sipil
18000;Bahasa Indonesia untuk Perguruan Tinggi : Substansi Kajian dan Penerapannya;499.221;499;Umum;Umum;100.0;Umum
18001;Implementasi Algoritma dalam bahasa Phyton;518.1;518;Matematika;Matematika;86.14;Matematika
18002;Pengantar Bisnis;650;650;Administrasi Niaga;Administrasi Niaga;100.0;Administrasi Niaga
18003;Management Information System;658.4038;658;Administrasi Niaga;Administrasi Niaga;95.23;Administrasi Niaga
18004;Business Communication Today;382.5;382;Administrasi Niaga;Administrasi Niaga;90.5;Administrasi Niaga
18005;Intermediate Accounting : IFRS EDITION;657;657;Akuntansi;Akuntansi;100.0;Akuntansi
18006;Manajemen SDM Hubungan Industrial;658.3;658;Administrasi Niaga;Administrasi Niaga;98.16;Administrasi Niaga
18007;Phyton Natural Language Processing : Explore NLP with machine learning and deep learning techniques;005.13;5;Teknik Informatika & Komputer;Teknik Informatika & Komputer;68.12;Teknik Informatika & Komputer
18008;Handbook of Bioplymers and Biodegrabdable Plastics : Properties, Processing, and Application;730.018;730;Teknik Grafika & Penerbitan;Teknik Grafika & Penerbitan;76.48;Teknik Grafika & Penerbitan
18009;Core Java Volume II - Advanced Features (Eleventh Edition);005.3;5;Teknik Informatika & Komputer;Teknik Informatika & Komputer;100.0;Teknik Informatika & Komputer
18010;Core Java Volume I - Fundamentals (Eleventh Edition);005.3;5;Teknik Informatika & Komputer;Teknik Informatika & Komputer;100.0;Teknik Informatika & Komputer
18011;a Guide Graphic Print Production;686.225 44;686;Teknik Grafika & Penerbitan;Teknik Grafika & Penerbitan;87.68;Teknik Grafika & Penerbitan
18012;Business Communication : Building Critical Skills (ed. 6);658.45;658;Administrasi Niaga;Administrasi Niaga;100.0;Administrasi Niaga
18013;Manajemen Risiko Perbankan Syariah di Era Digital;658.155;658;Administrasi Niaga;Administrasi Niaga;91.4;Administrasi Niaga
18014;Natural Languange Processing in Action : Undestanding, analyzing,  and generating text with Phyton;005.13;5;Teknik Informatika & Komputer;Teknik Informatika & Komputer;82.43;Teknik Informatika & Komputer
18015;Artificial Intelligence : A Modern Approach (Ed.3);153.9;153;Umum;Umum;83.36;Umum
18016;Dasar Elektronika;621.381;621;Teknik Elektro;Teknik Elektro;100.0;Teknik Elektro
18020;Wireless programming untuk Arduino;004.66;4;Teknik Informatika & Komputer;Teknik Informatika & Komputer;100.0;Teknik Informatika & Komputer
18021;Mekanika Fluida, Termodinamika Mesin Turbo;621.406;621;Teknik Mesin;Teknik Mesin;84.38;Teknik Mesin, Teknik Elektro
18022;Mekanika Fluida : Edisi keempat;532;532;Teknik Elektro;Teknik Elektro;90.44;Teknik Elektro
18023;Algoritma dan Pemograman;518.1;518;Matematika;Matematika;77.0;Matematika
18024;Sistem Informasi Akuntansi : Esensi & Aplikasi;657.9;657;Akuntansi;Akuntansi;100.0;Akuntansi
18025;Akuntansi Pajak (Edisi 6);657.46;657;Akuntansi;Akuntansi;100.0;Akuntansi
18026;Pengantar Akuntansi;657;657;Akuntansi;Akuntansi;100.0;Akuntansi
18027;Auditing and Assurance Service (Ed.13);657.45;657;Akuntansi;Akuntansi;94.3;Akuntansi
18028;Advanced Accounting (Ed.9);657.046;657;Akuntansi;Akuntansi;100.0;Akuntansi
18029;Buku Pintar Sastra Indonesia : Puisi, Sajak, Syair, Pantun dan Majas;810;810;Umum;Umum;100.0;Umum
18030;Bahasa! Kumpulan Tulisan di Majalah Tempo;372.634;372;Umum;Umum;98.48;Umum
18031;Ilmu Budaya Dasar;306;306;Umum;Umum;97.12;Umum
18032;Agama dalam Perbincangan Sosiologi;306.6;306;Umum;Umum;100.0;Umum
18033;Pedoman Umum Ejaan Bahasa Indonesia Yang Disempurnakan & Pedoman Umum Pembentukan Istilah;499.221;499;Umum;Umum;98.83;Umum
18034;Construction Technology (Edisi 3);693.62;693;Teknik Sipil;Teknik Sipil;96.41;Teknik Sipil
18035;Komunikasi Efektif : Suatu Pendekatan Lintas Budaya;302.2;302;Umum;Umum;100.0;Umum
18036;Terampil Bahasa Indonesia;499.221;499;Umum;Umum;100.0;Umum
18037;Mualaf : Kisah Penjemput Hidayah;297.31;297;Umum;Umum;100.0;Umum
18038;Jurnalistik Praktis untuk Pemula (Edisi Revisi);070.4;70;Teknik Grafika & Penerbitan;Teknik Grafika & Penerbitan;89.47;Teknik Grafika & Penerbitan
18039;Manajemen Produksi Operasi;658.5;658;Administrasi Niaga;Administrasi Niaga;97.96;Administrasi Niaga
18040;Komunikasi Lintas Budaya;302.2;302;Umum;Umum;96.71;Umum
18042;Cost Accounting : a Managerial Emphasis;657.42;657;Akuntansi;Akuntansi;80.54;Akuntansi, Administrasi Niaga
18043;Manajemen Pemasaran;658.8;658;Administrasi Niaga;Administrasi Niaga;100.0;Administrasi Niaga
18044;Advanced Accounting (Ed.9);657.046;657;Akuntansi;Akuntansi;95.86;Akuntansi
18053;Turbin Air : Teori dan Dasar Perencanaan;621.24;621;Teknik Mesin;Teknik Mesin;100.0;Teknik Mesin
18054;Arduino dan Sensor : Tuntunan Praktis Mempelajari Penggunaan Sensor untuk Aneka Proyek Elektronika Berbasis Arduino;621.381;621;Teknik Elektro;Teknik Elektro;79.71;Teknik Elektro, Teknik Informatika & Komputer
18055;Menggambar Teknik Mesin dengan Standar ISO;604.2;604;Teknik Mesin;Teknik Mesin;95.29;Teknik Mesin
18056;Modul Pembelajaran Algoritma dan Pemograman;518.1;518;Matematika;Matematika;93.99;Matematika
18057;Mesin Listrik;621.3;621;Teknik Elektro;Teknik Elektro;100.0;Teknik Elektro
18058;Branding Destinasi dan Promosi Pariwisata;910.2;910;Umum;Umum;84.2;Umum, Administrasi Niaga
18059;Buku Pemrograman Basis Data di Matlab Dengan MySQL Dan Microsoft Acces;005.743;5;Teknik Informatika & Komputer;Teknik Informatika & Komputer;94.47;Teknik Informatika & Komputer
18060;Structural Equation Modeling : Untuk Penelitian Manajemen Menggunakan AMOS 18.00;658.07;658;Administrasi Niaga;Administrasi Niaga;81.07;Administrasi Niaga, Matematika
18061;Mengenal pemograman PHP7 Database untuk Pemula;005.133;5;Teknik Informatika & Komputer;Teknik Informatika & Komputer;96.38;Teknik Informatika & Komputer
18067;Teknik Air Conditioning (AC) Mobil;629.277;629;Teknik Mesin;Teknik Mesin;100.0;Teknik Mesin
18068;Electroplating : Teknik Pelapisan Logam dengan Cara Listrik;671.732;671;Teknik Mesin;Teknik Mesin;79.57;Teknik Mesin, Teknik Sipil
18063;Membangun Pariwisata dari Bawah : Catatan Penelitian terhadap Desa Pariwisata Penerima PNPM Mandiri Pariwisata;338.479 1;338;Administrasi Niaga;Administrasi Niaga;67.12;Administrasi Niaga, Umum
18064;Mudah membuat dan Berbisnis Aplikasi Android dengan Android Studio;004.167;4;Teknik Informatika & Komputer;Teknik Informatika & Komputer;88.43;Teknik Informatika & Komputer
18065;Step by Step MS SQL Server : Belajar cepat MS SQL Server, Visual Basic.NET, dan Pembuatan Aplikasi;005.74;5;Teknik Informatika & Komputer;Teknik Informatika & Komputer;99.13;Teknik Informatika & Komputer
18066;Teknik Pendingin AC, Freezer, Kulkas;621.57;621;Teknik Mesin;Teknik Mesin;89.74;Teknik Mesin
18069;Fun Coding with Microphyton : Cara Cepat Belajar Microphyton untuk Microcontroller ESP8266;005.369;5;Teknik Informatika & Komputer;Teknik Informatika & Komputer;100.0;Teknik Informatika & Komputer
18070;Jurus Andalan Photoshop : Pedoman untuk Pemula (Photoshop CS6);006.68;6;Teknik Informatika & Komputer;Teknik Informatika & Komputer;96.2;Teknik Informatika & Komputer
18071;Etika Bisnis : Tuntunan dan Relevansinya;174.4;174;Umum;Umum;96.85;Umum
18072;Database Systems All in One : Theory, Practice, and Case Study;005.74;5;Teknik Informatika & Komputer;Teknik Informatika & Komputer;84.66;Teknik Informatika & Komputer
18073;Buku Ajar Teknik Digital 1;621.39;621;Teknik Elektro;Teknik Elektro;89.49;Teknik Elektro
18074;Fundamentals of Corporate Finance;332.1;332;Akuntansi;Akuntansi;75.71;Akuntansi, Administrasi Niaga
18075;Guide to Technical Editing : Discussion Dictionary & Exercises;411;411;Umum;Umum;92.9;Umum
18076;Penerapan Trigonometri pada Teknik Sipil;516.24;516;Matematika;Matematika;79.6;Matematika
18077;Biodiesel, Jejak Panjang Sebuah Perjuangan;665.538 4;665;Teknik Mesin;Teknik Mesin;75.48;Teknik Mesin, Umum
18078;Perpektif Ekonomi Islam Terhadap Monopoli;297.273;297;Umum;Umum;100.0;Umum
18081;GIS Untuk Project Work Sipil;526.0221;526;Sains;Sains;83.98;Sains
18082;Mahir Menulis Teks Deskripsi dan Teks Laporan;808.066;808;Umum;Umum;95.04;Umum
18083;Mudah Menerjemahkan Teks Akademik (Edisi Revisi);418.02;418;Umum;Umum;75.46;Umum, Matematika
18084;Langkah Praktis Menerjemahkan;418.02;418;Umum;Umum;93.0;Umum
18085;English for Tourism;425;425;Umum;Umum;97.39;Umum
18086;Instrumnetasi dan Proses Kontrol;621.381;621;Teknik Elektro;Teknik Elektro;57.58;Teknik Elektro, Teknik Mesin
18087;Perawatan dan Perbaikan Sistem Chasis Kendaraan;629.28;629;Teknik Mesin;Teknik Mesin;79.15;Teknik Mesin
18088;Kalkulus Terapan Edisi Revisi) untuk Mahasiswa Teknik;515;515;Matematika;Matematika;83.82;Matematika
18089;Fundamental Power Train untuk Alat Berat;621;621;Teknik Mesin;Teknik Mesin;92.21;Teknik Mesin
18090;Mekanika Tanah 1;624.15;624;Teknik Sipil;Teknik Sipil;90.34;Teknik Sipil
18091;Konsep dan Aplikasi Mekanika Tanah Jilid 1;624.15;624;Teknik Sipil;Teknik Sipil;88.31;Teknik Sipil
18092;Kimia Terapan : Ikatan Kimia Pada Bahan (Edisi Revisi);540;540;Teknik Sipil;Teknik Sipil;85.27;Teknik Sipil
18093;Matematika Terapan untuk Teknik;510;510;Matematika;Matematika;100.0;Matematika
18094;Manajemen Pemasaran;658.81;658;Administrasi Niaga;Administrasi Niaga;100.0;Administrasi Niaga
18095;Mengenal Ragam Potensi Pariwisata Indonesia;338.479 1;338;Administrasi Niaga;Administrasi Niaga;72.85;Administrasi Niaga, Umum
18096;Desain Komunikasi Visual untuk Produk Multimedia Digital;006.7;6;Teknik Informatika & Komputer;Teknik Informatika & Komputer;89.41;Teknik Informatika & Komputer
18097;Material Bangunan;691;691;Teknik Sipil;Teknik Sipil;99.13;Teknik Sipil
18098;Konstruksi Jembatan : Jenis dan Bagian Struktur Atas;624.284;624;Teknik Sipil;Teknik Sipil;88.38;Teknik Sipil
18099;Keamanan Komputer dan Internet Jilid 1;005.8;5;Teknik Informatika & Komputer;Teknik Informatika & Komputer;99.19;Teknik Informatika & Komputer
18100;Jaringan Komputer Berbasis WAN dengan Mikrotik;004.67;4;Teknik Informatika & Komputer;Teknik Informatika & Komputer;100.0;Teknik Informatika & Komputer
18101;Penyelesaian Sistem Transmisi dengan Pemograman;621.382;621;Teknik Elektro;Teknik Elektro;82.64;Teknik Elektro
18102;Elemen Mesin I;620.11;620;Teknik Mesin;Teknik Mesin;100.0;Teknik Mesin
18104;Registrasi untuk MICE;658;658;Administrasi Niaga;Administrasi Niaga;85.1;Administrasi Niaga
18105;Model Pemetaan Kurikulum Politeknik dengan Konsep Collaborative Knowledge Creation dan Pentahelix;658.403;658;Administrasi Niaga;Administrasi Niaga;85.12;Administrasi Niaga
18106;Pemrograman WEB 1 Edisi 2;005.262;5;Teknik Informatika & Komputer;Teknik Informatika & Komputer;100.0;Teknik Informatika & Komputer
18107;Web Multimedia HTML5 Canvas dan SVG;006.7;6;Teknik Informatika & Komputer;Teknik Informatika & Komputer;94.27;Teknik Informatika & Komputer
18108;Tren Teknologi Kemasan Pangan;664.09;664;Teknik Mesin;Teknik Mesin;84.94;Teknik Mesin
18109;Manajemen Proyek Teknologi Informasi (Dasar- Dasar Mengelola Proyek Teknologi Informasi);658.404;658;Administrasi Niaga;Administrasi Niaga;100.0;Administrasi Niaga
18110;Teknologi Tinta Cetak dan Coating;686.232 5;686;Teknik Grafika & Penerbitan;Teknik Grafika & Penerbitan;77.64;Teknik Grafika & Penerbitan, Teknik Sipil
18111;Pedoman Sukses Pracetak Digital untuk insan pemula grafika, desain grafis dan kemasan;686;686;Teknik Grafika & Penerbitan;Teknik Grafika & Penerbitan;81.65;Teknik Grafika & Penerbitan
18112;Desain Layout;741.6;741;Teknik Grafika & Penerbitan;Teknik Grafika & Penerbitan;86.1;Teknik Grafika & Penerbitan
18113;Pengantar Multimedia Digital;006.7;6;Teknik Informatika & Komputer;Teknik Informatika & Komputer;99.02;Teknik Informatika & Komputer
18115;Adaptive Wireless Communications: MIMO Channels and Networks;621;621;Teknik Mesin;Teknik Mesin;89.81;Teknik Mesin
18116;Advanced Optical Wireless Communication Systems;621;621;Teknik Mesin;Teknik Mesin;81.83;Teknik Mesin, Teknik Informatika & Komputer
18117;An Introduction to Flapping Wing Aerodynamics;622;622;Teknik Mesin;Teknik Mesin;76.4;Teknik Mesin
18118;An Introduction to Polymer Physics;547;547;Teknik Sipil;Umum;0.0;Umum
18119;Analytical Modeling of Heterogeneous Cellular Networks: Geometry, Coverage, and Capacity;621;621;Teknik Mesin;Teknik Mesin;86.31;Teknik Mesin
18121;Body Area Networks: Safety, Security, and Sustainability;610;610;Umum;Umum;62.6;Umum, Teknik Mesin, Teknik Informatika & Komputer
18122;Buoyancy Effects on Natural Ventilation;697;697;Teknik Sipil;Teknik Sipil;53.21;Teknik Sipil, Teknik Mesin
18123;Cavitation and Bubble Dynamics;532;532;Teknik Elektro;Teknik Elektro;53.74;Teknik Elektro, Teknik Mesin
18124;Circuits for Electronic Instrumentation;621;621;Teknik Mesin;Teknik Mesin;80.48;Teknik Mesin
18125;Cognitive Radio Networking and Security: A Game-Theoretic View;621;621;Teknik Mesin;Teknik Mesin;80.53;Teknik Mesin
18127;Compressive Sensing for Wireless Networks;621;621;Teknik Mesin;Teknik Mesin;92.19;Teknik Mesin
18130;Digital Waveform Generation;621;621;Teknik Mesin;Teknik Mesin;84.75;Teknik Mesin
18131;Dynamics and Nonlinear Control of Integrated Process Systems;515;515;Matematika;Matematika;63.81;Matematika, Teknik Mesin
18132;Electromechanics and MEMS;621;621;Teknik Mesin;Teknik Mesin;80.4;Teknik Mesin, Teknik Informatika & Komputer
18133;Engines: An Introduction;621;621;Teknik Mesin;Teknik Mesin;87.63;Teknik Mesin
18135;Fundamentals of Engineering Plasticity;620;620;Teknik Mesin;Teknik Mesin;87.4;Teknik Mesin
18136;Fundamentals of Fluid Power Control;629;629;Teknik Mesin;Teknik Mesin;80.73;Teknik Mesin
18137;Fundamentals of Wireless Communication;621;621;Teknik Mesin;Teknik Mesin;79.31;Teknik Mesin
18138;Gas Turbine Emissions;621;621;Teknik Mesin;Teknik Mesin;86.64;Teknik Mesin
18139;Green Radio Communication Networks;621;621;Teknik Mesin;Teknik Mesin;85.78;Teknik Mesin
18140;Heterogeneous Cellular Networks: Theory, Simulation and Deployment;621;621;Teknik Mesin;Teknik Mesin;94.85;Teknik Mesin
18141;Intermediate Dynamics for Engineers: A Unified Treatment of Newton-Euler and Lagrangian Mechanics;620;620;Teknik Mesin;Teknik Mesin;80.48;Teknik Mesin
18142;Introduction to Computational Fluid Dynamics;532;532;Teknik Elektro;Teknik Mesin;51.82;Teknik Mesin, Teknik Elektro
18144;The Routledge Handbook of Translation and Methodology;420;420;Umum;Umum;74.96;Umum, Teknik Mesin
18145;Introduction to Structural Dynamics and Aeroelasticity;629;629;Teknik Mesin;Teknik Mesin;85.88;Teknik Mesin
18146;Large-Scale Solar Power Systems: Construction and Economics;621;621;Teknik Mesin;Teknik Mesin;68.32;Teknik Mesin
18147;Liquid Surfaces and Interfaces: Synchrotron X-ray Methods;530;530;Teknik Elektro;Umum;0.0;Umum
18148;Materials and the Designer;620;620;Teknik Mesin;Teknik Mesin;86.03;Teknik Mesin
18149;Materials in Mechanical Extremes: Fundamentals and Applications;620;620;Teknik Mesin;Teknik Mesin;100.0;Teknik Mesin
18150;Matrix Methods in the Design Analysis of Mechanisms and Multibody Systems;621;621;Teknik Mesin;Teknik Mesin;77.44;Teknik Mesin
18151;Mechanisms and Games for Dynamic Spectrum Allocation;384.;384;Administrasi Niaga;Administrasi Niaga;100.0;Administrasi Niaga
18153;Modern RF and Microwave Measurement Techniques;621;621;Teknik Mesin;Teknik Mesin;80.76;Teknik Mesin
18154;Modern Small Antennas;621;621;Teknik Mesin;Teknik Mesin;89.36;Teknik Mesin
18155;Modern Views of Electricity;537;537;Teknik Elektro;Teknik Elektro;72.8;Teknik Elektro, Teknik Mesin
18156;Multimodal Signal Processing: Human Interactions in Meetings;621;621;Teknik Mesin;Teknik Mesin;76.43;Teknik Mesin
18157;Network Analysis and Practice;621;621;Teknik Mesin;Teknik Mesin;75.3;Teknik Mesin
18159;Next Generation Wireless LANs: 802.11n and 802.11ac;621;621;Teknik Mesin;Teknik Mesin;98.74;Teknik Mesin
18160;Numerical Methods in Engineering with MATLAB Ã‚Â®;620;620;Teknik Mesin;Teknik Mesin;78.58;Teknik Mesin
18161;OFDMA Mobile Broadband Communications: A Systems Approach;621;621;Teknik Mesin;Teknik Mesin;78.5;Teknik Mesin
18162;Optical Antennas;621;621;Teknik Mesin;Teknik Mesin;83.74;Teknik Mesin
18163;Optimal Estimation of Parameters;519;519;Matematika;Matematika;65.13;Matematika, Teknik Mesin
18164;The Routledge Handbook of Translation and Media;807;807;Umum;Umum;74.81;Umum
18165;Artificial Intelligence Techniques in IoT Sensor Networks;006.3;6;Teknik Informatika & Komputer;Teknik Informatika & Komputer;100.0;Teknik Informatika & Komputer
18166;Power System Protection in Smart Grid Environment;621.39;621;Teknik Elektro;Teknik Elektro;82.37;Teknik Elektro
18167;Grounding Electrical Distribution Systems;621.39;621;Teknik Elektro;Teknik Elektro;76.69;Teknik Elektro
18168;Designing with Photovoltaics;621.39;621;Teknik Elektro;Teknik Elektro;69.76;Teknik Elektro, Teknik Mesin
18169;Energy Storage and Conversion Devices;621.39;621;Teknik Elektro;Teknik Elektro;70.3;Teknik Elektro, Teknik Mesin
18170;Electric Machines;621.39;621;Teknik Elektro;Teknik Elektro;74.53;Teknik Elektro, Teknik Mesin
18171;Partial Differential Equation Analysis in Biomedical Engineering: Case Studies with Matlab;610;610;Umum;Matematika;52.21;Matematika, Umum, Teknik Mesin
18172;Permanent Magnet Materials and their Application;621;621;Teknik Mesin;Teknik Mesin;78.33;Teknik Mesin
18174;Physics of Gas-Liquid Flows;532;532;Teknik Elektro;Teknik Elektro;47.06;Teknik Elektro, Teknik Sipil, Teknik Mesin
18175;Polymer Melt Processing: Foundations in Fluid Mechanics and Heat Transfer;668;668;Teknik Sipil;Teknik Mesin;40.13;Teknik Mesin, Teknik Elektro, Teknik Sipil
18176;Power Electronics and Motor Control;621;621;Teknik Mesin;Teknik Mesin;87.13;Teknik Mesin
18177;Practical Design Verification;621;621;Teknik Mesin;Teknik Mesin;85.21;Teknik Mesin
18178;Principles of Cognitive Radio;621;621;Teknik Mesin;Teknik Mesin;100.0;Teknik Mesin
18179;Principles of Linear Systems;629;629;Teknik Mesin;Teknik Mesin;64.13;Teknik Mesin
18180;Principles of Turbomachinery in Air-Breathing Engines;621;621;Teknik Mesin;Teknik Mesin;83.46;Teknik Mesin
18184;Smart Grid Communications and Networking;621;621;Teknik Mesin;Teknik Mesin;86.73;Teknik Mesin
18185;Smart Structures Theory;620;620;Teknik Mesin;Teknik Mesin;81.32;Teknik Mesin, Teknik Informatika & Komputer
18186;Stochastic Dynamics of Marine Structures;627;627;Teknik Sipil;Teknik Sipil;81.35;Teknik Sipil, Teknik Mesin
18187;Synchronization in Wireless Sensor Networks: Parameter Estimation, Performance Benchmarks, and Protocols;621;621;Teknik Mesin;Teknik Mesin;79.19;Teknik Mesin, Teknik Informatika & Komputer
18188;The Handbook of Personal Area Networking Technologies and Protocols;004.6;4;Teknik Informatika & Komputer;Teknik Informatika & Komputer;96.57;Teknik Informatika & Komputer
18189;The Physics of Deformation and Fracture of Polymers;620;620;Teknik Mesin;Teknik Mesin;65.2;Teknik Mesin
18191;TinyOS Programming;005.1;5;Teknik Informatika & Komputer;Teknik Informatika & Komputer;90.53;Teknik Informatika & Komputer
18192;Transmission Lines: Equivalent Circuits, Electromagnetic Theory, and Photons;621;621;Teknik Mesin;Teknik Mesin;85.02;Teknik Mesin
18193;Ultra-wideband RF System Engineering;621;621;Teknik Mesin;Teknik Mesin;90.14;Teknik Mesin
18194;Variational Methods with Applications in Science and Engineering;515;515;Matematika;Matematika;61.71;Matematika, Teknik Mesin
18196;Wavelet Radio: Adaptive and Reconfigurable Wireless Systems Based on Wavelets;621;621;Teknik Mesin;Teknik Mesin;79.09;Teknik Mesin
18197;WCDMA Design Handbook;621;621;Teknik Mesin;Teknik Mesin;78.78;Teknik Mesin
18198;Metodologi penelitian kualitatif;001.4;1;Teknik Informatika & Komputer;Teknik Informatika & Komputer;95.66;Teknik Informatika & Komputer
18199;Teknik sampling untuk penelitian kesehatan;001.242;1;Teknik Informatika & Komputer;Teknik Informatika & Komputer;74.54;Teknik Informatika & Komputer, Matematika
18200;Buku Ajar : Estimasi Biaya;692.5;692;Teknik Sipil;Teknik Sipil;98.58;Teknik Sipil
18201;Metodologi penellitian untuk ekonomi dan bisnis;001.42;1;Teknik Informatika & Komputer;Teknik Informatika & Komputer;88.83;Teknik Informatika & Komputer
18202;Media/Impact :pengantar Media massa;302.23;302;Umum;Umum;94.68;Umum
18203;Jurnalistik  : teori dan praktek;070.4;70;Teknik Grafika & Penerbitan;Teknik Grafika & Penerbitan;99.2;Teknik Grafika & Penerbitan
18204;Junrnalistik penyiaran dan reportase;070.4;70;Teknik Grafika & Penerbitan;Teknik Grafika & Penerbitan;94.69;Teknik Grafika & Penerbitan
18205;Sistem arsip elektrinik canofile for windows : untuk mahasiswa Politeknik Negeri Jakarta jurusan Adminstrasi Niaga Program studi Adminstrasi bisnis;651.5;651;Administrasi Niaga;Administrasi Niaga;88.19;Administrasi Niaga
18206;guide to the training of supervisors : for labour - based road construction and maintenance;624;624;Teknik Sipil;Teknik Sipil;92.29;Teknik Sipil
18207;Anatomy of Film;771.532.4;771;Teknik Grafika & Penerbitan;Teknik Grafika & Penerbitan;77.31;Teknik Grafika & Penerbitan
18208;Automated Fabrication : Improving Productivity in Manufacturing;670.427;670;Teknik Mesin;Teknik Mesin;83.26;Teknik Mesin, Teknik Informatika & Komputer
18209;Bahasa Indonesia untuk perguruan tinggi;410;410;Umum;Umum;100.0;Umum
18210;Komunikasi Data;005.71;5;Teknik Informatika & Komputer;Teknik Informatika & Komputer;89.22;Teknik Informatika & Komputer
18211;Layout Dasar Dan Penerapannya;686;686;Teknik Grafika & Penerbitan;Teknik Grafika & Penerbitan;92.17;Teknik Grafika & Penerbitan
18212;The Digital Photography book : The step-by-step secrets for how to make your photos like the pros'!;778.3;778;Teknik Grafika & Penerbitan;Teknik Grafika & Penerbitan;94.84;Teknik Grafika & Penerbitan
18214;Olahraga Pencak Silat;796.8;796;Umum;Umum;97.54;Umum
18215;Ikhtisar Sejarah Teater Barat;792.015;792;Umum;Umum;91.68;Umum
18216;Komunikasi Bisnis;658.45;658;Administrasi Niaga;Administrasi Niaga;94.2;Administrasi Niaga
18218;The Theater Experience;792;792;Umum;Umum;77.14;Umum
18219;Digital Wedding Photography : Capturing Beautiful Memories;778.6;778;Teknik Grafika & Penerbitan;Teknik Grafika & Penerbitan;87.94;Teknik Grafika & Penerbitan
18220;9 Days Umratan : Perjalanan Spiritual ke Tanah Nabi;813;813;Umum;Umum;100.0;Umum
18221;Invisible Man;813;813;Umum;Umum;100.0;Umum
18222;Lumbini : Sebuah Novel;813;813;Umum;Umum;100.0;Umum
18223;Site Planing and Design Handbook;690;690;Teknik Sipil;Teknik Sipil;51.5;Teknik Sipil, Teknik Grafika & Penerbitan
18230;Lembaran kerja Praktek Acuan dan Perancang;0000.82 UI;0;Teknik Informatika & Komputer;Teknik Informatika & Komputer;75.71;Teknik Informatika & Komputer, Teknik Grafika & Penerbitan
18225;HVAC Controls and Systems;679;679;Teknik Mesin;Teknik Mesin;83.1;Teknik Mesin, Teknik Sipil
18226;Building Services Handbook;690;690;Teknik Sipil;Teknik Sipil;100.0;Teknik Sipil
18227;Building Maintenance;690.24;690;Teknik Sipil;Teknik Sipil;92.64;Teknik Sipil
18228;Contractor's Guide to Green Building Construction;690;690;Teknik Sipil;Teknik Sipil;89.47;Teknik Sipil
18229;Akuntansi Sektor Publik;657.835;657;Akuntansi;Akuntansi;90.83;Akuntansi
18231;Learning Mastercam X2 Mill 2D Step by Step;670.285;670;Teknik Mesin;Teknik Mesin;84.96;Teknik Mesin, Teknik Informatika & Komputer
18232;The Complete Guide to Professional Wedding Photography;778.9;778;Teknik Grafika & Penerbitan;Teknik Grafika & Penerbitan;94.61;Teknik Grafika & Penerbitan
18233;Concrete Finisher's Guide;694.4;694;Teknik Sipil;Teknik Sipil;100.0;Teknik Sipil
18234;Prestressed Concrete;691.3;691;Teknik Sipil;Teknik Sipil;100.0;Teknik Sipil
18235;Kontruksi Beton I;691.3;691;Teknik Sipil;Teknik Sipil;98.8;Teknik Sipil
18236;Design and Control of Concrete Mixture;666.893;666;Teknik Sipil;Teknik Sipil;100.0;Teknik Sipil
18237;Kontruksi Beton I;691.3;691;Teknik Sipil;Teknik Sipil;100.0;Teknik Sipil
18238;Futsal;796.334;796;Umum;Umum;100.0;Umum
18239;Melatih Tenis Remaja;796.342;796;Umum;Umum;97.91;Umum
18240;Seri Olahraga Atletik;796.42;796;Umum;Umum;100.0;Umum
18241;Sukses Melatih Renang;797.21;797;Umum;Umum;86.93;Umum
18245;Heavy Equipment Systems;683.88;683;Teknik Mesin;Teknik Mesin;95.32;Teknik Mesin
18244;Public Speaking for Mice;808.5;808;Umum;Umum;91.35;Umum
18248;Business Information a Systems Approach;658.40;658;Administrasi Niaga;Administrasi Niaga;93.6;Administrasi Niaga
18249;media/ impact;302.23;302;Umum;Umum;85.94;Umum
18292;Modul Praktikum Praktik Digital;621.381;621;Teknik Elektro;Teknik Elektro;81.69;Teknik Elektro, Teknik Informatika & Komputer
18293;Modul Pengujian Material;686.231;686;Teknik Grafika & Penerbitan;Teknik Grafika & Penerbitan;71.96;Teknik Grafika & Penerbitan, Teknik Mesin
18294;Modul Proyek Desain Branding : Project Based Learning Program Studi Desain Grafis;745.2;745;Teknik Grafika & Penerbitan;Teknik Grafika & Penerbitan;85.73;Teknik Grafika & Penerbitan
18295;Basic Fotografi (Modul Fotografi untuk Sarjana Terapan);686.23;686;Teknik Grafika & Penerbitan;Teknik Grafika & Penerbitan;100.0;Teknik Grafika & Penerbitan
18296;Modul Praktikum Teknik Digital;621.39;621;Teknik Elektro;Teknik Elektro;92.17;Teknik Elektro
18297;Modul Pratikum Pengujian Material (Plastik & Kertas);620.19;620;Teknik Mesin;Teknik Mesin;93.01;Teknik Mesin
18298;Modul Pengetikan Bisnis;652.3;652;Administrasi Niaga;Administrasi Niaga;91.72;Administrasi Niaga
18299;Pratikum Cetak Datar 1 Warna Heidelberg SM 52;686.23;686;Teknik Grafika & Penerbitan;Teknik Grafika & Penerbitan;79.72;Teknik Grafika & Penerbitan
18300;Modul Pratikum Cetak Offset 1l;686.23;686;Teknik Grafika & Penerbitan;Teknik Grafika & Penerbitan;96.44;Teknik Grafika & Penerbitan
18301;Modul Komputer Akuntansi MYOB;005.;5;Teknik Informatika & Komputer;Teknik Informatika & Komputer;88.59;Teknik Informatika & Komputer
18302;Modul Pratikum Algoritma dan Pemograman Komputer;518.1;518;Matematika;Matematika;80.98;Matematika, Teknik Informatika & Komputer
18303;Modul Kesekretariatan 1;651.3;651;Administrasi Niaga;Administrasi Niaga;100.0;Administrasi Niaga
18304;Modul Pratikum Gambar Teknik Kemasan Menggunakan AutoCAD 2018;620.004;620;Teknik Mesin;Teknik Mesin;86.5;Teknik Mesin
18305;Modul Teknik Observasi dan Wawancara;658.311;658;Administrasi Niaga;Administrasi Niaga;82.07;Administrasi Niaga
18306;Bahan Ajar (Modul Praktikum) Mata Kuliah Kewirausahaan;338.04;338;Administrasi Niaga;Administrasi Niaga;94.96;Administrasi Niaga
18307;Modul Perkuliahan Penulisan Berita Online;070.4;70;Teknik Grafika & Penerbitan;Teknik Grafika & Penerbitan;100.0;Teknik Grafika & Penerbitan
18308;Modul Ajar Special Event;394.2;394;Umum;Umum;70.26;Umum, Administrasi Niaga
18309;Modul Pratikum Pasar Modal : Analisis Teknikal;332.041;332;Akuntansi;Akuntansi;96.48;Akuntansi
18310;Modul Praktik Anggaran Perusahaan;658.154;658;Administrasi Niaga;Administrasi Niaga;100.0;Administrasi Niaga
18311;Modul Pratikum Penggunaan Alat Theodolite;526.907 8;526;Sains;Sains;86.94;Sains
18312;Modul Praktik Getting Started With Business English in Banking;428.2;428;Umum;Umum;91.36;Umum
18313;Modul Praktikum Audit Jarak Jauh (Remote Audit);657.458;657;Akuntansi;Akuntansi;84.13;Akuntansi
18314;Modul Praktikum : Manajemen Produk Halal;340.089;340;Umum;Umum;86.44;Umum
18315;Modul Pratikum Aplikasi Komputer Bisnis untuk Perbankan;005.369;5;Teknik Informatika & Komputer;Teknik Informatika & Komputer;93.9;Teknik Informatika & Komputer
18316;Modul Praktikum Turbin Prancis : Pengoperasian Unit Pembangkit Tenaga Listrik Tenaga Air;621.24;621;Teknik Mesin;Teknik Mesin;82.16;Teknik Mesin, Teknik Elektro
18317;Modul Praktikum Turbin Pleton : Pengoperasian Unit Pe,bangkity Tenaga Air;621.24;621;Teknik Mesin;Teknik Mesin;100.0;Teknik Mesin
18318;Modul Praktikum Turbin Kaplan : Pengoperasian Unit Pe,bangkity Tenaga Air;621.24;621;Teknik Mesin;Teknik Mesin;80.15;Teknik Mesin
18319;Modul Algoritma Dan Pemrograman Menggunakan Python;518.1;518;Matematika;Matematika;71.44;Matematika, Teknik Informatika & Komputer
18320;Modul Praktikum Jaringan KOmunikasi Broadband;004.6;4;Teknik Informatika & Komputer;Teknik Informatika & Komputer;79.71;Teknik Informatika & Komputer, Teknik Elektro
18321;Pedoman Proyek Mandiri : Penyelenggaraan Pameran (Semester 6 Program Studi S1 Terapan MICE PNJ 2023);338.04;338;Administrasi Niaga;Administrasi Niaga;98.39;Administrasi Niaga
18322;Pedoman Proyek Mandiri : Penyelenggaraan Konvensi (Semester 6 Program Studi S1 Terapan MICE PNJ 2023);338.04;338;Administrasi Niaga;Administrasi Niaga;89.27;Administrasi Niaga
18323;Modul Praktikum Laboratorium Konversi Energi dan Energi Baru Terbarukan;621.042;621;Teknik Mesin;Teknik Mesin;84.2;Teknik Mesin, Teknik Elektro
18324;Modul Praktikum Pemrograman Game 2D;006.6;6;Teknik Informatika & Komputer;Teknik Informatika & Komputer;89.57;Teknik Informatika & Komputer
18325;Modul Praktikum Penggunaan Alat Waterpass;624;624;Teknik Sipil;Teknik Sipil;89.8;Teknik Sipil
18326;Modul Praktikum Routing And Switching 1;621.382;621;Teknik Elektro;Teknik Elektro;63.9;Teknik Elektro, Teknik Informatika & Komputer
18327;Teknik - teknik Komunikasi Bisnis;658.45;658;Administrasi Niaga;Administrasi Niaga;91.84;Administrasi Niaga
18328;Maintenance & Overhoul Gasoline Engine;629.2;629;Teknik Mesin;Teknik Mesin;97.76;Teknik Mesin
18329;Dasar - Dasar Pendidikan Agama Islam Di Perguruan Tinggi;297.64;297;Umum;Umum;96.52;Umum
18330;Fluida Fluida Statis : Implementasi Ilmu;532;532;Teknik Elektro;Teknik Elektro;95.57;Teknik Elektro
18331;Teknologi Cetak Offset;686.232 5;686;Teknik Grafika & Penerbitan;Teknik Grafika & Penerbitan;84.6;Teknik Grafika & Penerbitan
18332;Fundamental Engine;621.43;621;Teknik Mesin;Teknik Mesin;100.0;Teknik Mesin
18333;Pemahaman Diri Untuk Warga Negara Berkebutuhan Khusus;155.45;155;Umum;Umum;100.0;Umum
18334;Sistem Kendali Tegangan AC;621.57;621;Teknik Mesin;Teknik Mesin;74.8;Teknik Mesin, Teknik Elektro
18335;Pengantar Penerjemahan : Teori, Pendekatan, dan Praktik;418.0;418;Umum;Umum;88.09;Umum
18336;Bahasa Indonesia : Dasar Teknik Penulisan Akademik dillengkapi EYDV;411;411;Umum;Umum;89.35;Umum
18337;Drainase Jalan dan Jembatan;625.7;625;Teknik Sipil;Teknik Sipil;93.97;Teknik Sipil
18338;Modul Pembelajaran Pemrograman Instumentasi Maya Berbasis Labview;006.66;6;Teknik Informatika & Komputer;Teknik Informatika & Komputer;95.62;Teknik Informatika & Komputer
18339;Modul Pratikum Cloud Computing Menggunakan Google Cloud Platform;004.678 2;4;Teknik Informatika & Komputer;Teknik Informatika & Komputer;88.54;Teknik Informatika & Komputer
18340;Analisa Mutu Sistem Tenaga Listrik dengan ETAP;621.31;621;Teknik Elektro;Teknik Elektro;95.55;Teknik Elektro
18341;Bahasa Indonesia Untuk Penulisan Karya Ilmiah Di Politeknik;411;411;Umum;Umum;95.7;Umum
18342;Langkah Praktis Menerjemahkan;418.02;418;Umum;Umum;91.04;Umum
18343;Revit 2022 Untuk Perhitungan Kuantitas Struktur Gedung;624.15;624;Teknik Sipil;Teknik Sipil;95.42;Teknik Sipil
18344;Sisi Terang Material Kemasan Gelas, Logam dan Kayu;688.9;688;Teknik Mesin;Teknik Mesin;92.31;Teknik Mesin
18345;Modul Praktikum Power Train Semester 3;621.042;621;Teknik Mesin;Teknik Mesin;82.71;Teknik Mesin
18346;Rekayasa Perangkat Lunak : Buku 1;005.1;5;Teknik Informatika & Komputer;Teknik Informatika & Komputer;100.0;Teknik Informatika & Komputer
18347;Analisa Struktur Rangka Batang, Putaran Sudut, dan Lendutan;624.17;624;Teknik Sipil;Teknik Sipil;92.26;Teknik Sipil
18348;Mengungkap Proses Produksi Kemasan;688.9;688;Teknik Mesin;Teknik Mesin;87.31;Teknik Mesin
18349;Matematika Dasar Untuk Teknik Sipil;510;510;Matematika;Matematika;87.97;Matematika
18350;Transformator : Pengujian Menggunakan Software Multisim;621.314;621;Teknik Elektro;Teknik Elektro;85.21;Teknik Elektro
18351;Pengantar Marketing Jilid 1;658.8;658;Administrasi Niaga;Administrasi Niaga;100.0;Administrasi Niaga
18352;Modul Praktikum Metalografi;669.95;669;Teknik Sipil;Teknik Sipil;86.33;Teknik Sipil
18353;Info Grafik Data Dalam Visual;006.68;6;Teknik Informatika & Komputer;Teknik Informatika & Komputer;96.7;Teknik Informatika & Komputer
18354;Modul Proyek Desain Branding;745.2;745;Teknik Grafika & Penerbitan;Teknik Grafika & Penerbitan;82.24;Teknik Grafika & Penerbitan
18355;Introduction to Linguistics;410;410;Umum;Umum;98.94;Umum
18356;Modul Praktikum Bengkel Instalasi Listrik Rumah Tinggal Semester 2;621.3;621;Teknik Elektro;Teknik Elektro;92.81;Teknik Elektro
18357;Fisikia Terapan (Getaran dan Gelombang);530;530;Teknik Elektro;Teknik Elektro;90.4;Teknik Elektro
18358;Komunikasi Data & Jaringan Komputer;004.6;4;Teknik Informatika & Komputer;Teknik Informatika & Komputer;100.0;Teknik Informatika & Komputer
18359;Modul Praktikum Bengkel Mekanik dan Listrik Dasar Semester 1;621.381;621;Teknik Elektro;Teknik Elektro;97.08;Teknik Elektro
18360;Modul Ajar Incentive Travel;910;910;Umum;Umum;94.77;Umum
18361;Modul Praktik Kosakata Dwibahasa;401.4;401;Umum;Umum;98.44;Umum
18362;Modul Praktikum Cloud Accounting With Accurate (Simulasi Mini Company);657.028 5;657;Akuntansi;Akuntansi;82.39;Akuntansi, Teknik Informatika & Komputer
18363;Modul Praktik Penyuntingan Terjemahan;808.027;808;Umum;Umum;99.07;Umum
18364;Modul Praktikum Lembaga Keuangan;657;657;Akuntansi;Akuntansi;98.62;Akuntansi
18365;Modul Praktikum Fundamental Engine Semester 1;621.43;621;Teknik Mesin;Teknik Mesin;89.19;Teknik Mesin
18366;Modul Praktikum Intermediate Engine Semester 3;621.43;621;Teknik Mesin;Teknik Mesin;88.99;Teknik Mesin
18367;Petunjuk Praktikum Praktik Konstruksi Beton;624;624;Teknik Sipil;Teknik Sipil;96.84;Teknik Sipil
18368;Petunjuk Praktikum Konstruksi Baja;693.71;693;Teknik Sipil;Teknik Sipil;91.86;Teknik Sipil
18369;Aplikasi Sistem Drainase;627.4;627;Teknik Sipil;Teknik Sipil;100.0;Teknik Sipil
18370;Modul Praktik Kerja Batu;624;624;Teknik Sipil;Teknik Sipil;88.61;Teknik Sipil
18372;Etika Bisnis & Profesi (Sebuah Pencarian);174.4;174;Umum;Umum;92.09;Umum
18373;Modul Praktik Kosakata Dwibahasa (Indonesia-Inggris);401.4;401;Umum;Umum;96.88;Umum
18374;Pembelajaran Mesin dengan Phyton;005.13;5;Teknik Informatika & Komputer;Teknik Informatika & Komputer;79.97;Teknik Informatika & Komputer
18375;Modul Pratikum Bengkel Kontrol Motor Industri;621.3;621;Teknik Elektro;Teknik Elektro;88.89;Teknik Elektro
18376;TURBIN, POMPA dan KOMPRESOR;621.6;621;Teknik Mesin;Teknik Mesin;86.99;Teknik Mesin
18377;Akuntansi Biaya;657.42;657;Akuntansi;Akuntansi;100.0;Akuntansi
18378;Modul Ajar Pengantar Kuliner Untuk Warga Negara Berkebutuhan Khusus;371.9;371;Umum;Umum;99.48;Umum
18379;Modul Pratikum Pengenalan Jaringan 1;004.6;4;Teknik Informatika & Komputer;Teknik Informatika & Komputer;88.45;Teknik Informatika & Komputer
18380;Modul Ajar Praktek Sablon Untuk Warga Negara Berkebutuhan Khusus;371.9;371;Umum;Umum;60.32;Umum, Teknik Informatika & Komputer
18381;Modul Pengujian Bahan Beton Aspal;625.7;625;Teknik Sipil;Teknik Sipil;100.0;Teknik Sipil
18382;Ideologi Pancasila;320.5;320;Umum;Umum;100.0;Umum
18383;Modul Praktikum Metode Statistik untuk TIK;519.5;519;Matematika;Matematika;61.56;Matematika
18384;Modul Pratikum Shell Script Programming;005.3;5;Teknik Informatika & Komputer;Teknik Informatika & Komputer;60.09;Teknik Informatika & Komputer
18385;Technical Core Skill : Modul I (Workshop Tools);621.9;621;Teknik Mesin;Teknik Mesin;63.74;Teknik Mesin
18386;Petunjuk Pratikum Mekanika Fluida;532;532;Teknik Elektro;Teknik Elektro;66.76;Teknik Elektro, Teknik Mesin
18387;Material dan Teknologi Kemasan Plastik;688.9;688;Teknik Mesin;Teknik Mesin;86.39;Teknik Mesin
18388;Manajemen Pemasaran 1;658.8;658;Administrasi Niaga;Administrasi Niaga;100.0;Administrasi Niaga
18391;Dasar - Dasar Desain Grafis : Merancang Karya Desain yang Konseptual;741.6;741;Teknik Grafika & Penerbitan;Teknik Grafika & Penerbitan;85.15;Teknik Grafika & Penerbitan
18389;Bahasa Indonesia untuk Penelitian di Politeknik;411;411;Umum;Umum;94.69;Umum
18390;English for Engineering Students;420.7;420;Umum;Umum;98.7;Umum
18392;Mengungkap Kreatifitas : Metodologi Desain dari Riset ke Visual;741.6;741;Teknik Grafika & Penerbitan;Teknik Grafika & Penerbitan;78.39;Teknik Grafika & Penerbitan, Teknik Informatika & Komputer
18393;Mengenal Karya Jurnalistik : Feature;070.40;70;Teknik Grafika & Penerbitan;Teknik Grafika & Penerbitan;93.67;Teknik Grafika & Penerbitan
18394;Personal Selling & Salesmanship;658.81;658;Administrasi Niaga;Administrasi Niaga;100.0;Administrasi Niaga
18395;Protokol untuk Events;170;170;Umum;Umum;79.04;Umum, Administrasi Niaga
18396;Menakar Peluang Bisnis MICE;338.04;338;Administrasi Niaga;Administrasi Niaga;95.13;Administrasi Niaga
18397;Pengantar Pariwisata;910.2;910;Umum;Umum;92.73;Umum
18399;Penulisan Referensi dalam Bahasa Indonesia : Dilengkapi Teknik Prafrase & Intalasi Software Manajemen Referensi;411;411;Umum;Umum;91.11;Umum
18400;Bahasa Indonesia Akademik dalam Bidang Logistik;411;411;Umum;Umum;95.97;Umum
18401;Teori dan Praktek Pengetikan Surat - Surat Bisnis;652.3;652;Administrasi Niaga;Administrasi Niaga;86.76;Administrasi Niaga
18402;Pendidikan Agama Islam di Politeknik Negeri Jakarta;297.64;297;Umum;Umum;95.0;Umum
18403;Ilustrasi Digital Menggunakan Adobe Illustrator CC;006.6;6;Teknik Informatika & Komputer;Teknik Informatika & Komputer;85.2;Teknik Informatika & Komputer
18404;Sistem Internet of Things untuk Monitoring Tandon Air Hidroponik;004.678;4;Teknik Informatika & Komputer;Teknik Informatika & Komputer;100.0;Teknik Informatika & Komputer
18405;Geometri Bangun Datar dan Bangun Ruang pada Bidang Teknik Sipil;604.243;604;Teknik Mesin;Teknik Mesin;69.33;Teknik Mesin, Teknik Sipil, Matematika
18406;Operasi Pengolahan Citra Digital dengan Phyton;004.11;4;Teknik Informatika & Komputer;Teknik Informatika & Komputer;93.48;Teknik Informatika & Komputer
18407;Implementasi Pengolahan Citra Digital dengan Phyton;004.11;4;Teknik Informatika & Komputer;Teknik Informatika & Komputer;95.15;Teknik Informatika & Komputer
18408;Manajemen Konstruksi 1;691.3;691;Teknik Sipil;Teknik Sipil;87.11;Teknik Sipil
18414;Analisis dan Desain Pembangkit Tenaga Surya Menggunakan Software PVSYST;621.47;621;Teknik Mesin;Teknik Mesin;72.93;Teknik Mesin, Teknik Elektro
18415;Teknik Pencahayaan Pada Gedung Parkir;620.004 2;620;Teknik Mesin;Teknik Mesin;78.23;Teknik Mesin, Teknik Sipil
18411;Teknologi Beton Self Compacting Concrete (SCC) dan Beton Serat;658.404;658;Administrasi Niaga;Teknik Sipil;100.0;Teknik Sipil
18412;Proyek Sistem Mikrokontroler;621.381;621;Teknik Elektro;Teknik Elektro;81.16;Teknik Elektro, Teknik Informatika & Komputer
18413;Perencanaan Drainase Jalan dan Jembatan;625.7;625;Teknik Sipil;Teknik Sipil;98.8;Teknik Sipil
18416;Dasar -Dasar Pengukuran dan Rangkaian Listrik;621.3;621;Teknik Elektro;Teknik Elektro;100.0;Teknik Elektro
18417;Kimia Terapan : Reaksi Kimia Pada Larutan;540;540;Teknik Sipil;Teknik Sipil;95.36;Teknik Sipil
18418;Aplikasi Pengukuran Teknik di Industri;620.004;620;Teknik Mesin;Teknik Mesin;81.88;Teknik Mesin, Teknik Informatika & Komputer
18419;Teknik Pemeliharaan Mobil;629.287 2;629;Teknik Mesin;Teknik Mesin;95.94;Teknik Mesin
18420;Pengenalan Penyelesaian Cetak Pada Produksi Buku Dalam Teknologi Cetak;686.23;686;Teknik Grafika & Penerbitan;Teknik Grafika & Penerbitan;84.53;Teknik Grafika & Penerbitan
18421;Internet of Things : Teori dan Implementasi Pada Smart Trash Bin;004.678;4;Teknik Informatika & Komputer;Teknik Informatika & Komputer;75.64;Teknik Informatika & Komputer, Teknik Mesin
18422;Filsafat Kesatuan Ilmu Pengetahuan : Unity of Sciences Sebagai Format Integrasi Keilmuan UIN Walisongo;121;121;Umum;Umum;63.31;Umum, Teknik Informatika & Komputer
18423;Ergonomi Manufaktur;620.82;620;Teknik Mesin;Teknik Mesin;78.94;Teknik Mesin
18424;Peraturan Sistem Manajemen Keselamatab Kontruksi (SMKK) dan Pengendalian Kecelakaan Kontruksi;654.408;654;Administrasi Niaga;Administrasi Niaga;87.93;Administrasi Niaga
18425;Computational Fluid Dynamics : The Basics With Applications;535.050;535;Teknik Elektro;Teknik Elektro;86.67;Teknik Elektro
18427;Akuntansi Sektor Publik;657.661;657;Akuntansi;Akuntansi;95.9;Akuntansi
18428;Pendidikan Kewarganegaraan Untuk Perguruan Tinggi (Pendidikan Kewarganegaraan Untuk Mahasiswa Perguruan Tinggi;323.6;323;Umum;Umum;90.26;Umum
18429;Pancasila Reborn;620.82;620;Teknik Mesin;Teknik Mesin;73.49;Teknik Mesin, Umum
18430;Jaringan Komputer dan Data Lanjut;004.65;4;Teknik Informatika & Komputer;Teknik Informatika & Komputer;95.88;Teknik Informatika & Komputer
18431;The Art of Packaging : Mengenal Metode, Teknik, dan Strategi Pengemasan Produk Untuk Branding Dengan Hasil Maksimal;688.9;688;Teknik Mesin;Teknik Mesin;88.41;Teknik Mesin
18432;Bahasa Jurnalistik;070.4;70;Teknik Grafika & Penerbitan;Teknik Grafika & Penerbitan;78.89;Teknik Grafika & Penerbitan, Umum
18433;Keuangan Publik dan Sosial Islam;297.273;297;Umum;Umum;100.0;Umum
18434;Praktik Ekonomi Keuangan Syariah oleh Kerajaan Islam di Indonesia;297.273;297;Umum;Umum;92.96;Umum
18435;Ekonomi Moneter Islam : Suatu Pengantar;297.273;297;Umum;Umum;92.19;Umum
18436;Keuangan Sosial Produktif Islam;297.273;297;Umum;Umum;94.92;Umum
18437;Akuntansi Informasi dalam Pengambilan Keputusan;657;657;Akuntansi;Akuntansi;97.39;Akuntansi
18438;Kebijakan Bank Sentral : Teori dan Praktik;657;657;Akuntansi;Akuntansi;96.19;Akuntansi
18439;Pengantar Kebanksentralan : Teori dan Kebijakan;332.11;332;Akuntansi;Akuntansi;100.0;Akuntansi
18440;"Ketahanan Bank : Nilai - Nilai ""Akhlak"" dan Budaya Agile Dalam Speed of Organization";332.1;332;Akuntansi;Akuntansi;99.32;Akuntansi
18441;Ecocide : Melawan Pelanggaran Berat HAM di indonesia;341.48;341;Umum;Umum;98.0;Umum
18442;Apakah Takdir Perempuan Sebagai Manusia Kelas Dua;323.34;323;Umum;Umum;99.91;Umum
18443;Mewujudkan keadilan & Kesetaraan Gender dari Perspektif Gereja;323.34;323;Umum;Umum;100.0;Umum
18444;Perempuan dan Pluralisme;323.34;323;Umum;Umum;100.0;Umum
18445;Perempuan dalam Pusaran Demokrasi : Dari Pintu Otonomi Ke Pemberdayaan;323.34;323;Umum;Umum;100.0;Umum
18446;Manajemen Bela Negara : Pendekatan Modern Menjadi Bangsa Yang Besar;320.54;320;Umum;Umum;93.08;Umum
18447;Rethinking Peran Perempuan dan Keadilan Gender : Sebuah Konstruksi Metodologis Berbasis Sejarah dan Perkembanagn Sosial Budaya;323.34;323;Umum;Umum;100.0;Umum
18448;Bela Negara dan Kontradiksi Wacana Wajib Militer Indonesia;320.54;320;Umum;Umum;100.0;Umum
18449;Perempuan, Masyarakat Patriarki & Kesetaraan Gender;323.34;323;Umum;Umum;99.14;Umum
18450;Hukum, Moral, & Keadilan : Sebuah Kajian Filsafat Hukum;340.1;340;Umum;Umum;100.0;Umum
18451;Paradigma Baru Bela Negara : Implementasi dan Pengembangan di Era Globalisasi;320.54;320;Umum;Umum;100.0;Umum
18452;Perlindungan terhadap Korban Kekerasan Seksual : Advokasi atas Hak Asasi Perempuan;362.83;362;Umum;Umum;100.0;Umum
18453;Sistem Politik Indonesia;320.9598;320;Umum;Umum;99.39;Umum
18454;Politik Hukum Pancasila;320.509;320;Umum;Umum;100.0;Umum
18455;Mengelola Bisnis Pembiayaan Bank Syariah;332.129;332;Akuntansi;Akuntansi;96.6;Akuntansi
18456;Hermeneutika AL-Shawkani : Analisis Aspek Eskatologi dalam Tafsir Fath Al - Qadir;297.13;297;Umum;Umum;100.0;Umum
18457;Politik Ketahanan Nasional Indonesia (Sumbangan Pikiran untuk Panitia Penyiapan Mteri Sidang MPR (Panitia Darjatmo));320.9598;320;Umum;Umum;98.79;Umum
18458;Dinamika Politik di Indonesia : Perjalanan Sejak Orde Lama Hingga Reformasi;320.9598;320;Umum;Umum;100.0;Umum
18459;Konstelasi Politik Indonesia : Pancasila dalam Analisis Fenomenologi Hermeneutika;320.9598;320;Umum;Umum;100.0;Umum
18460;Pemasaran Destinasi Pariwisata;338.479;338;Administrasi Niaga;Administrasi Niaga;88.52;Administrasi Niaga
18462;Demokrasi dan Civil Society;320.9598;320;Umum;Umum;100.0;Umum
18463;Kebudayaan Perubahan Sosial, Teknologi Digital, dan Gaya Hidup : Culture Sosial Change, Digital Technology, and Life Style;306;306;Umum;Umum;100.0;Umum
18464;Dari Satu Abad Kebangkitan Nasional: Bangsa Gagal Mencari Identitas Kebangsaan;320.54;320;Umum;Umum;100.0;Umum
18465;Pendidikan Agama Islam untuk Perguruan Tinggi;297.8;297;Umum;Umum;100.0;Umum
18466;Permasalahan dan Upaya Meminimalisasi Masalah dalam Pembiayaan Mudharabah;297.273;297;Umum;Umum;69.19;Umum
18467;Dasar - Dasar Manajemen;658;658;Administrasi Niaga;Administrasi Niaga;100.0;Administrasi Niaga
18468;Manajemen Risiko Bank Islam;297.273;297;Umum;Umum;68.63;Umum, Administrasi Niaga
18469;Kewirausahaan untuk Mahasiswa dan Umum Edisi Revisi (Dilengkapi Lampiran Kegiatan Pratikum Kewirausahaan);338.04;338;Administrasi Niaga;Administrasi Niaga;92.42;Administrasi Niaga
18470;Panduan Praktis Dasar Analisa Laporan Keuangan;657.3;657;Akuntansi;Akuntansi;85.01;Akuntansi
18471;Analisis Laporan Keuangan : Teori, Aplikasi, & Hasil Penelitian;657.3;657;Akuntansi;Akuntansi;95.69;Akuntansi
18472;Akuntasi Suatu Pengantar (Revisi);657;657;Akuntansi;Akuntansi;100.0;Akuntansi
18474;Pengantar Teknologi Informasi;005.36;5;Teknik Informatika & Komputer;Teknik Informatika & Komputer;100.0;Teknik Informatika & Komputer
18475;Pendidikan Kewarganegaraan untuk Perguruan Tinggi;323.6;323;Umum;Umum;98.92;Umum
18476;Ideologi Pancasila : Roh Progresif Nasionalisme Indonesia;320.5;320;Umum;Umum;96.22;Umum
18477;Pendidikan Kewarganegaraan dan Pancasila Untuk Perguruan Tinggi;323.6;323;Umum;Umum;100.0;Umum
18478;Dari Pasambangan ke Cerbon : Menelusuri Bahasa;809;809;Umum;Umum;100.0;Umum
18479;Webometrics dalam Perspektif Perguruan Tinggi;025.040;25;Teknik Informatika & Komputer;Teknik Informatika & Komputer;79.98;Teknik Informatika & Komputer
18480;Dasar-Dasar Pembelajaran Perusahaan;658.02;658;Administrasi Niaga;Administrasi Niaga;97.93;Administrasi Niaga
18481;Akuntansi : Aktiva = Utang + Modal;657;657;Akuntansi;Akuntansi;100.0;Akuntansi
18482;Komunikasi Elektronika (Jilid 1 dan 2);621.382;621;Teknik Elektro;Teknik Elektro;100.0;Teknik Elektro
18483;Satu Hari Jago Menggambar 2D AutoCAD 2012;005.5;5;Teknik Informatika & Komputer;Teknik Informatika & Komputer;85.63;Teknik Informatika & Komputer
18484;HAM Perempuan : Kritik Teori Hukum Feminis Terhadap KUHP;323.34;323;Umum;Umum;100.0;Umum
18485;Gender dalam Birokrasi Pemerintahan;323.34;323;Umum;Umum;89.14;Umum
18486;CEDAW : Menegakkan Hak Asasi Manusia Perempuan;323.34;323;Umum;Umum;100.0;Umum
18487;Bela Negara : Peluang dan Tantangan di Era Globalisasi;320.54;320;Umum;Umum;100.0;Umum
18488;Disiplin Hukum yang Mewujudkan Kesetaraan dan Keadilan Gender;323.4;323;Umum;Umum;100.0;Umum
18489;Kesetaraan Gender dalam Keluarga Batih : Kajian Gender dalam Ilmu Sosial;323.34;323;Umum;Umum;100.0;Umum
18490;Liberalisasi Islam di Indonesia (Fakta, Gagasan, Kritik, dan Solusinya);297.38;297;Umum;Umum;100.0;Umum
18491;Jurnalistik Online : Panduan mengelola media online (Kiat Blogger, Teknik SEO, Metode Kerja Citizen Journalism);070.4;70;Teknik Grafika & Penerbitan;Teknik Grafika & Penerbitan;85.54;Teknik Grafika & Penerbitan
18492;Peralatan & Keselamatan Dalam Pekerjaan Dasar Otomotif;681.76;681;Teknik Mesin;Teknik Mesin;89.64;Teknik Mesin
18493;Alat Berat & Sistem Undercarriage : Sistem Kerja Alat Berat, Sistem Kerja Undercarriage, Pembongkaran dan Perakitan Undercarriage, Perawatan dan Perbaikan Undercarriage;681.76;681;Teknik Mesin;Teknik Mesin;100.0;Teknik Mesin
18494;Etika Politik;172;172;Umum;Umum;100.0;Umum
18496;Kalkulus;515.1;515;Matematika;Matematika;98.86;Matematika
18498;PASTI BISA!! BELAJAR SENDIRI ADOBE FLASH PRO CS5;006.7;6;Teknik Informatika & Komputer;Teknik Informatika & Komputer;97.85;Teknik Informatika & Komputer
18500;Great Adventures of Sherlock Holmes;820;820;Umum;Umum;97.18;Umum
18501;Multidimensi Ketahanan Nasional;320.9598;320;Umum;Umum;100.0;Umum
18502;Era Baru Manajemen (New Era Of Management);658;658;Administrasi Niaga;Administrasi Niaga;95.46;Administrasi Niaga
18503;Manajemen Pemasaran dan Pemasaran Jasa;658.81;658;Administrasi Niaga;Administrasi Niaga;99.7;Administrasi Niaga
18504;Dasar - Dasar Manajemen Keuangan;658.15;658;Administrasi Niaga;Administrasi Niaga;100.0;Administrasi Niaga
18505;Media, Budaya dan Politik di indonesia (Media, Culture, and Politic in Indonesia);302.23;302;Umum;Umum;95.08;Umum
18506;Toleransi yang Otentik : Menghadirkan Nilai Kemanusiaan dan Keterbukaan dalam Beragama, Berpolitik, dan Peradaban Global;201.5;201;Umum;Umum;100.0;Umum
18507;Pluralisme Agama & Toleransi : Keniscayaan Pluralistas Agama sebagai Fakta Sejarah dan Keracunan Konsep Pluralisme Agama dalam Liberalisme;147;147;Umum;Umum;100.0;Umum
18508;"Islam, Pluralisme & Toleransi Keagamaan : Pandangan Al - Qur'an, Kemanusiaan, Sejarah, dan Peradaban (The Children of Adam : an Islamic Perspective on Pluralism (Washington DC; Center for Muslim-Christian Understanding, Georgetown University, 1996)";147;147;Umum;Umum;99.69;Umum
18509;Pluralisme dalam Bingkai Budaya;147;147;Umum;Umum;100.0;Umum
18510;Pluralisme Agama & Toleransi : Keniscayaan Pluralistas Agama sebagai Fakta Sejarah dan Keracunan Konsep Pluralisme Agama dalam Liberalisme;147;147;Umum;Umum;100.0;Umum
18512;Integrasi Bangsa dalam Bingkai Keindonesiaan;320.540 9598;320;Umum;Umum;99.15;Umum
18513;Pancasila Identitas & Modernitas;320.509;320;Umum;Umum;100.0;Umum
18514;Pelayanan Publik dan Ketahanan Nasional;352.63;352;Umum;Umum;100.0;Umum
18515;Demokrasi Tanpa Nalar : Menjalankan Kekuasaan Minus Akal Sehat;320.9598;320;Umum;Umum;100.0;Umum
18516;Demokrasi di Era Post Truth;320.9598;320;Umum;Umum;100.0;Umum
18517;Ensiklopedi Suku Bangsa;305.895 9803;305;Umum;Umum;99.7;Umum
18518;Budaya Indonesia : Kajian Arkeologi, Seni, dan Sejarah;306.095 98;306;Umum;Umum;91.4;Umum
18519;Media, Budaya dan Politik di indonesia (Media, Culture, and Politic in Indonesia);302.23;302;Umum;Umum;97.45;Umum
18520;Sosiologi Toleransi : Kontestasi, Akomodasi, Harmoni;201.5;201;Umum;Umum;96.29;Umum
18521;Demokrasi dan Moral Politik  (Catatn Kecil Kebangsaan);320.9598;320;Umum;Umum;100.0;Umum
18522;Komunikasi Moderasi : Toleransi dalam Bingkai Syariah;201.5;201;Umum;Umum;100.0;Umum
18523;Negara Hukum dan Demokrasi : Konsep dan Perkembangan Kontemporer;342.598;342;Umum;Umum;100.0;Umum
18524;Hukum & HAM (Hak Asasi Manusia);341.48;341;Umum;Umum;100.0;Umum
18525;Hukum dan Hak Asasi Manusia;341.48;341;Umum;Umum;97.09;Umum
18526;Presiden, Civil Society, dan HAM;351.00313;351;Umum;Umum;100.0;Umum
18527;Mencari Keadilan : Pandangan Kritis terhadap Penegakan Hukum di Indonesia;340;340;Umum;Umum;100.0;Umum
18528;Matinya Media : Perjuangan Menyelamatkan Demokrasi;302.23;302;Umum;Umum;92.52;Umum
18529;Tokoh Tionghoa & Identitas Indonesia : Dari Tjoe Bou San Sampai Yap Thiam Hien;920.71;920;Umum;Umum;100.0;Umum
18530;Kebebasan, Toleransi dan Terorisme : Riset dan Kebijakan Agama di Indonesia;201.5;201;Umum;Umum;96.89;Umum
18533;Media dan Dinamika Demokrasi;321.8;321;Umum;Umum;100.0;Umum
18534;Diplomasi Kebudayaan : Konsep dan Relevansi Bagi Negara Berkembang (Studi Kasus Indonesia);327.2;327;Umum;Umum;98.52;Umum
18536;Mengindonesia Etnisitas dan Identitas Bangsa Indonesia : Tinjauan dari Perspektif Ilmu Pendidikan;323.6;323;Umum;Umum;100.0;Umum
18537;Mengelola Toleransi dan Kebebasan Beragama : 3 Isu Penting;201.5;201;Umum;Umum;100.0;Umum
18538;Toleransi dan Perkauman : Keberagaman dalam Perspektif Agama - Agama dan Etnis - Etnis;201.5;201;Umum;Umum;100.0;Umum
18539;Matinya Demokrasi dan Kuasa Teknologi : Bagaimana Internet Menghancurkan Demokrasi;320.9598;320;Umum;Umum;90.19;Umum
18540;Argumentasi Hukum : Langkah - Langkah Legal Problem Solving dan Penyusunan Legal Opinion;340.76;340;Umum;Umum;96.51;Umum
18541;Demokrasi dan Konstitusi di Indonesia : Studi tentang Interaksi Politik dan Kehidupan Ketatanegaraan;320.9598;320;Umum;Umum;100.0;Umum
18542;Hak Asasi Manusia dalam Perspektif Hukum Nasional;341.48;341;Umum;Umum;100.0;Umum
18543;Teori - Teori Demokrasi;321.8;321;Umum;Umum;98.44;Umum
18544;Sosiologi Hukum;340.115;340;Umum;Umum;100.0;Umum
18545;Indonesia Zamrud Toleransi;201.5;201;Umum;Umum;100.0;Umum
18546;Demokrasi di Tangan Netizen : Tantangan & Prospek Demokrasi Digital;320.9598;320;Umum;Umum;95.36;Umum
18547;Kepatuhan dan Demokrasi;320.9598;320;Umum;Umum;100.0;Umum
18548;Integritas Bangsaku : Dulu, Kini, dan Nanti;155.8;155;Umum;Umum;91.81;Umum
18549;Administrasi Kontrak Konstruksi : Hukum KOntrak Konstruksi;624.068;624;Teknik Sipil;Teknik Sipil;79.74;Teknik Sipil, Umum
18550;Hukum Internasional Hak Asasi Manusia & Hukum Islam;297.272;297;Umum;Umum;100.0;Umum
18551;Hak Asasi Manusia : Bahan Pendidikan Untuk Perguruan Tinggi;341.48;341;Umum;Umum;100.0;Umum
18552;Perkembangan Pemikiran dan Pengaturan Hak Asasi Manusia di Indonesia;341.48;341;Umum;Umum;100.0;Umum
18553;Hak Asasi Manusia dalam Negara Hukum Demokrasi (Human Rights in Democratiche Rechtsstaat);341.48;341;Umum;Umum;100.0;Umum
18554;Hak Asasi Manusia dalam Konstitusi Indonesia : Dari UUD 1945 Sampai dengan Perubahan UUD 1945 Tahun 2002;341.48;341;Umum;Umum;100.0;Umum
18555;Demokrasi dan Etika Sosial;321.8;321;Umum;Umum;100.0;Umum
18556;Nasionalisme dan Ketahanan Budaya di Indonesia : Sebuah Tantangan;320.54;320;Umum;Umum;100.0;Umum
18557;Perilaku Nasionalistik Masa Kini dan Ketahanan Nasional;320.54;320;Umum;Umum;100.0;Umum
18560;Gender dan Inferioritas Perempuan: Praktik Kritik Sastra Feminis;809.13;809;Umum;Umum;96.75;Umum
18561;Kesenjangan Ekonomi: Mewujudkan Keadilan Sosial Di indonesia;340;340;Umum;Umum;86.95;Umum
18563;Dramaturgi Politik Indonesia : Membaca Talkshow Politik Menyingkap Wajah Politisi;320.9598;320;Umum;Umum;100.0;Umum
18564;Simply Selling : Kiat Sukses Menjual;380.1;380;Administrasi Niaga;Administrasi Niaga;74.35;Administrasi Niaga, Umum
18566;Dialektika Hukum Dan Demokrasi : Dalam Genggaman Kekuasaan;321.8;321;Umum;Umum;100.0;Umum
18568;Perihal Keadilan: Keutamaan Dan Dasar Hidup Bersama;340;340;Umum;Umum;95.93;Umum
18569;Hukum Dan Keadilan Masyarkat: Sosiologi Hukum;340.1;340;Umum;Umum;100.0;Umum
18570;Keadilan Bermartabat : Perspektif Teori Hukum;340.1;340;Umum;Umum;99.23;Umum
18571;Desa Swabina Petani Merdeka : Pancasila Sebagai Landas Pacu Merdesa;320.509;320;Umum;Umum;78.46;Umum, Administrasi Niaga
18572;Jeritan Bangsa Rakyat Papua Mencari Keadilan;340;340;Umum;Umum;96.63;Umum
18573;Reformasi Keadilan dan Penegakan Hukum di Indonesia (Dilengkapi Undang - Undang Peradilan Tahun 2009);340;340;Umum;Umum;96.41;Umum
18574;Manejemen Kerukunan Umat Beragam : Solusi Menuju Harmoni;362.7;362;Umum;Umum;96.72;Umum
18575;Hak Anak: Hak Atas Pendidikan, Hak Atas Kesehatan : Hak Atas Standar Hidup Layak;362.7;362;Umum;Umum;97.12;Umum
18576;Filsafat Agama, Budi Pekerti, dan Toleransi (Nilai - Nilai Moderasi Beragama);201.5;201;Umum;Umum;93.12;Umum
18577;Budaya dan Masyarakat;306;306;Umum;Umum;88.66;Umum
18578;Blok Politik Kesejahteraan : Merebut Kembali Demokrasi;321.8;321;Umum;Umum;93.99;Umum
18579;Upgrade : Mengenali Inspirasi, Membangun Motivasi, Mewujudkan Aksi;153.8;153;Umum;Umum;84.72;Umum
18580;Digital Logic and Computer Design;621.381;621;Teknik Elektro;Teknik Elektro;100.0;Teknik Elektro
18581;Matematika Ekonomi;510;510;Matematika;Matematika;84.07;Matematika, Administrasi Niaga
18582;Discovering Computers 2018 : Digital Technology, Data, and Device;004;4;Teknik Informatika & Komputer;Teknik Informatika & Komputer;93.35;Teknik Informatika & Komputer
18583;Digital Systems : Principles and Applications;621.381 5;621;Teknik Elektro;Teknik Elektro;99.96;Teknik Elektro
18584;a Text Book of Machine Design;621.81;621;Teknik Mesin;Teknik Mesin;100.0;Teknik Mesin
18585;McQuail's Mass Comunication Theory;659.3;659;Administrasi Niaga;Administrasi Niaga;68.33;Administrasi Niaga, Umum
18586;Kebijakan Bank Sentral : Teori dan Praktik;332.1;332;Akuntansi;Akuntansi;80.65;Akuntansi
18587;Strategi Pemasaran dan Kepuasan Konsumen;658.8;658;Administrasi Niaga;Administrasi Niaga;88.34;Administrasi Niaga
18592;Seni Mengatur Keuangan : Bebas Finansial di Usia Muda;332.024;332;Akuntansi;Akuntansi;79.54;Akuntansi
18597;Dasar - Dasar Ilmu Politik;320.509;320;Umum;Umum;90.16;Umum
18598;Logika & Argumentasi Hukum;340.76;340;Umum;Umum;99.14;Umum
18599;Sepetak Tanah yang Dimenangkan : Gerakan Petani Cipari Reklaming Hak Atas Tanah Trukah;340;340;Umum;Umum;96.29;Umum
18600;Hidup Bersama Seperti Apa yang Kita Inginkan? : Tumpuan Keadilan RAWSLS;340;340;Umum;Umum;93.21;Umum
18601;Engineering Mechanics: Statics;620.103;620;Teknik Mesin;Teknik Mesin;81.28;Teknik Mesin
18602;Dasar Perencanaan dan pemilihan Elemen Mesin;621.82;621;Teknik Mesin;Teknik Mesin;74.14;Teknik Mesin
18603;Applied Fluid Mechanics;532;532;Teknik Elektro;Teknik Elektro;77.78;Teknik Elektro
18604;Pengenalan Produk dan Jasa Perbankan Syariah : Pendekatan Edukasi Berbasis Sosok dan Segmentasi Konsumen;332.1;332;Akuntansi;Akuntansi;88.43;Akuntansi
18605;Industrial Control Handbook (Volume 2 : Techniques);R 670.427;670;Teknik Mesin;Teknik Mesin;83.33;Teknik Mesin, Teknik Informatika & Komputer
18606;Industrial Control Handbook (Volume 1 : Transducers);R 670.427;670;Teknik Mesin;Teknik Mesin;93.33;Teknik Mesin
18607;Industrial Control Handbook (Volume 3 : Theory);R 670.427;670;Teknik Mesin;Teknik Mesin;82.27;Teknik Mesin, Teknik Informatika & Komputer
18608;Harus Bisa ! : Seni Memimpin ala SBY;923.1;923;Umum;Umum;88.52;Umum
18609;Contrastive Analysis in Language : Identifying Linguistic Units of Comparison;415;415;Umum;Umum;93.21;Umum
18610;Innovation and Economic Development : The Impact of Information and Communication Technologies in Latin America;338.064;338;Administrasi Niaga;Administrasi Niaga;99.31;Administrasi Niaga
18611;Modul Pembelajaran Algoritma dan Pemograman;518.1;518;Matematika;Matematika;97.35;Matematika
18612;Ekonomi Manajerial : Ekonomi Mikro Terapan untuk Manajemen Bisnis;339;339;Administrasi Niaga;Administrasi Niaga;100.0;Administrasi Niaga
18615;Jago Bikin Komik;741.5;741;Teknik Grafika & Penerbitan;Teknik Grafika & Penerbitan;83.19;Teknik Grafika & Penerbitan
18616;Ma'rifat : Dalam Narasi Himpunan Pantun Seirama Nada;810;810;Umum;Umum;96.24;Umum
18618;Nestapa Tsunami Aceh : Saksi Fakta Kapal di Atas Rumah;904;904;Umum;Umum;92.54;Umum
18620;Hikmah : Mengungkap Kata Merangkai Makna;297;297;Umum;Umum;97.99;Umum
18621;The Guide Book of Startup;650.1;650;Administrasi Niaga;Administrasi Niaga;74.44;Administrasi Niaga
18622;Amor Fati : Cintai Takdirmu;152.4;152;Umum;Umum;95.48;Umum
18623;From Diary to be Story : Mengubah Buku Harian Jadi Cerita Fiksi;808.2;808;Umum;Umum;89.06;Umum
18624;Dream Catcher;150;150;Umum;Umum;92.69;Umum
18625;Fatimah Chen Chen;813;813;Umum;Umum;100.0;Umum
18626;The Celestine Prophecy : Manuskrip Celestine;813;813;Umum;Umum;91.65;Umum
18627;Membongkar Strategi dan Kunci Sukses Bisnis Richard Branson : Lebih dari 70 Trik Menjadi Kaya dengan Cepat;650.1;650;Administrasi Niaga;Administrasi Niaga;72.68;Administrasi Niaga, Umum
18628;Travelers' Tale : Belok Kanan : Barcelona!;813;813;Umum;Umum;97.27;Umum
18629;Emotional Healing Therapy;158.1;158;Umum;Umum;93.57;Umum
18630;Rumah Bambu : Kumpulan Cerpen Pertama dan Terakhir;813;813;Umum;Umum;96.37;Umum
18631;Telaga Fatamorgana : Himpunan Cerita Pendek;813;813;Umum;Umum;96.34;Umum
18632;Permasalahan dan Upaya Meminimalisasi Masalah dalam Pembiayaan Mudharabah;297.273;297;Umum;Umum;76.09;Umum, Akuntansi
18633;Life Traveller : Suatu Ketika di Sebuah Perjalanan;813;813;Umum;Umum;95.78;Umum
18634;Muslim Zaman Now : Muraja'ah At-Taisir 30 hari Hafal Al-Quran;297.122;297;Umum;Umum;87.27;Umum
18636;Accounting Theory;657;657;Akuntansi;Akuntansi;91.28;Akuntansi
13731;PANDUAN APLIKASI DAN SOLUSI (PAS): MEMBUAT ANIMASI DAN VIDEO EFFECT DENGAN ADOBE PHOTOSHOP DAN ADOBE AFTER EFFECT CS6;006.66;6;Teknik Informatika & Komputer;Teknik Informatika & Komputer;100.0;Teknik Informatika & Komputer
17792;Analisis Laporan Keuangan : Konsep dan Aplikasi;657.3;657;Akuntansi;Akuntansi;92.73;Akuntansi
17793;Akuntansi dan Manajemen Zakat;297.54;297;Umum;Umum;74.33;Umum, Akuntansi
18461;Politik Muka Ganda : Peran Parpol Menegakkan Peradan Politik;320.9598;320;Umum;Umum;100.0;Umum
18473;Akuntansi Dasar 1 dan 2;657;657;Akuntansi;Akuntansi;100.0;Akuntansi
18531;Demokrasi Kita : Pikiran - Pikiran tentang Demokrasi dan Kedaulatan Rakyat;320.9598;320;Umum;Umum;100.0;Umum
18532;Demokrasi & Budaya Birokrasi;320.9598;320;Umum;Umum;100.0;Umum
18535;Sistem Demokrasi Pancasila (Edisi Kedua);320.5;320;Umum;Umum;97.29;Umum
18562;Hukum dan Politik Di Indonesia: kesinambungan dan Perubahan;340.1;340;Umum;Umum;98.95;Umum
18565;Konsolidasi : Demokrasi Dan Kepemimpinan;321.8;321;Umum;Umum;100.0;Umum
18567;Jalan Menuju Keadilan: Sebuah Telaah Etika Politik Mazhab Frankfurnt Generasi II;340.1;340;Umum;Umum;91.0;Umum
18588;The Interpretation Financial Statement : Memandu Anda dalam Memahami Laporan Keuangan;657.3;657;Akuntansi;Akuntansi;84.86;Akuntansi
18589;Taklukan TOEFL dengan Mudah;425;425;Umum;Umum;83.6;Umum
18590;Ide Bisnis Bagi Pelajar dan Mahasiswa;650.1;650;Administrasi Niaga;Administrasi Niaga;85.83;Administrasi Niaga
18591;Parabel Cervantes dan Don Quixote;813;813;Umum;Umum;94.71;Umum
18593;Mengenal Mata Uang : Sejarah, Nilai dan Fungsi dalam Ekonomi Global;332.4;332;Akuntansi;Akuntansi;65.97;Akuntansi
18594;Sri Mulyani Indrawati The Autorized Biography : No Limits Reformasi dengan Hati;920;920;Umum;Umum;84.12;Umum
18595;Jejak Diplomasi Retno Marsudi : Tegas dalam Prinsip, Lentur dalam Cara (Kilas Balik Diplomasi Indonesia 2014-2024);920;920;Umum;Umum;95.51;Umum
18596;Saya Bukan Siapa - Siapa : Rekam Jejak Retno Marsudi;920;920;Umum;Umum;89.93;Umum
18613;Gapapa Kok, Gak Semua Harus Terwujud Hari Ini (Saatnya damai sama diri sendiri);152.4;152;Umum;Umum;95.85;Umum
18614;Aku Kenapa Sih (Lebih Dalam Mengenal Emosi dan Diri Sendiri);152.4;152;Umum;Umum;97.86;Umum
18617;Time Habit : Kebiasaan Efektif Mengelola Waktu;153.8;153;Umum;Umum;79.99;Umum
18619;Bukan Jodohnya Yang Tak Kunjung Datang, Tapi Niatnya Yang Perlu Ditata Ulang;297.431;297;Umum;Umum;100.0;Umum
